nohup: ignoring input
============================================================
AssessOS LoRA Fine-tuning (Granite 4.0-H-Micro)
============================================================
Auto-detected 95.0GB VRAM, using a100 profile
  Batch size: 32
  Gradient accumulation: 1
  Effective batch: 32
  Max seq length: 1280
  Epochs: 3
  Learning rate: 0.0002
  4-bit quantization: False
  Packing: True
00:22:42 INFO: 
============================================================
00:22:42 INFO: Training LoRA adapter: classification
00:22:42 INFO: ============================================================
00:22:42 INFO: Loaded 24369 training examples for task 'classification'
00:22:42 INFO: Train: 21932, Eval: 2437
Loading model: ibm-granite/granite-4.0-h-micro
00:22:42 INFO: HTTP Request: HEAD https://huggingface.co/ibm-granite/granite-4.0-h-micro/resolve/main/config.json "HTTP/1.1 307 Temporary Redirect"
00:22:42 INFO: HTTP Request: HEAD https://huggingface.co/api/resolve-cache/models/ibm-granite/granite-4.0-h-micro/d5f01a3ea75f088947be3aae039f4ad52837dfde/config.json "HTTP/1.1 200 OK"
00:22:42 INFO: HTTP Request: GET https://huggingface.co/api/resolve-cache/models/ibm-granite/granite-4.0-h-micro/d5f01a3ea75f088947be3aae039f4ad52837dfde/config.json "HTTP/1.1 200 OK"
00:22:43 INFO: HTTP Request: HEAD https://huggingface.co/ibm-granite/granite-4.0-h-micro/resolve/main/adapter_config.json "HTTP/1.1 404 Not Found"
`torch_dtype` is deprecated! Use `dtype` instead!
00:22:43 INFO: HTTP Request: HEAD https://huggingface.co/ibm-granite/granite-4.0-h-micro/resolve/main/config.json "HTTP/1.1 307 Temporary Redirect"
00:22:43 INFO: HTTP Request: HEAD https://huggingface.co/api/resolve-cache/models/ibm-granite/granite-4.0-h-micro/d5f01a3ea75f088947be3aae039f4ad52837dfde/config.json "HTTP/1.1 200 OK"
00:22:43 INFO: HTTP Request: HEAD https://huggingface.co/ibm-granite/granite-4.0-h-micro/resolve/main/model.safetensors "HTTP/1.1 404 Not Found"
00:22:43 INFO: HTTP Request: HEAD https://huggingface.co/ibm-granite/granite-4.0-h-micro/resolve/main/model.safetensors.index.json "HTTP/1.1 307 Temporary Redirect"
00:22:43 INFO: HTTP Request: HEAD https://huggingface.co/api/resolve-cache/models/ibm-granite/granite-4.0-h-micro/d5f01a3ea75f088947be3aae039f4ad52837dfde/model.safetensors.index.json "HTTP/1.1 200 OK"
00:22:43 INFO: HTTP Request: GET https://huggingface.co/api/resolve-cache/models/ibm-granite/granite-4.0-h-micro/d5f01a3ea75f088947be3aae039f4ad52837dfde/model.safetensors.index.json "HTTP/1.1 200 OK"
00:22:43 INFO: HTTP Request: GET https://huggingface.co/api/models/ibm-granite/granite-4.0-h-micro/revision/main "HTTP/1.1 200 OK"

Fetching 2 files:   0%|                                                                                                                         | 0/2 [00:00<?, ?it/s]00:22:43 INFO: HTTP Request: HEAD https://huggingface.co/ibm-granite/granite-4.0-h-micro/resolve/d5f01a3ea75f088947be3aae039f4ad52837dfde/model-00001-of-00002.safetensors "HTTP/1.1 302 Found"
00:22:43 INFO: HTTP Request: GET https://huggingface.co/api/models/ibm-granite/granite-4.0-h-micro/xet-read-token/d5f01a3ea75f088947be3aae039f4ad52837dfde "HTTP/1.1 200 OK"
00:22:43 INFO: HTTP Request: HEAD https://huggingface.co/ibm-granite/granite-4.0-h-micro/resolve/d5f01a3ea75f088947be3aae039f4ad52837dfde/model-00002-of-00002.safetensors "HTTP/1.1 302 Found"

Fetching 2 files:  50%|████████████████████████████████████████████████████████▌                                                        | 1/2 [00:07<00:07,  7.10s/it]
Fetching 2 files: 100%|█████████████████████████████████████████████████████████████████████████████████████████████████████████████████| 2/2 [00:07<00:00,  3.55s/it]
The fast path for GraniteMoeHybrid will be used when running the model on a GPU

Loading weights:   0%|                                                                                                                        | 0/466 [00:00<?, ?it/s]
Loading weights:   0%|▏                                                             | 1/466 [00:00<00:00, 15887.52it/s, Materializing param=model.embed_tokens.weight]
Loading weights:   0%|▏                                                              | 1/466 [00:00<00:00, 7989.15it/s, Materializing param=model.embed_tokens.weight]
Loading weights:   0%|▏                                                    | 2/466 [00:00<00:07, 58.71it/s, Materializing param=model.layers.0.input_layernorm.weight]
Loading weights:   0%|▏                                                    | 2/466 [00:00<00:07, 58.53it/s, Materializing param=model.layers.0.input_layernorm.weight]
Loading weights:   1%|▍                                                               | 3/466 [00:00<00:05, 86.39it/s, Materializing param=model.layers.0.mamba.A_log]
Loading weights:   1%|▍                                                               | 3/466 [00:00<00:05, 86.29it/s, Materializing param=model.layers.0.mamba.A_log]
Loading weights:   1%|▌                                                                  | 4/466 [00:00<00:04, 114.85it/s, Materializing param=model.layers.0.mamba.D]
Loading weights:   1%|▌                                                                  | 4/466 [00:00<00:04, 114.74it/s, Materializing param=model.layers.0.mamba.D]
Loading weights:   1%|▌                                                        | 5/466 [00:00<00:03, 143.19it/s, Materializing param=model.layers.0.mamba.conv1d.bias]
Loading weights:   1%|▌                                                        | 5/466 [00:00<00:03, 143.05it/s, Materializing param=model.layers.0.mamba.conv1d.bias]
Loading weights:   1%|▋                                                      | 6/466 [00:00<00:02, 170.91it/s, Materializing param=model.layers.0.mamba.conv1d.weight]
Loading weights:   1%|▋                                                      | 6/466 [00:00<00:02, 170.74it/s, Materializing param=model.layers.0.mamba.conv1d.weight]
Loading weights:   2%|▉                                                            | 7/466 [00:00<00:02, 198.90it/s, Materializing param=model.layers.0.mamba.dt_bias]
Loading weights:   2%|▉                                                            | 7/466 [00:00<00:02, 198.71it/s, Materializing param=model.layers.0.mamba.dt_bias]
Loading weights:   2%|▉                                                     | 8/466 [00:00<00:02, 225.95it/s, Materializing param=model.layers.0.mamba.in_proj.weight]
Loading weights:   2%|▉                                                     | 8/466 [00:00<00:02, 225.73it/s, Materializing param=model.layers.0.mamba.in_proj.weight]
Loading weights:   2%|█                                                        | 9/466 [00:00<00:01, 230.84it/s, Materializing param=model.layers.0.mamba.norm.weight]
Loading weights:   2%|█                                                        | 9/466 [00:00<00:01, 230.62it/s, Materializing param=model.layers.0.mamba.norm.weight]
Loading weights:   2%|█                                                   | 10/466 [00:00<00:01, 255.89it/s, Materializing param=model.layers.0.mamba.out_proj.weight]
Loading weights:   2%|█                                                   | 10/466 [00:00<00:01, 255.68it/s, Materializing param=model.layers.0.mamba.out_proj.weight]
Loading weights:   2%|▉                                         | 11/466 [00:00<00:01, 268.21it/s, Materializing param=model.layers.0.post_attention_layernorm.weight]
Loading weights:   2%|▉                                         | 11/466 [00:00<00:01, 267.97it/s, Materializing param=model.layers.0.post_attention_layernorm.weight]
Loading weights:   3%|█                                          | 12/466 [00:00<00:01, 291.93it/s, Materializing param=model.layers.0.shared_mlp.input_linear.weight]
Loading weights:   3%|█                                          | 12/466 [00:00<00:01, 291.58it/s, Materializing param=model.layers.0.shared_mlp.input_linear.weight]
Loading weights:   3%|█▏                                        | 13/466 [00:00<00:01, 287.03it/s, Materializing param=model.layers.0.shared_mlp.output_linear.weight]
Loading weights:   3%|█▏                                        | 13/466 [00:00<00:01, 286.68it/s, Materializing param=model.layers.0.shared_mlp.output_linear.weight]
Loading weights:   3%|█▌                                                 | 14/466 [00:00<00:01, 289.70it/s, Materializing param=model.layers.1.input_layernorm.weight]
Loading weights:   3%|█▌                                                 | 14/466 [00:00<00:01, 289.37it/s, Materializing param=model.layers.1.input_layernorm.weight]
Loading weights:   3%|█▉                                                            | 15/466 [00:00<00:01, 307.36it/s, Materializing param=model.layers.1.mamba.A_log]
Loading weights:   3%|█▉                                                            | 15/466 [00:00<00:01, 307.01it/s, Materializing param=model.layers.1.mamba.A_log]
Loading weights:   3%|██▎                                                               | 16/466 [00:00<00:01, 327.06it/s, Materializing param=model.layers.1.mamba.D]
Loading weights:   3%|██▎                                                               | 16/466 [00:00<00:01, 326.82it/s, Materializing param=model.layers.1.mamba.D]
Loading weights:   4%|██                                                      | 17/466 [00:00<00:01, 346.87it/s, Materializing param=model.layers.1.mamba.conv1d.bias]
Loading weights:   4%|██                                                      | 17/466 [00:00<00:01, 346.64it/s, Materializing param=model.layers.1.mamba.conv1d.bias]
Loading weights:   4%|██                                                    | 18/466 [00:00<00:01, 366.63it/s, Materializing param=model.layers.1.mamba.conv1d.weight]
Loading weights:   4%|██                                                    | 18/466 [00:00<00:01, 366.40it/s, Materializing param=model.layers.1.mamba.conv1d.weight]
Loading weights:   4%|██▍                                                         | 19/466 [00:00<00:01, 386.36it/s, Materializing param=model.layers.1.mamba.dt_bias]
Loading weights:   4%|██▍                                                         | 19/466 [00:00<00:01, 386.11it/s, Materializing param=model.layers.1.mamba.dt_bias]
Loading weights:   4%|██▎                                                  | 20/466 [00:00<00:01, 392.11it/s, Materializing param=model.layers.1.mamba.in_proj.weight]
Loading weights:   4%|██▎                                                  | 20/466 [00:00<00:01, 391.81it/s, Materializing param=model.layers.1.mamba.in_proj.weight]
Loading weights:   5%|██▌                                                     | 21/466 [00:00<00:01, 380.45it/s, Materializing param=model.layers.1.mamba.norm.weight]
Loading weights:   5%|██▌                                                     | 21/466 [00:00<00:01, 380.07it/s, Materializing param=model.layers.1.mamba.norm.weight]
Loading weights:   5%|██▍                                                 | 22/466 [00:00<00:01, 397.71it/s, Materializing param=model.layers.1.mamba.out_proj.weight]
Loading weights:   5%|██▍                                                 | 22/466 [00:00<00:01, 397.46it/s, Materializing param=model.layers.1.mamba.out_proj.weight]
Loading weights:   5%|██                                        | 23/466 [00:00<00:01, 415.10it/s, Materializing param=model.layers.1.post_attention_layernorm.weight]
Loading weights:   5%|██                                        | 23/466 [00:00<00:01, 414.85it/s, Materializing param=model.layers.1.post_attention_layernorm.weight]
Loading weights:   5%|██▏                                        | 24/466 [00:00<00:01, 400.15it/s, Materializing param=model.layers.1.shared_mlp.input_linear.weight]
Loading weights:   5%|██▏                                        | 24/466 [00:00<00:01, 399.77it/s, Materializing param=model.layers.1.shared_mlp.input_linear.weight]
Loading weights:   5%|██▎                                       | 25/466 [00:00<00:01, 416.00it/s, Materializing param=model.layers.1.shared_mlp.output_linear.weight]
Loading weights:   5%|██▎                                       | 25/466 [00:00<00:01, 415.77it/s, Materializing param=model.layers.1.shared_mlp.output_linear.weight]
Loading weights:   6%|██▊                                                | 26/466 [00:00<00:01, 402.77it/s, Materializing param=model.layers.2.input_layernorm.weight]
Loading weights:   6%|██▊                                                | 26/466 [00:00<00:01, 402.42it/s, Materializing param=model.layers.2.input_layernorm.weight]
Loading weights:   6%|███▌                                                          | 27/466 [00:00<00:01, 417.46it/s, Materializing param=model.layers.2.mamba.A_log]
Loading weights:   6%|███▌                                                          | 27/466 [00:00<00:01, 417.23it/s, Materializing param=model.layers.2.mamba.A_log]
Loading weights:   6%|███▉                                                              | 28/466 [00:00<00:01, 430.44it/s, Materializing param=model.layers.2.mamba.D]
Loading weights:   6%|███▉                                                              | 28/466 [00:00<00:01, 430.21it/s, Materializing param=model.layers.2.mamba.D]
Loading weights:   6%|███▍                                                    | 29/466 [00:00<00:00, 445.22it/s, Materializing param=model.layers.2.mamba.conv1d.bias]
Loading weights:   6%|███▍                                                    | 29/466 [00:00<00:00, 445.00it/s, Materializing param=model.layers.2.mamba.conv1d.bias]
Loading weights:   6%|███▍                                                  | 30/466 [00:00<00:00, 458.31it/s, Materializing param=model.layers.2.mamba.conv1d.weight]
Loading weights:   6%|███▍                                                  | 30/466 [00:00<00:00, 458.07it/s, Materializing param=model.layers.2.mamba.conv1d.weight]
Loading weights:   7%|███▉                                                        | 31/466 [00:00<00:00, 472.97it/s, Materializing param=model.layers.2.mamba.dt_bias]
Loading weights:   7%|███▉                                                        | 31/466 [00:00<00:00, 472.74it/s, Materializing param=model.layers.2.mamba.dt_bias]
Loading weights:   7%|███▋                                                 | 32/466 [00:00<00:00, 487.62it/s, Materializing param=model.layers.2.mamba.in_proj.weight]
Loading weights:   7%|███▋                                                 | 32/466 [00:00<00:00, 487.39it/s, Materializing param=model.layers.2.mamba.in_proj.weight]
Loading weights:   7%|███▉                                                    | 33/466 [00:00<00:00, 475.04it/s, Materializing param=model.layers.2.mamba.norm.weight]
Loading weights:   7%|███▉                                                    | 33/466 [00:00<00:00, 474.81it/s, Materializing param=model.layers.2.mamba.norm.weight]
Loading weights:   7%|███▊                                                | 34/466 [00:00<00:00, 488.83it/s, Materializing param=model.layers.2.mamba.out_proj.weight]
Loading weights:   7%|███▊                                                | 34/466 [00:00<00:00, 488.61it/s, Materializing param=model.layers.2.mamba.out_proj.weight]
Loading weights:   8%|███▏                                      | 35/466 [00:00<00:00, 502.62it/s, Materializing param=model.layers.2.post_attention_layernorm.weight]
Loading weights:   8%|███▏                                      | 35/466 [00:00<00:00, 502.39it/s, Materializing param=model.layers.2.post_attention_layernorm.weight]
Loading weights:   8%|███▎                                       | 36/466 [00:00<00:00, 515.95it/s, Materializing param=model.layers.2.shared_mlp.input_linear.weight]
Loading weights:   8%|███▎                                       | 36/466 [00:00<00:00, 515.68it/s, Materializing param=model.layers.2.shared_mlp.input_linear.weight]
Loading weights:   8%|███▎                                      | 37/466 [00:00<00:00, 481.98it/s, Materializing param=model.layers.2.shared_mlp.output_linear.weight]
Loading weights:   8%|███▎                                      | 37/466 [00:00<00:00, 481.57it/s, Materializing param=model.layers.2.shared_mlp.output_linear.weight]
Loading weights:   8%|████▏                                              | 38/466 [00:00<00:00, 471.35it/s, Materializing param=model.layers.3.input_layernorm.weight]
Loading weights:   8%|████▏                                              | 38/466 [00:00<00:00, 471.03it/s, Materializing param=model.layers.3.input_layernorm.weight]
Loading weights:   8%|█████▏                                                        | 39/466 [00:00<00:00, 482.42it/s, Materializing param=model.layers.3.mamba.A_log]
Loading weights:   8%|█████▏                                                        | 39/466 [00:00<00:00, 482.21it/s, Materializing param=model.layers.3.mamba.A_log]
Loading weights:   9%|█████▋                                                            | 40/466 [00:00<00:00, 494.25it/s, Materializing param=model.layers.3.mamba.D]
Loading weights:   9%|█████▋                                                            | 40/466 [00:00<00:00, 494.05it/s, Materializing param=model.layers.3.mamba.D]
Loading weights:   9%|████▉                                                   | 41/466 [00:00<00:00, 504.76it/s, Materializing param=model.layers.3.mamba.conv1d.bias]
Loading weights:   9%|████▉                                                   | 41/466 [00:00<00:00, 504.55it/s, Materializing param=model.layers.3.mamba.conv1d.bias]
Loading weights:   9%|████▊                                                 | 42/466 [00:00<00:00, 516.53it/s, Materializing param=model.layers.3.mamba.conv1d.weight]
Loading weights:   9%|████▊                                                 | 42/466 [00:00<00:00, 516.34it/s, Materializing param=model.layers.3.mamba.conv1d.weight]
Loading weights:   9%|█████▌                                                      | 43/466 [00:00<00:00, 527.61it/s, Materializing param=model.layers.3.mamba.dt_bias]
Loading weights:   9%|█████▌                                                      | 43/466 [00:00<00:00, 527.40it/s, Materializing param=model.layers.3.mamba.dt_bias]
Loading weights:   9%|█████                                                | 44/466 [00:00<00:00, 539.33it/s, Materializing param=model.layers.3.mamba.in_proj.weight]
Loading weights:   9%|█████                                                | 44/466 [00:00<00:00, 539.13it/s, Materializing param=model.layers.3.mamba.in_proj.weight]
Loading weights:  10%|█████▍                                                  | 45/466 [00:00<00:00, 517.88it/s, Materializing param=model.layers.3.mamba.norm.weight]
Loading weights:  10%|█████▍                                                  | 45/466 [00:00<00:00, 517.67it/s, Materializing param=model.layers.3.mamba.norm.weight]
Loading weights:  10%|█████▏                                              | 46/466 [00:00<00:00, 528.84it/s, Materializing param=model.layers.3.mamba.out_proj.weight]
Loading weights:  10%|█████▏                                              | 46/466 [00:00<00:00, 528.65it/s, Materializing param=model.layers.3.mamba.out_proj.weight]
Loading weights:  10%|████▏                                     | 47/466 [00:00<00:00, 539.81it/s, Materializing param=model.layers.3.post_attention_layernorm.weight]
Loading weights:  10%|████▏                                     | 47/466 [00:00<00:00, 539.61it/s, Materializing param=model.layers.3.post_attention_layernorm.weight]
Loading weights:  10%|████▍                                      | 48/466 [00:00<00:00, 550.48it/s, Materializing param=model.layers.3.shared_mlp.input_linear.weight]
Loading weights:  10%|████▍                                      | 48/466 [00:00<00:00, 550.28it/s, Materializing param=model.layers.3.shared_mlp.input_linear.weight]
Loading weights:  11%|████▍                                     | 49/466 [00:00<00:00, 536.52it/s, Materializing param=model.layers.3.shared_mlp.output_linear.weight]
Loading weights:  11%|████▍                                     | 49/466 [00:00<00:00, 536.32it/s, Materializing param=model.layers.3.shared_mlp.output_linear.weight]
Loading weights:  11%|█████▍                                             | 50/466 [00:00<00:00, 526.02it/s, Materializing param=model.layers.4.input_layernorm.weight]
Loading weights:  11%|█████▍                                             | 50/466 [00:00<00:00, 525.83it/s, Materializing param=model.layers.4.input_layernorm.weight]
Loading weights:  11%|██████▊                                                       | 51/466 [00:00<00:00, 536.06it/s, Materializing param=model.layers.4.mamba.A_log]
Loading weights:  11%|██████▊                                                       | 51/466 [00:00<00:00, 535.89it/s, Materializing param=model.layers.4.mamba.A_log]
Loading weights:  11%|███████▎                                                          | 52/466 [00:00<00:00, 546.11it/s, Materializing param=model.layers.4.mamba.D]
Loading weights:  11%|███████▎                                                          | 52/466 [00:00<00:00, 545.93it/s, Materializing param=model.layers.4.mamba.D]
Loading weights:  11%|██████▎                                                 | 53/466 [00:00<00:00, 556.15it/s, Materializing param=model.layers.4.mamba.conv1d.bias]
Loading weights:  11%|██████▎                                                 | 53/466 [00:00<00:00, 555.96it/s, Materializing param=model.layers.4.mamba.conv1d.bias]
Loading weights:  12%|██████▎                                               | 54/466 [00:00<00:00, 565.11it/s, Materializing param=model.layers.4.mamba.conv1d.weight]
Loading weights:  12%|██████▎                                               | 54/466 [00:00<00:00, 564.90it/s, Materializing param=model.layers.4.mamba.conv1d.weight]
Loading weights:  12%|███████                                                     | 55/466 [00:00<00:00, 575.07it/s, Materializing param=model.layers.4.mamba.dt_bias]
Loading weights:  12%|███████                                                     | 55/466 [00:00<00:00, 574.89it/s, Materializing param=model.layers.4.mamba.dt_bias]
Loading weights:  12%|██████▎                                              | 56/466 [00:00<00:00, 572.06it/s, Materializing param=model.layers.4.mamba.in_proj.weight]
Loading weights:  12%|██████▎                                              | 56/466 [00:00<00:00, 571.87it/s, Materializing param=model.layers.4.mamba.in_proj.weight]
Loading weights:  12%|██████▊                                                 | 57/466 [00:00<00:00, 581.78it/s, Materializing param=model.layers.4.mamba.norm.weight]
Loading weights:  12%|██████▊                                                 | 57/466 [00:00<00:00, 581.59it/s, Materializing param=model.layers.4.mamba.norm.weight]
Loading weights:  12%|██████▍                                             | 58/466 [00:00<00:00, 591.50it/s, Materializing param=model.layers.4.mamba.out_proj.weight]
Loading weights:  12%|██████▍                                             | 58/466 [00:00<00:00, 591.29it/s, Materializing param=model.layers.4.mamba.out_proj.weight]
Loading weights:  13%|█████▎                                    | 59/466 [00:00<00:00, 591.37it/s, Materializing param=model.layers.4.post_attention_layernorm.weight]
Loading weights:  13%|█████▎                                    | 59/466 [00:00<00:00, 590.99it/s, Materializing param=model.layers.4.post_attention_layernorm.weight]
Loading weights:  13%|█████▌                                     | 60/466 [00:00<00:00, 600.67it/s, Materializing param=model.layers.4.shared_mlp.input_linear.weight]
Loading weights:  13%|█████▌                                     | 60/466 [00:00<00:00, 600.47it/s, Materializing param=model.layers.4.shared_mlp.input_linear.weight]
Loading weights:  13%|█████▋                                     | 61/466 [00:00<00:00, 564.31it/s, Materializing param=model.layers.4.shared_mlp.input_linear.weight]
Loading weights:  13%|█████▍                                    | 61/466 [00:00<00:00, 564.31it/s, Materializing param=model.layers.4.shared_mlp.output_linear.weight]
Loading weights:  13%|█████▍                                    | 61/466 [00:00<00:00, 564.31it/s, Materializing param=model.layers.4.shared_mlp.output_linear.weight]
Loading weights:  13%|██████▊                                            | 62/466 [00:00<00:00, 564.31it/s, Materializing param=model.layers.5.input_layernorm.weight]
Loading weights:  13%|██████▊                                            | 62/466 [00:00<00:00, 564.31it/s, Materializing param=model.layers.5.input_layernorm.weight]
Loading weights:  14%|█████▋                                    | 63/466 [00:00<00:00, 564.31it/s, Materializing param=model.layers.5.post_attention_layernorm.weight]
Loading weights:  14%|█████▋                                    | 63/466 [00:00<00:00, 564.31it/s, Materializing param=model.layers.5.post_attention_layernorm.weight]
Loading weights:  14%|██████▊                                           | 64/466 [00:00<00:00, 564.31it/s, Materializing param=model.layers.5.self_attn.k_proj.weight]
Loading weights:  14%|██████▊                                           | 64/466 [00:00<00:00, 564.31it/s, Materializing param=model.layers.5.self_attn.k_proj.weight]
Loading weights:  14%|██████▉                                           | 65/466 [00:00<00:00, 564.31it/s, Materializing param=model.layers.5.self_attn.o_proj.weight]
Loading weights:  14%|██████▉                                           | 65/466 [00:00<00:00, 564.31it/s, Materializing param=model.layers.5.self_attn.o_proj.weight]
Loading weights:  14%|███████                                           | 66/466 [00:00<00:00, 564.31it/s, Materializing param=model.layers.5.self_attn.q_proj.weight]
Loading weights:  14%|███████                                           | 66/466 [00:00<00:00, 564.31it/s, Materializing param=model.layers.5.self_attn.q_proj.weight]
Loading weights:  14%|███████▏                                          | 67/466 [00:00<00:00, 564.31it/s, Materializing param=model.layers.5.self_attn.v_proj.weight]
Loading weights:  14%|███████▏                                          | 67/466 [00:00<00:00, 564.31it/s, Materializing param=model.layers.5.self_attn.v_proj.weight]
Loading weights:  15%|██████▎                                    | 68/466 [00:00<00:00, 564.31it/s, Materializing param=model.layers.5.shared_mlp.input_linear.weight]
Loading weights:  15%|██████▎                                    | 68/466 [00:00<00:00, 564.31it/s, Materializing param=model.layers.5.shared_mlp.input_linear.weight]
Loading weights:  15%|██████▏                                   | 69/466 [00:00<00:00, 564.31it/s, Materializing param=model.layers.5.shared_mlp.output_linear.weight]
Loading weights:  15%|██████▏                                   | 69/466 [00:00<00:00, 564.31it/s, Materializing param=model.layers.5.shared_mlp.output_linear.weight]
Loading weights:  15%|███████▋                                           | 70/466 [00:00<00:00, 564.31it/s, Materializing param=model.layers.6.input_layernorm.weight]
Loading weights:  15%|███████▋                                           | 70/466 [00:00<00:00, 564.31it/s, Materializing param=model.layers.6.input_layernorm.weight]
Loading weights:  15%|█████████▍                                                    | 71/466 [00:00<00:00, 564.31it/s, Materializing param=model.layers.6.mamba.A_log]
Loading weights:  15%|█████████▍                                                    | 71/466 [00:00<00:00, 564.31it/s, Materializing param=model.layers.6.mamba.A_log]
Loading weights:  15%|██████████▏                                                       | 72/466 [00:00<00:00, 564.31it/s, Materializing param=model.layers.6.mamba.D]
Loading weights:  15%|██████████▏                                                       | 72/466 [00:00<00:00, 564.31it/s, Materializing param=model.layers.6.mamba.D]
Loading weights:  16%|████████▊                                               | 73/466 [00:00<00:00, 564.31it/s, Materializing param=model.layers.6.mamba.conv1d.bias]
Loading weights:  16%|████████▊                                               | 73/466 [00:00<00:00, 564.31it/s, Materializing param=model.layers.6.mamba.conv1d.bias]
Loading weights:  16%|████████▌                                             | 74/466 [00:00<00:00, 564.31it/s, Materializing param=model.layers.6.mamba.conv1d.weight]
Loading weights:  16%|████████▌                                             | 74/466 [00:00<00:00, 564.31it/s, Materializing param=model.layers.6.mamba.conv1d.weight]
Loading weights:  16%|█████████▋                                                  | 75/466 [00:00<00:00, 564.31it/s, Materializing param=model.layers.6.mamba.dt_bias]
Loading weights:  16%|█████████▋                                                  | 75/466 [00:00<00:00, 564.31it/s, Materializing param=model.layers.6.mamba.dt_bias]
Loading weights:  16%|████████▋                                            | 76/466 [00:00<00:00, 564.31it/s, Materializing param=model.layers.6.mamba.in_proj.weight]
Loading weights:  16%|████████▋                                            | 76/466 [00:00<00:00, 564.31it/s, Materializing param=model.layers.6.mamba.in_proj.weight]
Loading weights:  17%|█████████▎                                              | 77/466 [00:00<00:00, 564.31it/s, Materializing param=model.layers.6.mamba.norm.weight]
Loading weights:  17%|█████████▎                                              | 77/466 [00:00<00:00, 564.31it/s, Materializing param=model.layers.6.mamba.norm.weight]
Loading weights:  17%|████████▋                                           | 78/466 [00:00<00:00, 564.31it/s, Materializing param=model.layers.6.mamba.out_proj.weight]
Loading weights:  17%|████████▋                                           | 78/466 [00:00<00:00, 564.31it/s, Materializing param=model.layers.6.mamba.out_proj.weight]
Loading weights:  17%|███████                                   | 79/466 [00:00<00:00, 564.31it/s, Materializing param=model.layers.6.post_attention_layernorm.weight]
Loading weights:  17%|███████                                   | 79/466 [00:00<00:00, 564.31it/s, Materializing param=model.layers.6.post_attention_layernorm.weight]
Loading weights:  17%|███████▍                                   | 80/466 [00:00<00:00, 564.31it/s, Materializing param=model.layers.6.shared_mlp.input_linear.weight]
Loading weights:  17%|███████▍                                   | 80/466 [00:00<00:00, 564.31it/s, Materializing param=model.layers.6.shared_mlp.input_linear.weight]
Loading weights:  17%|███████▎                                  | 81/466 [00:00<00:00, 564.31it/s, Materializing param=model.layers.6.shared_mlp.output_linear.weight]
Loading weights:  17%|███████▎                                  | 81/466 [00:00<00:00, 564.31it/s, Materializing param=model.layers.6.shared_mlp.output_linear.weight]
Loading weights:  18%|████████▉                                          | 82/466 [00:00<00:00, 564.31it/s, Materializing param=model.layers.7.input_layernorm.weight]
Loading weights:  18%|████████▉                                          | 82/466 [00:00<00:00, 564.31it/s, Materializing param=model.layers.7.input_layernorm.weight]
Loading weights:  18%|███████████                                                   | 83/466 [00:00<00:00, 564.31it/s, Materializing param=model.layers.7.mamba.A_log]
Loading weights:  18%|███████████                                                   | 83/466 [00:00<00:00, 564.31it/s, Materializing param=model.layers.7.mamba.A_log]
Loading weights:  18%|███████████▉                                                      | 84/466 [00:00<00:00, 564.31it/s, Materializing param=model.layers.7.mamba.D]
Loading weights:  18%|███████████▉                                                      | 84/466 [00:00<00:00, 564.31it/s, Materializing param=model.layers.7.mamba.D]
Loading weights:  18%|██████████▏                                             | 85/466 [00:00<00:00, 564.31it/s, Materializing param=model.layers.7.mamba.conv1d.bias]
Loading weights:  18%|██████████▏                                             | 85/466 [00:00<00:00, 564.31it/s, Materializing param=model.layers.7.mamba.conv1d.bias]
Loading weights:  18%|█████████▉                                            | 86/466 [00:00<00:00, 564.31it/s, Materializing param=model.layers.7.mamba.conv1d.weight]
Loading weights:  18%|█████████▉                                            | 86/466 [00:00<00:00, 564.31it/s, Materializing param=model.layers.7.mamba.conv1d.weight]
Loading weights:  19%|███████████▏                                                | 87/466 [00:00<00:00, 564.31it/s, Materializing param=model.layers.7.mamba.dt_bias]
Loading weights:  19%|███████████▏                                                | 87/466 [00:00<00:00, 564.31it/s, Materializing param=model.layers.7.mamba.dt_bias]
Loading weights:  19%|██████████                                           | 88/466 [00:00<00:00, 564.31it/s, Materializing param=model.layers.7.mamba.in_proj.weight]
Loading weights:  19%|██████████                                           | 88/466 [00:00<00:00, 564.31it/s, Materializing param=model.layers.7.mamba.in_proj.weight]
Loading weights:  19%|██████████▋                                             | 89/466 [00:00<00:00, 564.31it/s, Materializing param=model.layers.7.mamba.norm.weight]
Loading weights:  19%|██████████▋                                             | 89/466 [00:00<00:00, 564.31it/s, Materializing param=model.layers.7.mamba.norm.weight]
Loading weights:  19%|██████████                                          | 90/466 [00:00<00:00, 564.31it/s, Materializing param=model.layers.7.mamba.out_proj.weight]
Loading weights:  19%|██████████                                          | 90/466 [00:00<00:00, 564.31it/s, Materializing param=model.layers.7.mamba.out_proj.weight]
Loading weights:  20%|████████▏                                 | 91/466 [00:00<00:00, 564.31it/s, Materializing param=model.layers.7.post_attention_layernorm.weight]
Loading weights:  20%|████████▏                                 | 91/466 [00:00<00:00, 564.31it/s, Materializing param=model.layers.7.post_attention_layernorm.weight]
Loading weights:  20%|████████▍                                  | 92/466 [00:00<00:00, 564.31it/s, Materializing param=model.layers.7.shared_mlp.input_linear.weight]
Loading weights:  20%|████████▍                                  | 92/466 [00:00<00:00, 564.31it/s, Materializing param=model.layers.7.shared_mlp.input_linear.weight]
Loading weights:  20%|████████▍                                 | 93/466 [00:00<00:00, 564.31it/s, Materializing param=model.layers.7.shared_mlp.output_linear.weight]
Loading weights:  20%|████████▍                                 | 93/466 [00:00<00:00, 564.31it/s, Materializing param=model.layers.7.shared_mlp.output_linear.weight]
Loading weights:  20%|██████████▎                                        | 94/466 [00:00<00:00, 564.31it/s, Materializing param=model.layers.8.input_layernorm.weight]
Loading weights:  20%|██████████▎                                        | 94/466 [00:00<00:00, 564.31it/s, Materializing param=model.layers.8.input_layernorm.weight]
Loading weights:  20%|████████████▋                                                 | 95/466 [00:00<00:00, 564.31it/s, Materializing param=model.layers.8.mamba.A_log]
Loading weights:  20%|████████████▋                                                 | 95/466 [00:00<00:00, 564.31it/s, Materializing param=model.layers.8.mamba.A_log]
Loading weights:  21%|█████████████▌                                                    | 96/466 [00:00<00:00, 564.31it/s, Materializing param=model.layers.8.mamba.D]
Loading weights:  21%|█████████████▌                                                    | 96/466 [00:00<00:00, 564.31it/s, Materializing param=model.layers.8.mamba.D]
Loading weights:  21%|███████████▋                                            | 97/466 [00:00<00:00, 564.31it/s, Materializing param=model.layers.8.mamba.conv1d.bias]
Loading weights:  21%|███████████▋                                            | 97/466 [00:00<00:00, 564.31it/s, Materializing param=model.layers.8.mamba.conv1d.bias]
Loading weights:  21%|███████████▎                                          | 98/466 [00:00<00:00, 564.31it/s, Materializing param=model.layers.8.mamba.conv1d.weight]
Loading weights:  21%|███████████▎                                          | 98/466 [00:00<00:00, 564.31it/s, Materializing param=model.layers.8.mamba.conv1d.weight]
Loading weights:  21%|████████████▋                                               | 99/466 [00:00<00:00, 564.31it/s, Materializing param=model.layers.8.mamba.dt_bias]
Loading weights:  21%|████████████▋                                               | 99/466 [00:00<00:00, 564.31it/s, Materializing param=model.layers.8.mamba.dt_bias]
Loading weights:  21%|███████████▏                                        | 100/466 [00:00<00:00, 564.31it/s, Materializing param=model.layers.8.mamba.in_proj.weight]
Loading weights:  21%|███████████▏                                        | 100/466 [00:00<00:00, 564.31it/s, Materializing param=model.layers.8.mamba.in_proj.weight]
Loading weights:  22%|███████████▉                                           | 101/466 [00:00<00:00, 564.31it/s, Materializing param=model.layers.8.mamba.norm.weight]
Loading weights:  22%|███████████▉                                           | 101/466 [00:00<00:00, 564.31it/s, Materializing param=model.layers.8.mamba.norm.weight]
Loading weights:  22%|███████████▏                                       | 102/466 [00:00<00:00, 564.31it/s, Materializing param=model.layers.8.mamba.out_proj.weight]
Loading weights:  22%|███████████▏                                       | 102/466 [00:00<00:00, 564.31it/s, Materializing param=model.layers.8.mamba.out_proj.weight]
Loading weights:  22%|█████████                                | 103/466 [00:00<00:00, 564.31it/s, Materializing param=model.layers.8.post_attention_layernorm.weight]
Loading weights:  22%|█████████                                | 103/466 [00:00<00:00, 564.31it/s, Materializing param=model.layers.8.post_attention_layernorm.weight]
Loading weights:  22%|█████████▎                                | 104/466 [00:00<00:00, 564.31it/s, Materializing param=model.layers.8.shared_mlp.input_linear.weight]
Loading weights:  22%|█████████▎                                | 104/466 [00:00<00:00, 564.31it/s, Materializing param=model.layers.8.shared_mlp.input_linear.weight]
Loading weights:  23%|█████████▏                               | 105/466 [00:00<00:00, 564.31it/s, Materializing param=model.layers.8.shared_mlp.output_linear.weight]
Loading weights:  23%|█████████▏                               | 105/466 [00:00<00:00, 564.31it/s, Materializing param=model.layers.8.shared_mlp.output_linear.weight]
Loading weights:  23%|███████████▎                                      | 106/466 [00:00<00:00, 564.31it/s, Materializing param=model.layers.9.input_layernorm.weight]
Loading weights:  23%|███████████▎                                      | 106/466 [00:00<00:00, 564.31it/s, Materializing param=model.layers.9.input_layernorm.weight]
Loading weights:  23%|██████████████                                               | 107/466 [00:00<00:00, 564.31it/s, Materializing param=model.layers.9.mamba.A_log]
Loading weights:  23%|██████████████                                               | 107/466 [00:00<00:00, 564.31it/s, Materializing param=model.layers.9.mamba.A_log]
Loading weights:  23%|███████████████                                                  | 108/466 [00:00<00:00, 564.31it/s, Materializing param=model.layers.9.mamba.D]
Loading weights:  23%|███████████████                                                  | 108/466 [00:00<00:00, 564.31it/s, Materializing param=model.layers.9.mamba.D]
Loading weights:  23%|████████████▊                                          | 109/466 [00:00<00:00, 564.31it/s, Materializing param=model.layers.9.mamba.conv1d.bias]
Loading weights:  23%|████████████▊                                          | 109/466 [00:00<00:00, 564.31it/s, Materializing param=model.layers.9.mamba.conv1d.bias]
Loading weights:  24%|████████████▌                                        | 110/466 [00:00<00:00, 564.31it/s, Materializing param=model.layers.9.mamba.conv1d.weight]
Loading weights:  24%|████████████▌                                        | 110/466 [00:00<00:00, 564.31it/s, Materializing param=model.layers.9.mamba.conv1d.weight]
Loading weights:  24%|██████████████                                             | 111/466 [00:00<00:00, 564.31it/s, Materializing param=model.layers.9.mamba.dt_bias]
Loading weights:  24%|██████████████                                             | 111/466 [00:00<00:00, 564.31it/s, Materializing param=model.layers.9.mamba.dt_bias]
Loading weights:  24%|████████████▍                                       | 112/466 [00:00<00:00, 564.31it/s, Materializing param=model.layers.9.mamba.in_proj.weight]
Loading weights:  24%|████████████▍                                       | 112/466 [00:00<00:00, 564.31it/s, Materializing param=model.layers.9.mamba.in_proj.weight]
Loading weights:  24%|█████████████▎                                         | 113/466 [00:00<00:00, 564.31it/s, Materializing param=model.layers.9.mamba.norm.weight]
Loading weights:  24%|█████████████▎                                         | 113/466 [00:00<00:00, 564.31it/s, Materializing param=model.layers.9.mamba.norm.weight]
Loading weights:  24%|████████████▍                                      | 114/466 [00:00<00:00, 564.31it/s, Materializing param=model.layers.9.mamba.out_proj.weight]
Loading weights:  24%|████████████▍                                      | 114/466 [00:00<00:00, 564.31it/s, Materializing param=model.layers.9.mamba.out_proj.weight]
Loading weights:  25%|██████████                               | 115/466 [00:00<00:00, 564.31it/s, Materializing param=model.layers.9.post_attention_layernorm.weight]
Loading weights:  25%|██████████                               | 115/466 [00:00<00:00, 564.31it/s, Materializing param=model.layers.9.post_attention_layernorm.weight]
Loading weights:  25%|██████████▍                               | 116/466 [00:00<00:00, 564.31it/s, Materializing param=model.layers.9.shared_mlp.input_linear.weight]
Loading weights:  25%|██████████▍                               | 116/466 [00:00<00:00, 564.31it/s, Materializing param=model.layers.9.shared_mlp.input_linear.weight]
Loading weights:  25%|██████████▎                              | 117/466 [00:00<00:00, 564.31it/s, Materializing param=model.layers.9.shared_mlp.output_linear.weight]
Loading weights:  25%|██████████▎                              | 117/466 [00:00<00:00, 564.31it/s, Materializing param=model.layers.9.shared_mlp.output_linear.weight]
Loading weights:  25%|████████████▍                                    | 118/466 [00:00<00:00, 564.31it/s, Materializing param=model.layers.10.input_layernorm.weight]
Loading weights:  25%|████████████▍                                    | 118/466 [00:00<00:00, 564.31it/s, Materializing param=model.layers.10.input_layernorm.weight]
Loading weights:  26%|███████████████▎                                            | 119/466 [00:00<00:00, 564.31it/s, Materializing param=model.layers.10.mamba.A_log]
Loading weights:  26%|███████████████▎                                            | 119/466 [00:00<00:00, 564.31it/s, Materializing param=model.layers.10.mamba.A_log]
Loading weights:  26%|████████████████▍                                               | 120/466 [00:00<00:00, 564.31it/s, Materializing param=model.layers.10.mamba.D]
Loading weights:  26%|████████████████▍                                               | 120/466 [00:00<00:00, 564.31it/s, Materializing param=model.layers.10.mamba.D]
Loading weights:  26%|██████████████                                        | 121/466 [00:00<00:00, 564.31it/s, Materializing param=model.layers.10.mamba.conv1d.bias]
Loading weights:  26%|██████████████                                        | 121/466 [00:00<00:00, 564.31it/s, Materializing param=model.layers.10.mamba.conv1d.bias]
Loading weights:  26%|█████████████▌                                      | 122/466 [00:00<00:00, 564.31it/s, Materializing param=model.layers.10.mamba.conv1d.weight]
Loading weights:  26%|█████████████▌                                      | 122/466 [00:00<00:00, 564.31it/s, Materializing param=model.layers.10.mamba.conv1d.weight]
Loading weights:  26%|███████████████▎                                          | 123/466 [00:00<00:00, 564.31it/s, Materializing param=model.layers.10.mamba.dt_bias]
Loading weights:  26%|███████████████▎                                          | 123/466 [00:00<00:00, 564.31it/s, Materializing param=model.layers.10.mamba.dt_bias]
Loading weights:  27%|█████████████▌                                     | 124/466 [00:00<00:00, 564.31it/s, Materializing param=model.layers.10.mamba.in_proj.weight]
Loading weights:  27%|█████████████▌                                     | 124/466 [00:00<00:00, 564.31it/s, Materializing param=model.layers.10.mamba.in_proj.weight]
Loading weights:  27%|█████████████▋                                     | 125/466 [00:00<00:00, 597.76it/s, Materializing param=model.layers.10.mamba.in_proj.weight]
Loading weights:  27%|██████████████▍                                       | 125/466 [00:00<00:00, 597.76it/s, Materializing param=model.layers.10.mamba.norm.weight]
Loading weights:  27%|██████████████▍                                       | 125/466 [00:00<00:00, 597.76it/s, Materializing param=model.layers.10.mamba.norm.weight]
Loading weights:  27%|█████████████▌                                    | 126/466 [00:00<00:00, 597.76it/s, Materializing param=model.layers.10.mamba.out_proj.weight]
Loading weights:  27%|█████████████▌                                    | 126/466 [00:00<00:00, 597.76it/s, Materializing param=model.layers.10.mamba.out_proj.weight]
Loading weights:  27%|██████████▉                             | 127/466 [00:00<00:00, 597.76it/s, Materializing param=model.layers.10.post_attention_layernorm.weight]
Loading weights:  27%|██████████▉                             | 127/466 [00:00<00:00, 597.76it/s, Materializing param=model.layers.10.post_attention_layernorm.weight]
Loading weights:  27%|███████████▎                             | 128/466 [00:00<00:00, 597.76it/s, Materializing param=model.layers.10.shared_mlp.input_linear.weight]
Loading weights:  27%|███████████▎                             | 128/466 [00:00<00:00, 597.76it/s, Materializing param=model.layers.10.shared_mlp.input_linear.weight]
Loading weights:  28%|███████████                             | 129/466 [00:00<00:00, 597.76it/s, Materializing param=model.layers.10.shared_mlp.output_linear.weight]
Loading weights:  28%|███████████                             | 129/466 [00:00<00:00, 597.76it/s, Materializing param=model.layers.10.shared_mlp.output_linear.weight]
Loading weights:  28%|█████████████▋                                   | 130/466 [00:00<00:00, 597.76it/s, Materializing param=model.layers.11.input_layernorm.weight]
Loading weights:  28%|█████████████▋                                   | 130/466 [00:00<00:00, 597.76it/s, Materializing param=model.layers.11.input_layernorm.weight]
Loading weights:  28%|████████████████▊                                           | 131/466 [00:00<00:00, 597.76it/s, Materializing param=model.layers.11.mamba.A_log]
Loading weights:  28%|████████████████▊                                           | 131/466 [00:00<00:00, 597.76it/s, Materializing param=model.layers.11.mamba.A_log]
Loading weights:  28%|██████████████████▏                                             | 132/466 [00:00<00:00, 597.76it/s, Materializing param=model.layers.11.mamba.D]
Loading weights:  28%|██████████████████▏                                             | 132/466 [00:00<00:00, 597.76it/s, Materializing param=model.layers.11.mamba.D]
Loading weights:  29%|███████████████▍                                      | 133/466 [00:00<00:00, 597.76it/s, Materializing param=model.layers.11.mamba.conv1d.bias]
Loading weights:  29%|███████████████▍                                      | 133/466 [00:00<00:00, 597.76it/s, Materializing param=model.layers.11.mamba.conv1d.bias]
Loading weights:  29%|██████████████▉                                     | 134/466 [00:00<00:00, 597.76it/s, Materializing param=model.layers.11.mamba.conv1d.weight]
Loading weights:  29%|██████████████▉                                     | 134/466 [00:00<00:00, 597.76it/s, Materializing param=model.layers.11.mamba.conv1d.weight]
Loading weights:  29%|████████████████▊                                         | 135/466 [00:00<00:00, 597.76it/s, Materializing param=model.layers.11.mamba.dt_bias]
Loading weights:  29%|████████████████▊                                         | 135/466 [00:00<00:00, 597.76it/s, Materializing param=model.layers.11.mamba.dt_bias]
Loading weights:  29%|██████████████▉                                    | 136/466 [00:00<00:00, 597.76it/s, Materializing param=model.layers.11.mamba.in_proj.weight]
Loading weights:  29%|██████████████▉                                    | 136/466 [00:00<00:00, 597.76it/s, Materializing param=model.layers.11.mamba.in_proj.weight]
Loading weights:  29%|███████████████▉                                      | 137/466 [00:00<00:00, 597.76it/s, Materializing param=model.layers.11.mamba.norm.weight]
Loading weights:  29%|███████████████▉                                      | 137/466 [00:00<00:00, 597.76it/s, Materializing param=model.layers.11.mamba.norm.weight]
Loading weights:  30%|██████████████▊                                   | 138/466 [00:00<00:00, 597.76it/s, Materializing param=model.layers.11.mamba.out_proj.weight]
Loading weights:  30%|██████████████▊                                   | 138/466 [00:00<00:00, 597.76it/s, Materializing param=model.layers.11.mamba.out_proj.weight]
Loading weights:  30%|███████████▉                            | 139/466 [00:00<00:00, 597.76it/s, Materializing param=model.layers.11.post_attention_layernorm.weight]
Loading weights:  30%|███████████▉                            | 139/466 [00:00<00:00, 597.76it/s, Materializing param=model.layers.11.post_attention_layernorm.weight]
Loading weights:  30%|████████████▎                            | 140/466 [00:00<00:00, 597.76it/s, Materializing param=model.layers.11.shared_mlp.input_linear.weight]
Loading weights:  30%|████████████▎                            | 140/466 [00:00<00:00, 597.76it/s, Materializing param=model.layers.11.shared_mlp.input_linear.weight]
Loading weights:  30%|████████████                            | 141/466 [00:00<00:00, 597.76it/s, Materializing param=model.layers.11.shared_mlp.output_linear.weight]
Loading weights:  30%|████████████                            | 141/466 [00:00<00:00, 597.76it/s, Materializing param=model.layers.11.shared_mlp.output_linear.weight]
Loading weights:  30%|██████████████▉                                  | 142/466 [00:00<00:00, 597.76it/s, Materializing param=model.layers.12.input_layernorm.weight]
Loading weights:  30%|██████████████▉                                  | 142/466 [00:00<00:00, 597.76it/s, Materializing param=model.layers.12.input_layernorm.weight]
Loading weights:  31%|██████████████████▍                                         | 143/466 [00:00<00:00, 597.76it/s, Materializing param=model.layers.12.mamba.A_log]
Loading weights:  31%|██████████████████▍                                         | 143/466 [00:00<00:00, 597.76it/s, Materializing param=model.layers.12.mamba.A_log]
Loading weights:  31%|███████████████████▊                                            | 144/466 [00:00<00:00, 597.76it/s, Materializing param=model.layers.12.mamba.D]
Loading weights:  31%|███████████████████▊                                            | 144/466 [00:00<00:00, 597.76it/s, Materializing param=model.layers.12.mamba.D]
Loading weights:  31%|████████████████▊                                     | 145/466 [00:00<00:00, 597.76it/s, Materializing param=model.layers.12.mamba.conv1d.bias]
Loading weights:  31%|████████████████▊                                     | 145/466 [00:00<00:00, 597.76it/s, Materializing param=model.layers.12.mamba.conv1d.bias]
Loading weights:  31%|████████████████▎                                   | 146/466 [00:00<00:00, 597.76it/s, Materializing param=model.layers.12.mamba.conv1d.weight]
Loading weights:  31%|████████████████▎                                   | 146/466 [00:00<00:00, 597.76it/s, Materializing param=model.layers.12.mamba.conv1d.weight]
Loading weights:  32%|██████████████████▎                                       | 147/466 [00:00<00:00, 597.76it/s, Materializing param=model.layers.12.mamba.dt_bias]
Loading weights:  32%|██████████████████▎                                       | 147/466 [00:00<00:00, 597.76it/s, Materializing param=model.layers.12.mamba.dt_bias]
Loading weights:  32%|████████████████▏                                  | 148/466 [00:00<00:00, 597.76it/s, Materializing param=model.layers.12.mamba.in_proj.weight]
Loading weights:  32%|████████████████▏                                  | 148/466 [00:00<00:00, 597.76it/s, Materializing param=model.layers.12.mamba.in_proj.weight]
Loading weights:  32%|█████████████████▎                                    | 149/466 [00:00<00:00, 597.76it/s, Materializing param=model.layers.12.mamba.norm.weight]
Loading weights:  32%|█████████████████▎                                    | 149/466 [00:00<00:00, 597.76it/s, Materializing param=model.layers.12.mamba.norm.weight]
Loading weights:  32%|████████████████                                  | 150/466 [00:00<00:00, 597.76it/s, Materializing param=model.layers.12.mamba.out_proj.weight]
Loading weights:  32%|████████████████                                  | 150/466 [00:00<00:00, 597.76it/s, Materializing param=model.layers.12.mamba.out_proj.weight]
Loading weights:  32%|████████████▉                           | 151/466 [00:00<00:00, 597.76it/s, Materializing param=model.layers.12.post_attention_layernorm.weight]
Loading weights:  32%|████████████▉                           | 151/466 [00:00<00:00, 597.76it/s, Materializing param=model.layers.12.post_attention_layernorm.weight]
Loading weights:  33%|█████████████▎                           | 152/466 [00:00<00:00, 597.76it/s, Materializing param=model.layers.12.shared_mlp.input_linear.weight]
Loading weights:  33%|█████████████▎                           | 152/466 [00:00<00:00, 597.76it/s, Materializing param=model.layers.12.shared_mlp.input_linear.weight]
Loading weights:  33%|█████████████▏                          | 153/466 [00:00<00:00, 597.76it/s, Materializing param=model.layers.12.shared_mlp.output_linear.weight]
Loading weights:  33%|█████████████▏                          | 153/466 [00:00<00:00, 597.76it/s, Materializing param=model.layers.12.shared_mlp.output_linear.weight]
Loading weights:  33%|████████████████▏                                | 154/466 [00:00<00:00, 597.76it/s, Materializing param=model.layers.13.input_layernorm.weight]
Loading weights:  33%|████████████████▏                                | 154/466 [00:00<00:00, 597.76it/s, Materializing param=model.layers.13.input_layernorm.weight]
Loading weights:  33%|███████████████████▉                                        | 155/466 [00:00<00:00, 597.76it/s, Materializing param=model.layers.13.mamba.A_log]
Loading weights:  33%|███████████████████▉                                        | 155/466 [00:00<00:00, 597.76it/s, Materializing param=model.layers.13.mamba.A_log]
Loading weights:  33%|█████████████████████▍                                          | 156/466 [00:00<00:00, 597.76it/s, Materializing param=model.layers.13.mamba.D]
Loading weights:  33%|█████████████████████▍                                          | 156/466 [00:00<00:00, 597.76it/s, Materializing param=model.layers.13.mamba.D]
Loading weights:  34%|██████████████████▏                                   | 157/466 [00:00<00:00, 597.76it/s, Materializing param=model.layers.13.mamba.conv1d.bias]
Loading weights:  34%|██████████████████▏                                   | 157/466 [00:00<00:00, 597.76it/s, Materializing param=model.layers.13.mamba.conv1d.bias]
Loading weights:  34%|█████████████████▋                                  | 158/466 [00:00<00:00, 597.76it/s, Materializing param=model.layers.13.mamba.conv1d.weight]
Loading weights:  34%|█████████████████▋                                  | 158/466 [00:00<00:00, 597.76it/s, Materializing param=model.layers.13.mamba.conv1d.weight]
Loading weights:  34%|███████████████████▊                                      | 159/466 [00:00<00:00, 597.76it/s, Materializing param=model.layers.13.mamba.dt_bias]
Loading weights:  34%|███████████████████▊                                      | 159/466 [00:00<00:00, 597.76it/s, Materializing param=model.layers.13.mamba.dt_bias]
Loading weights:  34%|█████████████████▌                                 | 160/466 [00:00<00:00, 597.76it/s, Materializing param=model.layers.13.mamba.in_proj.weight]
Loading weights:  34%|█████████████████▌                                 | 160/466 [00:00<00:00, 597.76it/s, Materializing param=model.layers.13.mamba.in_proj.weight]
Loading weights:  35%|██████████████████▋                                   | 161/466 [00:00<00:00, 597.76it/s, Materializing param=model.layers.13.mamba.norm.weight]
Loading weights:  35%|██████████████████▋                                   | 161/466 [00:00<00:00, 597.76it/s, Materializing param=model.layers.13.mamba.norm.weight]
Loading weights:  35%|█████████████████▍                                | 162/466 [00:00<00:00, 597.76it/s, Materializing param=model.layers.13.mamba.out_proj.weight]
Loading weights:  35%|█████████████████▍                                | 162/466 [00:00<00:00, 597.76it/s, Materializing param=model.layers.13.mamba.out_proj.weight]
Loading weights:  35%|█████████████▉                          | 163/466 [00:00<00:00, 597.76it/s, Materializing param=model.layers.13.post_attention_layernorm.weight]
Loading weights:  35%|█████████████▉                          | 163/466 [00:00<00:00, 597.76it/s, Materializing param=model.layers.13.post_attention_layernorm.weight]
Loading weights:  35%|██████████████▍                          | 164/466 [00:00<00:00, 597.76it/s, Materializing param=model.layers.13.shared_mlp.input_linear.weight]
Loading weights:  35%|██████████████▍                          | 164/466 [00:00<00:00, 597.76it/s, Materializing param=model.layers.13.shared_mlp.input_linear.weight]
Loading weights:  35%|██████████████▏                         | 165/466 [00:00<00:00, 597.76it/s, Materializing param=model.layers.13.shared_mlp.output_linear.weight]
Loading weights:  35%|██████████████▏                         | 165/466 [00:00<00:00, 597.76it/s, Materializing param=model.layers.13.shared_mlp.output_linear.weight]
Loading weights:  36%|█████████████████▍                               | 166/466 [00:00<00:00, 597.76it/s, Materializing param=model.layers.14.input_layernorm.weight]
Loading weights:  36%|█████████████████▍                               | 166/466 [00:00<00:00, 597.76it/s, Materializing param=model.layers.14.input_layernorm.weight]
Loading weights:  36%|█████████████████████▌                                      | 167/466 [00:00<00:00, 597.76it/s, Materializing param=model.layers.14.mamba.A_log]
Loading weights:  36%|█████████████████████▌                                      | 167/466 [00:00<00:00, 597.76it/s, Materializing param=model.layers.14.mamba.A_log]
Loading weights:  36%|███████████████████████                                         | 168/466 [00:00<00:00, 597.76it/s, Materializing param=model.layers.14.mamba.D]
Loading weights:  36%|███████████████████████                                         | 168/466 [00:00<00:00, 597.76it/s, Materializing param=model.layers.14.mamba.D]
Loading weights:  36%|███████████████████▌                                  | 169/466 [00:00<00:00, 597.76it/s, Materializing param=model.layers.14.mamba.conv1d.bias]
Loading weights:  36%|███████████████████▌                                  | 169/466 [00:00<00:00, 597.76it/s, Materializing param=model.layers.14.mamba.conv1d.bias]
Loading weights:  36%|██████████████████▉                                 | 170/466 [00:00<00:00, 597.76it/s, Materializing param=model.layers.14.mamba.conv1d.weight]
Loading weights:  36%|██████████████████▉                                 | 170/466 [00:00<00:00, 597.76it/s, Materializing param=model.layers.14.mamba.conv1d.weight]
Loading weights:  37%|█████████████████████▎                                    | 171/466 [00:00<00:00, 597.76it/s, Materializing param=model.layers.14.mamba.dt_bias]
Loading weights:  37%|█████████████████████▎                                    | 171/466 [00:00<00:00, 597.76it/s, Materializing param=model.layers.14.mamba.dt_bias]
Loading weights:  37%|██████████████████▊                                | 172/466 [00:00<00:00, 597.76it/s, Materializing param=model.layers.14.mamba.in_proj.weight]
Loading weights:  37%|██████████████████▊                                | 172/466 [00:00<00:00, 597.76it/s, Materializing param=model.layers.14.mamba.in_proj.weight]
Loading weights:  37%|████████████████████                                  | 173/466 [00:00<00:00, 597.76it/s, Materializing param=model.layers.14.mamba.norm.weight]
Loading weights:  37%|████████████████████                                  | 173/466 [00:00<00:00, 597.76it/s, Materializing param=model.layers.14.mamba.norm.weight]
Loading weights:  37%|██████████████████▋                               | 174/466 [00:00<00:00, 597.76it/s, Materializing param=model.layers.14.mamba.out_proj.weight]
Loading weights:  37%|██████████████████▋                               | 174/466 [00:00<00:00, 597.76it/s, Materializing param=model.layers.14.mamba.out_proj.weight]
Loading weights:  38%|███████████████                         | 175/466 [00:00<00:00, 597.76it/s, Materializing param=model.layers.14.post_attention_layernorm.weight]
Loading weights:  38%|███████████████                         | 175/466 [00:00<00:00, 597.76it/s, Materializing param=model.layers.14.post_attention_layernorm.weight]
Loading weights:  38%|███████████████▍                         | 176/466 [00:00<00:00, 597.76it/s, Materializing param=model.layers.14.shared_mlp.input_linear.weight]
Loading weights:  38%|███████████████▍                         | 176/466 [00:00<00:00, 597.76it/s, Materializing param=model.layers.14.shared_mlp.input_linear.weight]
Loading weights:  38%|███████████████▏                        | 177/466 [00:00<00:00, 597.76it/s, Materializing param=model.layers.14.shared_mlp.output_linear.weight]
Loading weights:  38%|███████████████▏                        | 177/466 [00:00<00:00, 597.76it/s, Materializing param=model.layers.14.shared_mlp.output_linear.weight]
Loading weights:  38%|██████████████████▋                              | 178/466 [00:00<00:00, 597.76it/s, Materializing param=model.layers.15.input_layernorm.weight]
Loading weights:  38%|██████████████████▋                              | 178/466 [00:00<00:00, 597.76it/s, Materializing param=model.layers.15.input_layernorm.weight]
Loading weights:  38%|███████████████▎                        | 179/466 [00:00<00:00, 597.76it/s, Materializing param=model.layers.15.post_attention_layernorm.weight]
Loading weights:  38%|███████████████▎                        | 179/466 [00:00<00:00, 597.76it/s, Materializing param=model.layers.15.post_attention_layernorm.weight]
Loading weights:  39%|██████████████████▌                             | 180/466 [00:00<00:00, 597.76it/s, Materializing param=model.layers.15.self_attn.k_proj.weight]
Loading weights:  39%|██████████████████▌                             | 180/466 [00:00<00:00, 597.76it/s, Materializing param=model.layers.15.self_attn.k_proj.weight]
Loading weights:  39%|██████████████████▋                             | 181/466 [00:00<00:00, 597.76it/s, Materializing param=model.layers.15.self_attn.o_proj.weight]
Loading weights:  39%|██████████████████▋                             | 181/466 [00:00<00:00, 597.76it/s, Materializing param=model.layers.15.self_attn.o_proj.weight]
Loading weights:  39%|██████████████████▋                             | 182/466 [00:00<00:00, 597.76it/s, Materializing param=model.layers.15.self_attn.q_proj.weight]
Loading weights:  39%|██████████████████▋                             | 182/466 [00:00<00:00, 597.76it/s, Materializing param=model.layers.15.self_attn.q_proj.weight]
Loading weights:  39%|██████████████████▊                             | 183/466 [00:00<00:00, 597.76it/s, Materializing param=model.layers.15.self_attn.v_proj.weight]
Loading weights:  39%|██████████████████▊                             | 183/466 [00:00<00:00, 597.76it/s, Materializing param=model.layers.15.self_attn.v_proj.weight]
Loading weights:  39%|████████████████▏                        | 184/466 [00:00<00:00, 597.76it/s, Materializing param=model.layers.15.shared_mlp.input_linear.weight]
Loading weights:  39%|████████████████▏                        | 184/466 [00:00<00:00, 597.76it/s, Materializing param=model.layers.15.shared_mlp.input_linear.weight]
Loading weights:  40%|████████████████▎                        | 185/466 [00:00<00:00, 586.52it/s, Materializing param=model.layers.15.shared_mlp.input_linear.weight]
Loading weights:  40%|███████████████▉                        | 185/466 [00:00<00:00, 586.52it/s, Materializing param=model.layers.15.shared_mlp.output_linear.weight]
Loading weights:  40%|███████████████▉                        | 185/466 [00:00<00:00, 586.52it/s, Materializing param=model.layers.15.shared_mlp.output_linear.weight]
Loading weights:  40%|███████████████████▌                             | 186/466 [00:00<00:00, 586.52it/s, Materializing param=model.layers.16.input_layernorm.weight]
Loading weights:  40%|███████████████████▌                             | 186/466 [00:00<00:00, 586.52it/s, Materializing param=model.layers.16.input_layernorm.weight]
Loading weights:  40%|████████████████████████                                    | 187/466 [00:00<00:00, 586.52it/s, Materializing param=model.layers.16.mamba.A_log]
Loading weights:  40%|████████████████████████                                    | 187/466 [00:00<00:00, 586.52it/s, Materializing param=model.layers.16.mamba.A_log]
Loading weights:  40%|█████████████████████████▊                                      | 188/466 [00:00<00:00, 586.52it/s, Materializing param=model.layers.16.mamba.D]
Loading weights:  40%|█████████████████████████▊                                      | 188/466 [00:00<00:00, 586.52it/s, Materializing param=model.layers.16.mamba.D]
Loading weights:  41%|█████████████████████▉                                | 189/466 [00:00<00:00, 586.52it/s, Materializing param=model.layers.16.mamba.conv1d.bias]
Loading weights:  41%|█████████████████████▉                                | 189/466 [00:00<00:00, 586.52it/s, Materializing param=model.layers.16.mamba.conv1d.bias]
Loading weights:  41%|█████████████████████▏                              | 190/466 [00:00<00:00, 586.52it/s, Materializing param=model.layers.16.mamba.conv1d.weight]
Loading weights:  41%|█████████████████████▏                              | 190/466 [00:00<00:00, 586.52it/s, Materializing param=model.layers.16.mamba.conv1d.weight]
Loading weights:  41%|███████████████████████▊                                  | 191/466 [00:00<00:00, 586.52it/s, Materializing param=model.layers.16.mamba.dt_bias]
Loading weights:  41%|███████████████████████▊                                  | 191/466 [00:00<00:00, 586.52it/s, Materializing param=model.layers.16.mamba.dt_bias]
Loading weights:  41%|█████████████████████                              | 192/466 [00:00<00:00, 586.52it/s, Materializing param=model.layers.16.mamba.in_proj.weight]
Loading weights:  41%|█████████████████████                              | 192/466 [00:00<00:00, 586.52it/s, Materializing param=model.layers.16.mamba.in_proj.weight]
Loading weights:  41%|██████████████████████▎                               | 193/466 [00:00<00:00, 586.52it/s, Materializing param=model.layers.16.mamba.norm.weight]
Loading weights:  41%|██████████████████████▎                               | 193/466 [00:00<00:00, 586.52it/s, Materializing param=model.layers.16.mamba.norm.weight]
Loading weights:  42%|████████████████████▊                             | 194/466 [00:00<00:00, 586.52it/s, Materializing param=model.layers.16.mamba.out_proj.weight]
Loading weights:  42%|████████████████████▊                             | 194/466 [00:00<00:00, 586.52it/s, Materializing param=model.layers.16.mamba.out_proj.weight]
Loading weights:  42%|████████████████▋                       | 195/466 [00:00<00:00, 586.52it/s, Materializing param=model.layers.16.post_attention_layernorm.weight]
Loading weights:  42%|████████████████▋                       | 195/466 [00:00<00:00, 586.52it/s, Materializing param=model.layers.16.post_attention_layernorm.weight]
Loading weights:  42%|█████████████████▏                       | 196/466 [00:00<00:00, 586.52it/s, Materializing param=model.layers.16.shared_mlp.input_linear.weight]
Loading weights:  42%|█████████████████▏                       | 196/466 [00:00<00:00, 586.52it/s, Materializing param=model.layers.16.shared_mlp.input_linear.weight]
Loading weights:  42%|████████████████▉                       | 197/466 [00:00<00:00, 586.52it/s, Materializing param=model.layers.16.shared_mlp.output_linear.weight]
Loading weights:  42%|████████████████▉                       | 197/466 [00:00<00:00, 586.52it/s, Materializing param=model.layers.16.shared_mlp.output_linear.weight]
Loading weights:  42%|████████████████████▊                            | 198/466 [00:00<00:00, 586.52it/s, Materializing param=model.layers.17.input_layernorm.weight]
Loading weights:  42%|████████████████████▊                            | 198/466 [00:00<00:00, 586.52it/s, Materializing param=model.layers.17.input_layernorm.weight]
Loading weights:  43%|█████████████████████████▌                                  | 199/466 [00:00<00:00, 586.52it/s, Materializing param=model.layers.17.mamba.A_log]
Loading weights:  43%|█████████████████████████▌                                  | 199/466 [00:00<00:00, 586.52it/s, Materializing param=model.layers.17.mamba.A_log]
Loading weights:  43%|███████████████████████████▍                                    | 200/466 [00:00<00:00, 586.52it/s, Materializing param=model.layers.17.mamba.D]
Loading weights:  43%|███████████████████████████▍                                    | 200/466 [00:00<00:00, 586.52it/s, Materializing param=model.layers.17.mamba.D]
Loading weights:  43%|███████████████████████▎                              | 201/466 [00:00<00:00, 586.52it/s, Materializing param=model.layers.17.mamba.conv1d.bias]
Loading weights:  43%|███████████████████████▎                              | 201/466 [00:00<00:00, 586.52it/s, Materializing param=model.layers.17.mamba.conv1d.bias]
Loading weights:  43%|██████████████████████▌                             | 202/466 [00:00<00:00, 586.52it/s, Materializing param=model.layers.17.mamba.conv1d.weight]
Loading weights:  43%|██████████████████████▌                             | 202/466 [00:00<00:00, 586.52it/s, Materializing param=model.layers.17.mamba.conv1d.weight]
Loading weights:  44%|█████████████████████████▎                                | 203/466 [00:00<00:00, 586.52it/s, Materializing param=model.layers.17.mamba.dt_bias]
Loading weights:  44%|█████████████████████████▎                                | 203/466 [00:00<00:00, 586.52it/s, Materializing param=model.layers.17.mamba.dt_bias]
Loading weights:  44%|██████████████████████▎                            | 204/466 [00:00<00:00, 586.52it/s, Materializing param=model.layers.17.mamba.in_proj.weight]
Loading weights:  44%|██████████████████████▎                            | 204/466 [00:00<00:00, 586.52it/s, Materializing param=model.layers.17.mamba.in_proj.weight]
Loading weights:  44%|███████████████████████▊                              | 205/466 [00:00<00:00, 586.52it/s, Materializing param=model.layers.17.mamba.norm.weight]
Loading weights:  44%|███████████████████████▊                              | 205/466 [00:00<00:00, 586.52it/s, Materializing param=model.layers.17.mamba.norm.weight]
Loading weights:  44%|██████████████████████                            | 206/466 [00:00<00:00, 586.52it/s, Materializing param=model.layers.17.mamba.out_proj.weight]
Loading weights:  44%|██████████████████████                            | 206/466 [00:00<00:00, 586.52it/s, Materializing param=model.layers.17.mamba.out_proj.weight]
Loading weights:  44%|█████████████████▊                      | 207/466 [00:00<00:00, 586.52it/s, Materializing param=model.layers.17.post_attention_layernorm.weight]
Loading weights:  44%|█████████████████▊                      | 207/466 [00:00<00:00, 586.52it/s, Materializing param=model.layers.17.post_attention_layernorm.weight]
Loading weights:  45%|██████████████████▎                      | 208/466 [00:00<00:00, 586.52it/s, Materializing param=model.layers.17.shared_mlp.input_linear.weight]
Loading weights:  45%|██████████████████▎                      | 208/466 [00:00<00:00, 586.52it/s, Materializing param=model.layers.17.shared_mlp.input_linear.weight]
Loading weights:  45%|█████████████████▉                      | 209/466 [00:00<00:00, 586.52it/s, Materializing param=model.layers.17.shared_mlp.output_linear.weight]
Loading weights:  45%|█████████████████▉                      | 209/466 [00:00<00:00, 586.52it/s, Materializing param=model.layers.17.shared_mlp.output_linear.weight]
Loading weights:  45%|██████████████████████                           | 210/466 [00:00<00:00, 586.52it/s, Materializing param=model.layers.18.input_layernorm.weight]
Loading weights:  45%|██████████████████████                           | 210/466 [00:00<00:00, 586.52it/s, Materializing param=model.layers.18.input_layernorm.weight]
Loading weights:  45%|███████████████████████████▏                                | 211/466 [00:00<00:00, 586.52it/s, Materializing param=model.layers.18.mamba.A_log]
Loading weights:  45%|███████████████████████████▏                                | 211/466 [00:00<00:00, 586.52it/s, Materializing param=model.layers.18.mamba.A_log]
Loading weights:  45%|█████████████████████████████                                   | 212/466 [00:00<00:00, 586.52it/s, Materializing param=model.layers.18.mamba.D]
Loading weights:  45%|█████████████████████████████                                   | 212/466 [00:00<00:00, 586.52it/s, Materializing param=model.layers.18.mamba.D]
Loading weights:  46%|████████████████████████▋                             | 213/466 [00:00<00:00, 586.52it/s, Materializing param=model.layers.18.mamba.conv1d.bias]
Loading weights:  46%|████████████████████████▋                             | 213/466 [00:00<00:00, 586.52it/s, Materializing param=model.layers.18.mamba.conv1d.bias]
Loading weights:  46%|███████████████████████▉                            | 214/466 [00:00<00:00, 586.52it/s, Materializing param=model.layers.18.mamba.conv1d.weight]
Loading weights:  46%|███████████████████████▉                            | 214/466 [00:00<00:00, 586.52it/s, Materializing param=model.layers.18.mamba.conv1d.weight]
Loading weights:  46%|██████████████████████████▊                               | 215/466 [00:00<00:00, 586.52it/s, Materializing param=model.layers.18.mamba.dt_bias]
Loading weights:  46%|██████████████████████████▊                               | 215/466 [00:00<00:00, 586.52it/s, Materializing param=model.layers.18.mamba.dt_bias]
Loading weights:  46%|███████████████████████▋                           | 216/466 [00:00<00:00, 586.52it/s, Materializing param=model.layers.18.mamba.in_proj.weight]
Loading weights:  46%|███████████████████████▋                           | 216/466 [00:00<00:00, 586.52it/s, Materializing param=model.layers.18.mamba.in_proj.weight]
Loading weights:  47%|█████████████████████████▏                            | 217/466 [00:00<00:00, 586.52it/s, Materializing param=model.layers.18.mamba.norm.weight]
Loading weights:  47%|█████████████████████████▏                            | 217/466 [00:00<00:00, 586.52it/s, Materializing param=model.layers.18.mamba.norm.weight]
Loading weights:  47%|███████████████████████▍                          | 218/466 [00:00<00:00, 586.52it/s, Materializing param=model.layers.18.mamba.out_proj.weight]
Loading weights:  47%|███████████████████████▍                          | 218/466 [00:00<00:00, 586.52it/s, Materializing param=model.layers.18.mamba.out_proj.weight]
Loading weights:  47%|██████████████████▊                     | 219/466 [00:00<00:00, 586.52it/s, Materializing param=model.layers.18.post_attention_layernorm.weight]
Loading weights:  47%|██████████████████▊                     | 219/466 [00:00<00:00, 586.52it/s, Materializing param=model.layers.18.post_attention_layernorm.weight]
Loading weights:  47%|███████████████████▎                     | 220/466 [00:00<00:00, 586.52it/s, Materializing param=model.layers.18.shared_mlp.input_linear.weight]
Loading weights:  47%|███████████████████▎                     | 220/466 [00:00<00:00, 586.52it/s, Materializing param=model.layers.18.shared_mlp.input_linear.weight]
Loading weights:  47%|██████████████████▉                     | 221/466 [00:00<00:00, 586.52it/s, Materializing param=model.layers.18.shared_mlp.output_linear.weight]
Loading weights:  47%|██████████████████▉                     | 221/466 [00:00<00:00, 586.52it/s, Materializing param=model.layers.18.shared_mlp.output_linear.weight]
Loading weights:  48%|███████████████████████▎                         | 222/466 [00:00<00:00, 586.52it/s, Materializing param=model.layers.19.input_layernorm.weight]
Loading weights:  48%|███████████████████████▎                         | 222/466 [00:00<00:00, 586.52it/s, Materializing param=model.layers.19.input_layernorm.weight]
Loading weights:  48%|████████████████████████████▋                               | 223/466 [00:00<00:00, 586.52it/s, Materializing param=model.layers.19.mamba.A_log]
Loading weights:  48%|████████████████████████████▋                               | 223/466 [00:00<00:00, 586.52it/s, Materializing param=model.layers.19.mamba.A_log]
Loading weights:  48%|██████████████████████████████▊                                 | 224/466 [00:00<00:00, 586.52it/s, Materializing param=model.layers.19.mamba.D]
Loading weights:  48%|██████████████████████████████▊                                 | 224/466 [00:00<00:00, 586.52it/s, Materializing param=model.layers.19.mamba.D]
Loading weights:  48%|██████████████████████████                            | 225/466 [00:00<00:00, 586.52it/s, Materializing param=model.layers.19.mamba.conv1d.bias]
Loading weights:  48%|██████████████████████████                            | 225/466 [00:00<00:00, 586.52it/s, Materializing param=model.layers.19.mamba.conv1d.bias]
Loading weights:  48%|█████████████████████████▏                          | 226/466 [00:00<00:00, 586.52it/s, Materializing param=model.layers.19.mamba.conv1d.weight]
Loading weights:  48%|█████████████████████████▏                          | 226/466 [00:00<00:00, 586.52it/s, Materializing param=model.layers.19.mamba.conv1d.weight]
Loading weights:  49%|████████████████████████████▎                             | 227/466 [00:00<00:00, 586.52it/s, Materializing param=model.layers.19.mamba.dt_bias]
Loading weights:  49%|████████████████████████████▎                             | 227/466 [00:00<00:00, 586.52it/s, Materializing param=model.layers.19.mamba.dt_bias]
Loading weights:  49%|████████████████████████▉                          | 228/466 [00:00<00:00, 586.52it/s, Materializing param=model.layers.19.mamba.in_proj.weight]
Loading weights:  49%|████████████████████████▉                          | 228/466 [00:00<00:00, 586.52it/s, Materializing param=model.layers.19.mamba.in_proj.weight]
Loading weights:  49%|██████████████████████████▌                           | 229/466 [00:00<00:00, 586.52it/s, Materializing param=model.layers.19.mamba.norm.weight]
Loading weights:  49%|██████████████████████████▌                           | 229/466 [00:00<00:00, 586.52it/s, Materializing param=model.layers.19.mamba.norm.weight]
Loading weights:  49%|████████████████████████▋                         | 230/466 [00:00<00:00, 586.52it/s, Materializing param=model.layers.19.mamba.out_proj.weight]
Loading weights:  49%|████████████████████████▋                         | 230/466 [00:00<00:00, 586.52it/s, Materializing param=model.layers.19.mamba.out_proj.weight]
Loading weights:  50%|███████████████████▊                    | 231/466 [00:00<00:00, 586.52it/s, Materializing param=model.layers.19.post_attention_layernorm.weight]
Loading weights:  50%|███████████████████▊                    | 231/466 [00:00<00:00, 586.52it/s, Materializing param=model.layers.19.post_attention_layernorm.weight]
Loading weights:  50%|████████████████████▍                    | 232/466 [00:00<00:00, 586.52it/s, Materializing param=model.layers.19.shared_mlp.input_linear.weight]
Loading weights:  50%|████████████████████▍                    | 232/466 [00:00<00:00, 586.52it/s, Materializing param=model.layers.19.shared_mlp.input_linear.weight]
Loading weights:  50%|████████████████████                    | 233/466 [00:00<00:00, 586.52it/s, Materializing param=model.layers.19.shared_mlp.output_linear.weight]
Loading weights:  50%|████████████████████                    | 233/466 [00:00<00:00, 586.52it/s, Materializing param=model.layers.19.shared_mlp.output_linear.weight]
Loading weights:  50%|████████████████████████▌                        | 234/466 [00:00<00:00, 586.52it/s, Materializing param=model.layers.20.input_layernorm.weight]
Loading weights:  50%|████████████████████████▌                        | 234/466 [00:00<00:00, 586.52it/s, Materializing param=model.layers.20.input_layernorm.weight]
Loading weights:  50%|██████████████████████████████▎                             | 235/466 [00:00<00:00, 586.52it/s, Materializing param=model.layers.20.mamba.A_log]
Loading weights:  50%|██████████████████████████████▎                             | 235/466 [00:00<00:00, 586.52it/s, Materializing param=model.layers.20.mamba.A_log]
Loading weights:  51%|████████████████████████████████▍                               | 236/466 [00:00<00:00, 586.52it/s, Materializing param=model.layers.20.mamba.D]
Loading weights:  51%|████████████████████████████████▍                               | 236/466 [00:00<00:00, 586.52it/s, Materializing param=model.layers.20.mamba.D]
Loading weights:  51%|███████████████████████████▍                          | 237/466 [00:00<00:00, 586.52it/s, Materializing param=model.layers.20.mamba.conv1d.bias]
Loading weights:  51%|███████████████████████████▍                          | 237/466 [00:00<00:00, 586.52it/s, Materializing param=model.layers.20.mamba.conv1d.bias]
Loading weights:  51%|██████████████████████████▌                         | 238/466 [00:00<00:00, 586.52it/s, Materializing param=model.layers.20.mamba.conv1d.weight]
Loading weights:  51%|██████████████████████████▌                         | 238/466 [00:00<00:00, 586.52it/s, Materializing param=model.layers.20.mamba.conv1d.weight]
Loading weights:  51%|█████████████████████████████▋                            | 239/466 [00:00<00:00, 586.52it/s, Materializing param=model.layers.20.mamba.dt_bias]
Loading weights:  51%|█████████████████████████████▋                            | 239/466 [00:00<00:00, 586.52it/s, Materializing param=model.layers.20.mamba.dt_bias]
Loading weights:  52%|██████████████████████████▎                        | 240/466 [00:00<00:00, 586.52it/s, Materializing param=model.layers.20.mamba.in_proj.weight]
Loading weights:  52%|██████████████████████████▎                        | 240/466 [00:00<00:00, 586.52it/s, Materializing param=model.layers.20.mamba.in_proj.weight]
Loading weights:  52%|███████████████████████████▉                          | 241/466 [00:00<00:00, 586.52it/s, Materializing param=model.layers.20.mamba.norm.weight]
Loading weights:  52%|███████████████████████████▉                          | 241/466 [00:00<00:00, 586.52it/s, Materializing param=model.layers.20.mamba.norm.weight]
Loading weights:  52%|█████████████████████████▉                        | 242/466 [00:00<00:00, 586.52it/s, Materializing param=model.layers.20.mamba.out_proj.weight]
Loading weights:  52%|█████████████████████████▉                        | 242/466 [00:00<00:00, 586.52it/s, Materializing param=model.layers.20.mamba.out_proj.weight]
Loading weights:  52%|████████████████████▊                   | 243/466 [00:00<00:00, 586.52it/s, Materializing param=model.layers.20.post_attention_layernorm.weight]
Loading weights:  52%|████████████████████▊                   | 243/466 [00:00<00:00, 586.52it/s, Materializing param=model.layers.20.post_attention_layernorm.weight]
Loading weights:  52%|█████████████████████▍                   | 244/466 [00:00<00:00, 586.52it/s, Materializing param=model.layers.20.shared_mlp.input_linear.weight]
Loading weights:  52%|█████████████████████▍                   | 244/466 [00:00<00:00, 586.52it/s, Materializing param=model.layers.20.shared_mlp.input_linear.weight]
Loading weights:  53%|█████████████████████▌                   | 245/466 [00:00<00:00, 586.21it/s, Materializing param=model.layers.20.shared_mlp.input_linear.weight]
Loading weights:  53%|█████████████████████                   | 245/466 [00:00<00:00, 586.21it/s, Materializing param=model.layers.20.shared_mlp.output_linear.weight]
Loading weights:  53%|█████████████████████                   | 245/466 [00:00<00:00, 586.21it/s, Materializing param=model.layers.20.shared_mlp.output_linear.weight]
Loading weights:  53%|█████████████████████████▊                       | 246/466 [00:00<00:00, 586.21it/s, Materializing param=model.layers.21.input_layernorm.weight]
Loading weights:  53%|█████████████████████████▊                       | 246/466 [00:00<00:00, 586.21it/s, Materializing param=model.layers.21.input_layernorm.weight]
Loading weights:  53%|███████████████████████████████▊                            | 247/466 [00:00<00:00, 586.21it/s, Materializing param=model.layers.21.mamba.A_log]
Loading weights:  53%|███████████████████████████████▊                            | 247/466 [00:00<00:00, 586.21it/s, Materializing param=model.layers.21.mamba.A_log]
Loading weights:  53%|██████████████████████████████████                              | 248/466 [00:00<00:00, 586.21it/s, Materializing param=model.layers.21.mamba.D]
Loading weights:  53%|██████████████████████████████████                              | 248/466 [00:00<00:00, 586.21it/s, Materializing param=model.layers.21.mamba.D]
Loading weights:  53%|████████████████████████████▊                         | 249/466 [00:00<00:00, 586.21it/s, Materializing param=model.layers.21.mamba.conv1d.bias]
Loading weights:  53%|████████████████████████████▊                         | 249/466 [00:00<00:00, 586.21it/s, Materializing param=model.layers.21.mamba.conv1d.bias]
Loading weights:  54%|███████████████████████████▉                        | 250/466 [00:00<00:00, 586.21it/s, Materializing param=model.layers.21.mamba.conv1d.weight]
Loading weights:  54%|███████████████████████████▉                        | 250/466 [00:00<00:00, 586.21it/s, Materializing param=model.layers.21.mamba.conv1d.weight]
Loading weights:  54%|███████████████████████████████▏                          | 251/466 [00:00<00:00, 586.21it/s, Materializing param=model.layers.21.mamba.dt_bias]
Loading weights:  54%|███████████████████████████████▏                          | 251/466 [00:00<00:00, 586.21it/s, Materializing param=model.layers.21.mamba.dt_bias]
Loading weights:  54%|███████████████████████████▌                       | 252/466 [00:00<00:00, 586.21it/s, Materializing param=model.layers.21.mamba.in_proj.weight]
Loading weights:  54%|███████████████████████████▌                       | 252/466 [00:00<00:00, 586.21it/s, Materializing param=model.layers.21.mamba.in_proj.weight]
Loading weights:  54%|█████████████████████████████▎                        | 253/466 [00:00<00:00, 586.21it/s, Materializing param=model.layers.21.mamba.norm.weight]
Loading weights:  54%|█████████████████████████████▎                        | 253/466 [00:00<00:00, 586.21it/s, Materializing param=model.layers.21.mamba.norm.weight]
Loading weights:  55%|███████████████████████████▎                      | 254/466 [00:00<00:00, 586.21it/s, Materializing param=model.layers.21.mamba.out_proj.weight]
Loading weights:  55%|███████████████████████████▎                      | 254/466 [00:00<00:00, 586.21it/s, Materializing param=model.layers.21.mamba.out_proj.weight]
Loading weights:  55%|█████████████████████▉                  | 255/466 [00:00<00:00, 586.21it/s, Materializing param=model.layers.21.post_attention_layernorm.weight]
Loading weights:  55%|█████████████████████▉                  | 255/466 [00:00<00:00, 586.21it/s, Materializing param=model.layers.21.post_attention_layernorm.weight]
Loading weights:  55%|██████████████████████▌                  | 256/466 [00:00<00:00, 586.21it/s, Materializing param=model.layers.21.shared_mlp.input_linear.weight]
Loading weights:  55%|██████████████████████▌                  | 256/466 [00:00<00:00, 586.21it/s, Materializing param=model.layers.21.shared_mlp.input_linear.weight]
Loading weights:  55%|██████████████████████                  | 257/466 [00:00<00:00, 586.21it/s, Materializing param=model.layers.21.shared_mlp.output_linear.weight]
Loading weights:  55%|██████████████████████                  | 257/466 [00:00<00:00, 586.21it/s, Materializing param=model.layers.21.shared_mlp.output_linear.weight]
Loading weights:  55%|███████████████████████████▏                     | 258/466 [00:00<00:00, 586.21it/s, Materializing param=model.layers.22.input_layernorm.weight]
Loading weights:  55%|███████████████████████████▏                     | 258/466 [00:00<00:00, 586.21it/s, Materializing param=model.layers.22.input_layernorm.weight]
Loading weights:  56%|█████████████████████████████████▎                          | 259/466 [00:00<00:00, 586.21it/s, Materializing param=model.layers.22.mamba.A_log]
Loading weights:  56%|█████████████████████████████████▎                          | 259/466 [00:00<00:00, 586.21it/s, Materializing param=model.layers.22.mamba.A_log]
Loading weights:  56%|███████████████████████████████████▋                            | 260/466 [00:00<00:00, 586.21it/s, Materializing param=model.layers.22.mamba.D]
Loading weights:  56%|███████████████████████████████████▋                            | 260/466 [00:00<00:00, 586.21it/s, Materializing param=model.layers.22.mamba.D]
Loading weights:  56%|██████████████████████████████▏                       | 261/466 [00:00<00:00, 586.21it/s, Materializing param=model.layers.22.mamba.conv1d.bias]
Loading weights:  56%|██████████████████████████████▏                       | 261/466 [00:00<00:00, 586.21it/s, Materializing param=model.layers.22.mamba.conv1d.bias]
Loading weights:  56%|█████████████████████████████▏                      | 262/466 [00:00<00:00, 586.21it/s, Materializing param=model.layers.22.mamba.conv1d.weight]
Loading weights:  56%|█████████████████████████████▏                      | 262/466 [00:00<00:00, 586.21it/s, Materializing param=model.layers.22.mamba.conv1d.weight]
Loading weights:  56%|████████████████████████████████▋                         | 263/466 [00:00<00:00, 586.21it/s, Materializing param=model.layers.22.mamba.dt_bias]
Loading weights:  56%|████████████████████████████████▋                         | 263/466 [00:00<00:00, 586.21it/s, Materializing param=model.layers.22.mamba.dt_bias]
Loading weights:  57%|████████████████████████████▉                      | 264/466 [00:00<00:00, 586.21it/s, Materializing param=model.layers.22.mamba.in_proj.weight]
Loading weights:  57%|████████████████████████████▉                      | 264/466 [00:00<00:00, 586.21it/s, Materializing param=model.layers.22.mamba.in_proj.weight]
Loading weights:  57%|██████████████████████████████▋                       | 265/466 [00:00<00:00, 586.21it/s, Materializing param=model.layers.22.mamba.norm.weight]
Loading weights:  57%|██████████████████████████████▋                       | 265/466 [00:00<00:00, 586.21it/s, Materializing param=model.layers.22.mamba.norm.weight]
Loading weights:  57%|████████████████████████████▌                     | 266/466 [00:00<00:00, 586.21it/s, Materializing param=model.layers.22.mamba.out_proj.weight]
Loading weights:  57%|████████████████████████████▌                     | 266/466 [00:00<00:00, 586.21it/s, Materializing param=model.layers.22.mamba.out_proj.weight]
Loading weights:  57%|██████████████████████▉                 | 267/466 [00:00<00:00, 586.21it/s, Materializing param=model.layers.22.post_attention_layernorm.weight]
Loading weights:  57%|██████████████████████▉                 | 267/466 [00:00<00:00, 586.21it/s, Materializing param=model.layers.22.post_attention_layernorm.weight]
Loading weights:  58%|███████████████████████▌                 | 268/466 [00:00<00:00, 586.21it/s, Materializing param=model.layers.22.shared_mlp.input_linear.weight]
Loading weights:  58%|███████████████████████▌                 | 268/466 [00:00<00:00, 586.21it/s, Materializing param=model.layers.22.shared_mlp.input_linear.weight]
Loading weights:  58%|███████████████████████                 | 269/466 [00:00<00:00, 586.21it/s, Materializing param=model.layers.22.shared_mlp.output_linear.weight]
Loading weights:  58%|███████████████████████                 | 269/466 [00:00<00:00, 586.21it/s, Materializing param=model.layers.22.shared_mlp.output_linear.weight]
Loading weights:  58%|████████████████████████████▍                    | 270/466 [00:00<00:00, 586.21it/s, Materializing param=model.layers.23.input_layernorm.weight]
Loading weights:  58%|████████████████████████████▍                    | 270/466 [00:00<00:00, 586.21it/s, Materializing param=model.layers.23.input_layernorm.weight]
Loading weights:  58%|██████████████████████████████████▉                         | 271/466 [00:00<00:00, 586.21it/s, Materializing param=model.layers.23.mamba.A_log]
Loading weights:  58%|██████████████████████████████████▉                         | 271/466 [00:00<00:00, 586.21it/s, Materializing param=model.layers.23.mamba.A_log]
Loading weights:  58%|█████████████████████████████████████▎                          | 272/466 [00:00<00:00, 586.21it/s, Materializing param=model.layers.23.mamba.D]
Loading weights:  58%|█████████████████████████████████████▎                          | 272/466 [00:00<00:00, 586.21it/s, Materializing param=model.layers.23.mamba.D]
Loading weights:  59%|███████████████████████████████▋                      | 273/466 [00:00<00:00, 586.21it/s, Materializing param=model.layers.23.mamba.conv1d.bias]
Loading weights:  59%|███████████████████████████████▋                      | 273/466 [00:00<00:00, 586.21it/s, Materializing param=model.layers.23.mamba.conv1d.bias]
Loading weights:  59%|██████████████████████████████▌                     | 274/466 [00:00<00:00, 586.21it/s, Materializing param=model.layers.23.mamba.conv1d.weight]
Loading weights:  59%|██████████████████████████████▌                     | 274/466 [00:00<00:00, 586.21it/s, Materializing param=model.layers.23.mamba.conv1d.weight]
Loading weights:  59%|██████████████████████████████████▏                       | 275/466 [00:00<00:00, 586.21it/s, Materializing param=model.layers.23.mamba.dt_bias]
Loading weights:  59%|██████████████████████████████████▏                       | 275/466 [00:00<00:00, 586.21it/s, Materializing param=model.layers.23.mamba.dt_bias]
Loading weights:  59%|██████████████████████████████▏                    | 276/466 [00:00<00:00, 586.21it/s, Materializing param=model.layers.23.mamba.in_proj.weight]
Loading weights:  59%|██████████████████████████████▏                    | 276/466 [00:00<00:00, 586.21it/s, Materializing param=model.layers.23.mamba.in_proj.weight]
Loading weights:  59%|████████████████████████████████                      | 277/466 [00:00<00:00, 586.21it/s, Materializing param=model.layers.23.mamba.norm.weight]
Loading weights:  59%|████████████████████████████████                      | 277/466 [00:00<00:00, 586.21it/s, Materializing param=model.layers.23.mamba.norm.weight]
Loading weights:  60%|█████████████████████████████▊                    | 278/466 [00:00<00:00, 586.21it/s, Materializing param=model.layers.23.mamba.out_proj.weight]
Loading weights:  60%|█████████████████████████████▊                    | 278/466 [00:00<00:00, 586.21it/s, Materializing param=model.layers.23.mamba.out_proj.weight]
Loading weights:  60%|███████████████████████▉                | 279/466 [00:00<00:00, 586.21it/s, Materializing param=model.layers.23.post_attention_layernorm.weight]
Loading weights:  60%|███████████████████████▉                | 279/466 [00:00<00:00, 586.21it/s, Materializing param=model.layers.23.post_attention_layernorm.weight]
Loading weights:  60%|████████████████████████▋                | 280/466 [00:00<00:00, 586.21it/s, Materializing param=model.layers.23.shared_mlp.input_linear.weight]
Loading weights:  60%|████████████████████████▋                | 280/466 [00:00<00:00, 586.21it/s, Materializing param=model.layers.23.shared_mlp.input_linear.weight]
Loading weights:  60%|████████████████████████                | 281/466 [00:00<00:00, 586.21it/s, Materializing param=model.layers.23.shared_mlp.output_linear.weight]
Loading weights:  60%|████████████████████████                | 281/466 [00:00<00:00, 586.21it/s, Materializing param=model.layers.23.shared_mlp.output_linear.weight]
Loading weights:  61%|█████████████████████████████▋                   | 282/466 [00:00<00:00, 586.21it/s, Materializing param=model.layers.24.input_layernorm.weight]
Loading weights:  61%|█████████████████████████████▋                   | 282/466 [00:00<00:00, 586.21it/s, Materializing param=model.layers.24.input_layernorm.weight]
Loading weights:  61%|████████████████████████████████████▍                       | 283/466 [00:00<00:00, 586.21it/s, Materializing param=model.layers.24.mamba.A_log]
Loading weights:  61%|████████████████████████████████████▍                       | 283/466 [00:00<00:00, 586.21it/s, Materializing param=model.layers.24.mamba.A_log]
Loading weights:  61%|███████████████████████████████████████                         | 284/466 [00:00<00:00, 586.21it/s, Materializing param=model.layers.24.mamba.D]
Loading weights:  61%|███████████████████████████████████████                         | 284/466 [00:00<00:00, 586.21it/s, Materializing param=model.layers.24.mamba.D]
Loading weights:  61%|█████████████████████████████████                     | 285/466 [00:00<00:00, 586.21it/s, Materializing param=model.layers.24.mamba.conv1d.bias]
Loading weights:  61%|█████████████████████████████████                     | 285/466 [00:00<00:00, 586.21it/s, Materializing param=model.layers.24.mamba.conv1d.bias]
Loading weights:  61%|███████████████████████████████▉                    | 286/466 [00:00<00:00, 586.21it/s, Materializing param=model.layers.24.mamba.conv1d.weight]
Loading weights:  61%|███████████████████████████████▉                    | 286/466 [00:00<00:00, 586.21it/s, Materializing param=model.layers.24.mamba.conv1d.weight]
Loading weights:  62%|███████████████████████████████████▋                      | 287/466 [00:00<00:00, 586.21it/s, Materializing param=model.layers.24.mamba.dt_bias]
Loading weights:  62%|███████████████████████████████████▋                      | 287/466 [00:00<00:00, 586.21it/s, Materializing param=model.layers.24.mamba.dt_bias]
Loading weights:  62%|███████████████████████████████▌                   | 288/466 [00:00<00:00, 586.21it/s, Materializing param=model.layers.24.mamba.in_proj.weight]
Loading weights:  62%|███████████████████████████████▌                   | 288/466 [00:00<00:00, 586.21it/s, Materializing param=model.layers.24.mamba.in_proj.weight]
Loading weights:  62%|█████████████████████████████████▍                    | 289/466 [00:00<00:00, 586.21it/s, Materializing param=model.layers.24.mamba.norm.weight]
Loading weights:  62%|█████████████████████████████████▍                    | 289/466 [00:00<00:00, 586.21it/s, Materializing param=model.layers.24.mamba.norm.weight]
Loading weights:  62%|███████████████████████████████                   | 290/466 [00:00<00:00, 586.21it/s, Materializing param=model.layers.24.mamba.out_proj.weight]
Loading weights:  62%|███████████████████████████████                   | 290/466 [00:00<00:00, 586.21it/s, Materializing param=model.layers.24.mamba.out_proj.weight]
Loading weights:  62%|████████████████████████▉               | 291/466 [00:00<00:00, 586.21it/s, Materializing param=model.layers.24.post_attention_layernorm.weight]
Loading weights:  62%|████████████████████████▉               | 291/466 [00:00<00:00, 586.21it/s, Materializing param=model.layers.24.post_attention_layernorm.weight]
Loading weights:  63%|█████████████████████████▋               | 292/466 [00:00<00:00, 586.21it/s, Materializing param=model.layers.24.shared_mlp.input_linear.weight]
Loading weights:  63%|█████████████████████████▋               | 292/466 [00:00<00:00, 586.21it/s, Materializing param=model.layers.24.shared_mlp.input_linear.weight]
Loading weights:  63%|█████████████████████████▏              | 293/466 [00:00<00:00, 586.21it/s, Materializing param=model.layers.24.shared_mlp.output_linear.weight]
Loading weights:  63%|█████████████████████████▏              | 293/466 [00:00<00:00, 586.21it/s, Materializing param=model.layers.24.shared_mlp.output_linear.weight]
Loading weights:  63%|██████████████████████████████▉                  | 294/466 [00:00<00:00, 586.21it/s, Materializing param=model.layers.25.input_layernorm.weight]
Loading weights:  63%|██████████████████████████████▉                  | 294/466 [00:00<00:00, 586.21it/s, Materializing param=model.layers.25.input_layernorm.weight]
Loading weights:  63%|█████████████████████████▎              | 295/466 [00:00<00:00, 586.21it/s, Materializing param=model.layers.25.post_attention_layernorm.weight]
Loading weights:  63%|█████████████████████████▎              | 295/466 [00:00<00:00, 586.21it/s, Materializing param=model.layers.25.post_attention_layernorm.weight]
Loading weights:  64%|██████████████████████████████▍                 | 296/466 [00:00<00:00, 586.21it/s, Materializing param=model.layers.25.self_attn.k_proj.weight]
Loading weights:  64%|██████████████████████████████▍                 | 296/466 [00:00<00:00, 586.21it/s, Materializing param=model.layers.25.self_attn.k_proj.weight]
Loading weights:  64%|██████████████████████████████▌                 | 297/466 [00:00<00:00, 586.21it/s, Materializing param=model.layers.25.self_attn.o_proj.weight]
Loading weights:  64%|██████████████████████████████▌                 | 297/466 [00:00<00:00, 586.21it/s, Materializing param=model.layers.25.self_attn.o_proj.weight]
Loading weights:  64%|██████████████████████████████▋                 | 298/466 [00:00<00:00, 586.21it/s, Materializing param=model.layers.25.self_attn.q_proj.weight]
Loading weights:  64%|██████████████████████████████▋                 | 298/466 [00:00<00:00, 586.21it/s, Materializing param=model.layers.25.self_attn.q_proj.weight]
Loading weights:  64%|██████████████████████████████▊                 | 299/466 [00:00<00:00, 586.21it/s, Materializing param=model.layers.25.self_attn.v_proj.weight]
Loading weights:  64%|██████████████████████████████▊                 | 299/466 [00:00<00:00, 586.21it/s, Materializing param=model.layers.25.self_attn.v_proj.weight]
Loading weights:  64%|██████████████████████████▍              | 300/466 [00:00<00:00, 586.21it/s, Materializing param=model.layers.25.shared_mlp.input_linear.weight]
Loading weights:  64%|██████████████████████████▍              | 300/466 [00:00<00:00, 586.21it/s, Materializing param=model.layers.25.shared_mlp.input_linear.weight]
Loading weights:  65%|█████████████████████████▊              | 301/466 [00:00<00:00, 586.21it/s, Materializing param=model.layers.25.shared_mlp.output_linear.weight]
Loading weights:  65%|█████████████████████████▊              | 301/466 [00:00<00:00, 586.21it/s, Materializing param=model.layers.25.shared_mlp.output_linear.weight]
Loading weights:  65%|███████████████████████████████▊                 | 302/466 [00:00<00:00, 586.21it/s, Materializing param=model.layers.26.input_layernorm.weight]
Loading weights:  65%|███████████████████████████████▊                 | 302/466 [00:00<00:00, 586.21it/s, Materializing param=model.layers.26.input_layernorm.weight]
Loading weights:  65%|███████████████████████████████████████                     | 303/466 [00:00<00:00, 586.21it/s, Materializing param=model.layers.26.mamba.A_log]
Loading weights:  65%|███████████████████████████████████████                     | 303/466 [00:00<00:00, 586.21it/s, Materializing param=model.layers.26.mamba.A_log]
Loading weights:  65%|███████████████████████████████████████▏                    | 304/466 [00:00<00:00, 570.60it/s, Materializing param=model.layers.26.mamba.A_log]
Loading weights:  65%|█████████████████████████████████████████▊                      | 304/466 [00:00<00:00, 570.60it/s, Materializing param=model.layers.26.mamba.D]
Loading weights:  65%|█████████████████████████████████████████▊                      | 304/466 [00:00<00:00, 570.60it/s, Materializing param=model.layers.26.mamba.D]
Loading weights:  65%|███████████████████████████████████▎                  | 305/466 [00:00<00:00, 570.60it/s, Materializing param=model.layers.26.mamba.conv1d.bias]
Loading weights:  65%|███████████████████████████████████▎                  | 305/466 [00:00<00:00, 570.60it/s, Materializing param=model.layers.26.mamba.conv1d.bias]
Loading weights:  66%|██████████████████████████████████▏                 | 306/466 [00:00<00:00, 570.60it/s, Materializing param=model.layers.26.mamba.conv1d.weight]
Loading weights:  66%|██████████████████████████████████▏                 | 306/466 [00:00<00:00, 570.60it/s, Materializing param=model.layers.26.mamba.conv1d.weight]
Loading weights:  66%|██████████████████████████████████████▏                   | 307/466 [00:00<00:00, 570.60it/s, Materializing param=model.layers.26.mamba.dt_bias]
Loading weights:  66%|██████████████████████████████████████▏                   | 307/466 [00:00<00:00, 570.60it/s, Materializing param=model.layers.26.mamba.dt_bias]
Loading weights:  66%|█████████████████████████████████▋                 | 308/466 [00:00<00:00, 570.60it/s, Materializing param=model.layers.26.mamba.in_proj.weight]
Loading weights:  66%|█████████████████████████████████▋                 | 308/466 [00:00<00:00, 570.60it/s, Materializing param=model.layers.26.mamba.in_proj.weight]
Loading weights:  66%|███████████████████████████████████▊                  | 309/466 [00:00<00:00, 570.60it/s, Materializing param=model.layers.26.mamba.norm.weight]
Loading weights:  66%|███████████████████████████████████▊                  | 309/466 [00:00<00:00, 570.60it/s, Materializing param=model.layers.26.mamba.norm.weight]
Loading weights:  67%|█████████████████████████████████▎                | 310/466 [00:00<00:00, 570.60it/s, Materializing param=model.layers.26.mamba.out_proj.weight]
Loading weights:  67%|█████████████████████████████████▎                | 310/466 [00:00<00:00, 570.60it/s, Materializing param=model.layers.26.mamba.out_proj.weight]
Loading weights:  67%|██████████████████████████▋             | 311/466 [00:00<00:00, 570.60it/s, Materializing param=model.layers.26.post_attention_layernorm.weight]
Loading weights:  67%|██████████████████████████▋             | 311/466 [00:00<00:00, 570.60it/s, Materializing param=model.layers.26.post_attention_layernorm.weight]
Loading weights:  67%|███████████████████████████▍             | 312/466 [00:00<00:00, 570.60it/s, Materializing param=model.layers.26.shared_mlp.input_linear.weight]
Loading weights:  67%|███████████████████████████▍             | 312/466 [00:00<00:00, 570.60it/s, Materializing param=model.layers.26.shared_mlp.input_linear.weight]
Loading weights:  67%|██████████████████████████▊             | 313/466 [00:00<00:00, 570.60it/s, Materializing param=model.layers.26.shared_mlp.output_linear.weight]
Loading weights:  67%|██████████████████████████▊             | 313/466 [00:00<00:00, 570.60it/s, Materializing param=model.layers.26.shared_mlp.output_linear.weight]
Loading weights:  67%|█████████████████████████████████                | 314/466 [00:00<00:00, 570.60it/s, Materializing param=model.layers.27.input_layernorm.weight]
Loading weights:  67%|█████████████████████████████████                | 314/466 [00:00<00:00, 570.60it/s, Materializing param=model.layers.27.input_layernorm.weight]
Loading weights:  68%|████████████████████████████████████████▌                   | 315/466 [00:00<00:00, 570.60it/s, Materializing param=model.layers.27.mamba.A_log]
Loading weights:  68%|████████████████████████████████████████▌                   | 315/466 [00:00<00:00, 570.60it/s, Materializing param=model.layers.27.mamba.A_log]
Loading weights:  68%|███████████████████████████████████████████▍                    | 316/466 [00:00<00:00, 570.60it/s, Materializing param=model.layers.27.mamba.D]
Loading weights:  68%|███████████████████████████████████████████▍                    | 316/466 [00:00<00:00, 570.60it/s, Materializing param=model.layers.27.mamba.D]
Loading weights:  68%|████████████████████████████████████▋                 | 317/466 [00:00<00:00, 570.60it/s, Materializing param=model.layers.27.mamba.conv1d.bias]
Loading weights:  68%|████████████████████████████████████▋                 | 317/466 [00:00<00:00, 570.60it/s, Materializing param=model.layers.27.mamba.conv1d.bias]
Loading weights:  68%|███████████████████████████████████▍                | 318/466 [00:00<00:00, 570.60it/s, Materializing param=model.layers.27.mamba.conv1d.weight]
Loading weights:  68%|███████████████████████████████████▍                | 318/466 [00:00<00:00, 570.60it/s, Materializing param=model.layers.27.mamba.conv1d.weight]
Loading weights:  68%|███████████████████████████████████████▋                  | 319/466 [00:00<00:00, 570.60it/s, Materializing param=model.layers.27.mamba.dt_bias]
Loading weights:  68%|███████████████████████████████████████▋                  | 319/466 [00:00<00:00, 570.60it/s, Materializing param=model.layers.27.mamba.dt_bias]
Loading weights:  69%|███████████████████████████████████                | 320/466 [00:00<00:00, 570.60it/s, Materializing param=model.layers.27.mamba.in_proj.weight]
Loading weights:  69%|███████████████████████████████████                | 320/466 [00:00<00:00, 570.60it/s, Materializing param=model.layers.27.mamba.in_proj.weight]
Loading weights:  69%|█████████████████████████████████████▏                | 321/466 [00:00<00:00, 570.60it/s, Materializing param=model.layers.27.mamba.norm.weight]
Loading weights:  69%|█████████████████████████████████████▏                | 321/466 [00:00<00:00, 570.60it/s, Materializing param=model.layers.27.mamba.norm.weight]
Loading weights:  69%|██████████████████████████████████▌               | 322/466 [00:00<00:00, 570.60it/s, Materializing param=model.layers.27.mamba.out_proj.weight]
Loading weights:  69%|██████████████████████████████████▌               | 322/466 [00:00<00:00, 570.60it/s, Materializing param=model.layers.27.mamba.out_proj.weight]
Loading weights:  69%|███████████████████████████▋            | 323/466 [00:00<00:00, 570.60it/s, Materializing param=model.layers.27.post_attention_layernorm.weight]
Loading weights:  69%|███████████████████████████▋            | 323/466 [00:00<00:00, 570.60it/s, Materializing param=model.layers.27.post_attention_layernorm.weight]
Loading weights:  70%|████████████████████████████▌            | 324/466 [00:00<00:00, 570.60it/s, Materializing param=model.layers.27.shared_mlp.input_linear.weight]
Loading weights:  70%|████████████████████████████▌            | 324/466 [00:00<00:00, 570.60it/s, Materializing param=model.layers.27.shared_mlp.input_linear.weight]
Loading weights:  70%|███████████████████████████▉            | 325/466 [00:00<00:00, 570.60it/s, Materializing param=model.layers.27.shared_mlp.output_linear.weight]
Loading weights:  70%|███████████████████████████▉            | 325/466 [00:00<00:00, 570.60it/s, Materializing param=model.layers.27.shared_mlp.output_linear.weight]
Loading weights:  70%|██████████████████████████████████▎              | 326/466 [00:00<00:00, 570.60it/s, Materializing param=model.layers.28.input_layernorm.weight]
Loading weights:  70%|██████████████████████████████████▎              | 326/466 [00:00<00:00, 570.60it/s, Materializing param=model.layers.28.input_layernorm.weight]
Loading weights:  70%|██████████████████████████████████████████                  | 327/466 [00:00<00:00, 570.60it/s, Materializing param=model.layers.28.mamba.A_log]
Loading weights:  70%|██████████████████████████████████████████                  | 327/466 [00:00<00:00, 570.60it/s, Materializing param=model.layers.28.mamba.A_log]
Loading weights:  70%|█████████████████████████████████████████████                   | 328/466 [00:00<00:00, 570.60it/s, Materializing param=model.layers.28.mamba.D]
Loading weights:  70%|█████████████████████████████████████████████                   | 328/466 [00:00<00:00, 570.60it/s, Materializing param=model.layers.28.mamba.D]
Loading weights:  71%|██████████████████████████████████████                | 329/466 [00:00<00:00, 570.60it/s, Materializing param=model.layers.28.mamba.conv1d.bias]
Loading weights:  71%|██████████████████████████████████████                | 329/466 [00:00<00:00, 570.60it/s, Materializing param=model.layers.28.mamba.conv1d.bias]
Loading weights:  71%|████████████████████████████████████▊               | 330/466 [00:00<00:00, 570.60it/s, Materializing param=model.layers.28.mamba.conv1d.weight]
Loading weights:  71%|████████████████████████████████████▊               | 330/466 [00:00<00:00, 570.60it/s, Materializing param=model.layers.28.mamba.conv1d.weight]
Loading weights:  71%|█████████████████████████████████████████▏                | 331/466 [00:00<00:00, 570.60it/s, Materializing param=model.layers.28.mamba.dt_bias]
Loading weights:  71%|█████████████████████████████████████████▏                | 331/466 [00:00<00:00, 570.60it/s, Materializing param=model.layers.28.mamba.dt_bias]
Loading weights:  71%|████████████████████████████████████▎              | 332/466 [00:00<00:00, 570.60it/s, Materializing param=model.layers.28.mamba.in_proj.weight]
Loading weights:  71%|████████████████████████████████████▎              | 332/466 [00:00<00:00, 570.60it/s, Materializing param=model.layers.28.mamba.in_proj.weight]
Loading weights:  71%|██████████████████████████████████████▌               | 333/466 [00:00<00:00, 570.60it/s, Materializing param=model.layers.28.mamba.norm.weight]
Loading weights:  71%|██████████████████████████████████████▌               | 333/466 [00:00<00:00, 570.60it/s, Materializing param=model.layers.28.mamba.norm.weight]
Loading weights:  72%|███████████████████████████████████▊              | 334/466 [00:00<00:00, 570.60it/s, Materializing param=model.layers.28.mamba.out_proj.weight]
Loading weights:  72%|███████████████████████████████████▊              | 334/466 [00:00<00:00, 570.60it/s, Materializing param=model.layers.28.mamba.out_proj.weight]
Loading weights:  72%|████████████████████████████▊           | 335/466 [00:00<00:00, 570.60it/s, Materializing param=model.layers.28.post_attention_layernorm.weight]
Loading weights:  72%|████████████████████████████▊           | 335/466 [00:00<00:00, 570.60it/s, Materializing param=model.layers.28.post_attention_layernorm.weight]
Loading weights:  72%|█████████████████████████████▌           | 336/466 [00:00<00:00, 570.60it/s, Materializing param=model.layers.28.shared_mlp.input_linear.weight]
Loading weights:  72%|█████████████████████████████▌           | 336/466 [00:00<00:00, 570.60it/s, Materializing param=model.layers.28.shared_mlp.input_linear.weight]
Loading weights:  72%|████████████████████████████▉           | 337/466 [00:00<00:00, 570.60it/s, Materializing param=model.layers.28.shared_mlp.output_linear.weight]
Loading weights:  72%|████████████████████████████▉           | 337/466 [00:00<00:00, 570.60it/s, Materializing param=model.layers.28.shared_mlp.output_linear.weight]
Loading weights:  73%|███████████████████████████████████▌             | 338/466 [00:00<00:00, 570.60it/s, Materializing param=model.layers.29.input_layernorm.weight]
Loading weights:  73%|███████████████████████████████████▌             | 338/466 [00:00<00:00, 570.60it/s, Materializing param=model.layers.29.input_layernorm.weight]
Loading weights:  73%|███████████████████████████████████████████▋                | 339/466 [00:00<00:00, 570.60it/s, Materializing param=model.layers.29.mamba.A_log]
Loading weights:  73%|███████████████████████████████████████████▋                | 339/466 [00:00<00:00, 570.60it/s, Materializing param=model.layers.29.mamba.A_log]
Loading weights:  73%|██████████████████████████████████████████████▋                 | 340/466 [00:00<00:00, 570.60it/s, Materializing param=model.layers.29.mamba.D]
Loading weights:  73%|██████████████████████████████████████████████▋                 | 340/466 [00:00<00:00, 570.60it/s, Materializing param=model.layers.29.mamba.D]
Loading weights:  73%|███████████████████████████████████████▌              | 341/466 [00:00<00:00, 570.60it/s, Materializing param=model.layers.29.mamba.conv1d.bias]
Loading weights:  73%|███████████████████████████████████████▌              | 341/466 [00:00<00:00, 570.60it/s, Materializing param=model.layers.29.mamba.conv1d.bias]
Loading weights:  73%|██████████████████████████████████████▏             | 342/466 [00:00<00:00, 570.60it/s, Materializing param=model.layers.29.mamba.conv1d.weight]
Loading weights:  73%|██████████████████████████████████████▏             | 342/466 [00:00<00:00, 570.60it/s, Materializing param=model.layers.29.mamba.conv1d.weight]
Loading weights:  74%|██████████████████████████████████████████▋               | 343/466 [00:00<00:00, 570.60it/s, Materializing param=model.layers.29.mamba.dt_bias]
Loading weights:  74%|██████████████████████████████████████████▋               | 343/466 [00:00<00:00, 570.60it/s, Materializing param=model.layers.29.mamba.dt_bias]
Loading weights:  74%|█████████████████████████████████████▋             | 344/466 [00:00<00:00, 570.60it/s, Materializing param=model.layers.29.mamba.in_proj.weight]
Loading weights:  74%|█████████████████████████████████████▋             | 344/466 [00:00<00:00, 570.60it/s, Materializing param=model.layers.29.mamba.in_proj.weight]
Loading weights:  74%|███████████████████████████████████████▉              | 345/466 [00:00<00:00, 570.60it/s, Materializing param=model.layers.29.mamba.norm.weight]
Loading weights:  74%|███████████████████████████████████████▉              | 345/466 [00:00<00:00, 570.60it/s, Materializing param=model.layers.29.mamba.norm.weight]
Loading weights:  74%|█████████████████████████████████████             | 346/466 [00:00<00:00, 570.60it/s, Materializing param=model.layers.29.mamba.out_proj.weight]
Loading weights:  74%|█████████████████████████████████████             | 346/466 [00:00<00:00, 570.60it/s, Materializing param=model.layers.29.mamba.out_proj.weight]
Loading weights:  74%|█████████████████████████████▊          | 347/466 [00:00<00:00, 570.60it/s, Materializing param=model.layers.29.post_attention_layernorm.weight]
Loading weights:  74%|█████████████████████████████▊          | 347/466 [00:00<00:00, 570.60it/s, Materializing param=model.layers.29.post_attention_layernorm.weight]
Loading weights:  75%|██████████████████████████████▌          | 348/466 [00:00<00:00, 570.60it/s, Materializing param=model.layers.29.shared_mlp.input_linear.weight]
Loading weights:  75%|██████████████████████████████▌          | 348/466 [00:00<00:00, 570.60it/s, Materializing param=model.layers.29.shared_mlp.input_linear.weight]
Loading weights:  75%|█████████████████████████████▉          | 349/466 [00:00<00:00, 570.60it/s, Materializing param=model.layers.29.shared_mlp.output_linear.weight]
Loading weights:  75%|█████████████████████████████▉          | 349/466 [00:00<00:00, 570.60it/s, Materializing param=model.layers.29.shared_mlp.output_linear.weight]
Loading weights:  75%|████████████████████████████████████▊            | 350/466 [00:00<00:00, 570.60it/s, Materializing param=model.layers.30.input_layernorm.weight]
Loading weights:  75%|████████████████████████████████████▊            | 350/466 [00:00<00:00, 570.60it/s, Materializing param=model.layers.30.input_layernorm.weight]
Loading weights:  75%|█████████████████████████████████████████████▏              | 351/466 [00:00<00:00, 570.60it/s, Materializing param=model.layers.30.mamba.A_log]
Loading weights:  75%|█████████████████████████████████████████████▏              | 351/466 [00:00<00:00, 570.60it/s, Materializing param=model.layers.30.mamba.A_log]
Loading weights:  76%|████████████████████████████████████████████████▎               | 352/466 [00:00<00:00, 570.60it/s, Materializing param=model.layers.30.mamba.D]
Loading weights:  76%|████████████████████████████████████████████████▎               | 352/466 [00:00<00:00, 570.60it/s, Materializing param=model.layers.30.mamba.D]
Loading weights:  76%|████████████████████████████████████████▉             | 353/466 [00:00<00:00, 570.60it/s, Materializing param=model.layers.30.mamba.conv1d.bias]
Loading weights:  76%|████████████████████████████████████████▉             | 353/466 [00:00<00:00, 570.60it/s, Materializing param=model.layers.30.mamba.conv1d.bias]
Loading weights:  76%|███████████████████████████████████████▌            | 354/466 [00:00<00:00, 570.60it/s, Materializing param=model.layers.30.mamba.conv1d.weight]
Loading weights:  76%|███████████████████████████████████████▌            | 354/466 [00:00<00:00, 570.60it/s, Materializing param=model.layers.30.mamba.conv1d.weight]
Loading weights:  76%|████████████████████████████████████████████▏             | 355/466 [00:00<00:00, 570.60it/s, Materializing param=model.layers.30.mamba.dt_bias]
Loading weights:  76%|████████████████████████████████████████████▏             | 355/466 [00:00<00:00, 570.60it/s, Materializing param=model.layers.30.mamba.dt_bias]
Loading weights:  76%|██████████████████████████████████████▉            | 356/466 [00:00<00:00, 570.60it/s, Materializing param=model.layers.30.mamba.in_proj.weight]
Loading weights:  76%|██████████████████████████████████████▉            | 356/466 [00:00<00:00, 570.60it/s, Materializing param=model.layers.30.mamba.in_proj.weight]
Loading weights:  77%|█████████████████████████████████████████▎            | 357/466 [00:00<00:00, 570.60it/s, Materializing param=model.layers.30.mamba.norm.weight]
Loading weights:  77%|█████████████████████████████████████████▎            | 357/466 [00:00<00:00, 570.60it/s, Materializing param=model.layers.30.mamba.norm.weight]
Loading weights:  77%|██████████████████████████████████████▍           | 358/466 [00:00<00:00, 570.60it/s, Materializing param=model.layers.30.mamba.out_proj.weight]
Loading weights:  77%|██████████████████████████████████████▍           | 358/466 [00:00<00:00, 570.60it/s, Materializing param=model.layers.30.mamba.out_proj.weight]
Loading weights:  77%|██████████████████████████████▊         | 359/466 [00:00<00:00, 570.60it/s, Materializing param=model.layers.30.post_attention_layernorm.weight]
Loading weights:  77%|██████████████████████████████▊         | 359/466 [00:00<00:00, 570.60it/s, Materializing param=model.layers.30.post_attention_layernorm.weight]
Loading weights:  77%|███████████████████████████████▋         | 360/466 [00:00<00:00, 570.60it/s, Materializing param=model.layers.30.shared_mlp.input_linear.weight]
Loading weights:  77%|███████████████████████████████▋         | 360/466 [00:00<00:00, 570.60it/s, Materializing param=model.layers.30.shared_mlp.input_linear.weight]
Loading weights:  77%|██████████████████████████████▉         | 361/466 [00:00<00:00, 570.60it/s, Materializing param=model.layers.30.shared_mlp.output_linear.weight]
Loading weights:  77%|██████████████████████████████▉         | 361/466 [00:00<00:00, 570.60it/s, Materializing param=model.layers.30.shared_mlp.output_linear.weight]
Loading weights:  78%|███████████████████████████████         | 362/466 [00:00<00:00, 571.41it/s, Materializing param=model.layers.30.shared_mlp.output_linear.weight]
Loading weights:  78%|██████████████████████████████████████           | 362/466 [00:00<00:00, 571.41it/s, Materializing param=model.layers.31.input_layernorm.weight]
Loading weights:  78%|██████████████████████████████████████           | 362/466 [00:00<00:00, 571.41it/s, Materializing param=model.layers.31.input_layernorm.weight]
Loading weights:  78%|██████████████████████████████████████████████▋             | 363/466 [00:00<00:00, 571.41it/s, Materializing param=model.layers.31.mamba.A_log]
Loading weights:  78%|██████████████████████████████████████████████▋             | 363/466 [00:00<00:00, 571.41it/s, Materializing param=model.layers.31.mamba.A_log]
Loading weights:  78%|█████████████████████████████████████████████████▉              | 364/466 [00:00<00:00, 571.41it/s, Materializing param=model.layers.31.mamba.D]
Loading weights:  78%|█████████████████████████████████████████████████▉              | 364/466 [00:00<00:00, 571.41it/s, Materializing param=model.layers.31.mamba.D]
Loading weights:  78%|██████████████████████████████████████████▎           | 365/466 [00:00<00:00, 571.41it/s, Materializing param=model.layers.31.mamba.conv1d.bias]
Loading weights:  78%|██████████████████████████████████████████▎           | 365/466 [00:00<00:00, 571.41it/s, Materializing param=model.layers.31.mamba.conv1d.bias]
Loading weights:  79%|████████████████████████████████████████▊           | 366/466 [00:00<00:00, 571.41it/s, Materializing param=model.layers.31.mamba.conv1d.weight]
Loading weights:  79%|████████████████████████████████████████▊           | 366/466 [00:00<00:00, 571.41it/s, Materializing param=model.layers.31.mamba.conv1d.weight]
Loading weights:  79%|█████████████████████████████████████████████▋            | 367/466 [00:00<00:00, 571.41it/s, Materializing param=model.layers.31.mamba.dt_bias]
Loading weights:  79%|█████████████████████████████████████████████▋            | 367/466 [00:00<00:00, 571.41it/s, Materializing param=model.layers.31.mamba.dt_bias]
Loading weights:  79%|████████████████████████████████████████▎          | 368/466 [00:00<00:00, 571.41it/s, Materializing param=model.layers.31.mamba.in_proj.weight]
Loading weights:  79%|████████████████████████████████████████▎          | 368/466 [00:00<00:00, 571.41it/s, Materializing param=model.layers.31.mamba.in_proj.weight]
Loading weights:  79%|██████████████████████████████████████████▊           | 369/466 [00:00<00:00, 571.41it/s, Materializing param=model.layers.31.mamba.norm.weight]
Loading weights:  79%|██████████████████████████████████████████▊           | 369/466 [00:00<00:00, 571.41it/s, Materializing param=model.layers.31.mamba.norm.weight]
Loading weights:  79%|███████████████████████████████████████▋          | 370/466 [00:00<00:00, 571.41it/s, Materializing param=model.layers.31.mamba.out_proj.weight]
Loading weights:  79%|███████████████████████████████████████▋          | 370/466 [00:00<00:00, 571.41it/s, Materializing param=model.layers.31.mamba.out_proj.weight]
Loading weights:  80%|███████████████████████████████▊        | 371/466 [00:00<00:00, 571.41it/s, Materializing param=model.layers.31.post_attention_layernorm.weight]
Loading weights:  80%|███████████████████████████████▊        | 371/466 [00:00<00:00, 571.41it/s, Materializing param=model.layers.31.post_attention_layernorm.weight]
Loading weights:  80%|████████████████████████████████▋        | 372/466 [00:00<00:00, 571.41it/s, Materializing param=model.layers.31.shared_mlp.input_linear.weight]
Loading weights:  80%|████████████████████████████████▋        | 372/466 [00:00<00:00, 571.41it/s, Materializing param=model.layers.31.shared_mlp.input_linear.weight]
Loading weights:  80%|████████████████████████████████        | 373/466 [00:00<00:00, 571.41it/s, Materializing param=model.layers.31.shared_mlp.output_linear.weight]
Loading weights:  80%|████████████████████████████████        | 373/466 [00:00<00:00, 571.41it/s, Materializing param=model.layers.31.shared_mlp.output_linear.weight]
Loading weights:  80%|███████████████████████████████████████▎         | 374/466 [00:00<00:00, 571.41it/s, Materializing param=model.layers.32.input_layernorm.weight]
Loading weights:  80%|███████████████████████████████████████▎         | 374/466 [00:00<00:00, 571.41it/s, Materializing param=model.layers.32.input_layernorm.weight]
Loading weights:  80%|████████████████████████████████████████████████▎           | 375/466 [00:00<00:00, 571.41it/s, Materializing param=model.layers.32.mamba.A_log]
Loading weights:  80%|████████████████████████████████████████████████▎           | 375/466 [00:00<00:00, 571.41it/s, Materializing param=model.layers.32.mamba.A_log]
Loading weights:  81%|███████████████████████████████████████████████████▋            | 376/466 [00:00<00:00, 571.41it/s, Materializing param=model.layers.32.mamba.D]
Loading weights:  81%|███████████████████████████████████████████████████▋            | 376/466 [00:00<00:00, 571.41it/s, Materializing param=model.layers.32.mamba.D]
Loading weights:  81%|███████████████████████████████████████████▋          | 377/466 [00:00<00:00, 571.41it/s, Materializing param=model.layers.32.mamba.conv1d.bias]
Loading weights:  81%|███████████████████████████████████████████▋          | 377/466 [00:00<00:00, 571.41it/s, Materializing param=model.layers.32.mamba.conv1d.bias]
Loading weights:  81%|██████████████████████████████████████████▏         | 378/466 [00:00<00:00, 571.41it/s, Materializing param=model.layers.32.mamba.conv1d.weight]
Loading weights:  81%|██████████████████████████████████████████▏         | 378/466 [00:00<00:00, 571.41it/s, Materializing param=model.layers.32.mamba.conv1d.weight]
Loading weights:  81%|███████████████████████████████████████████████▏          | 379/466 [00:00<00:00, 571.41it/s, Materializing param=model.layers.32.mamba.dt_bias]
Loading weights:  81%|███████████████████████████████████████████████▏          | 379/466 [00:00<00:00, 571.41it/s, Materializing param=model.layers.32.mamba.dt_bias]
Loading weights:  82%|█████████████████████████████████████████▌         | 380/466 [00:00<00:00, 571.41it/s, Materializing param=model.layers.32.mamba.in_proj.weight]
Loading weights:  82%|█████████████████████████████████████████▌         | 380/466 [00:00<00:00, 571.41it/s, Materializing param=model.layers.32.mamba.in_proj.weight]
Loading weights:  82%|████████████████████████████████████████████▏         | 381/466 [00:00<00:00, 571.41it/s, Materializing param=model.layers.32.mamba.norm.weight]
Loading weights:  82%|████████████████████████████████████████████▏         | 381/466 [00:00<00:00, 571.41it/s, Materializing param=model.layers.32.mamba.norm.weight]
Loading weights:  82%|████████████████████████████████████████▉         | 382/466 [00:00<00:00, 571.41it/s, Materializing param=model.layers.32.mamba.out_proj.weight]
Loading weights:  82%|████████████████████████████████████████▉         | 382/466 [00:00<00:00, 571.41it/s, Materializing param=model.layers.32.mamba.out_proj.weight]
Loading weights:  82%|████████████████████████████████▉       | 383/466 [00:00<00:00, 571.41it/s, Materializing param=model.layers.32.post_attention_layernorm.weight]
Loading weights:  82%|████████████████████████████████▉       | 383/466 [00:00<00:00, 571.41it/s, Materializing param=model.layers.32.post_attention_layernorm.weight]
Loading weights:  82%|█████████████████████████████████▊       | 384/466 [00:00<00:00, 571.41it/s, Materializing param=model.layers.32.shared_mlp.input_linear.weight]
Loading weights:  82%|█████████████████████████████████▊       | 384/466 [00:00<00:00, 571.41it/s, Materializing param=model.layers.32.shared_mlp.input_linear.weight]
Loading weights:  83%|█████████████████████████████████       | 385/466 [00:00<00:00, 571.41it/s, Materializing param=model.layers.32.shared_mlp.output_linear.weight]
Loading weights:  83%|█████████████████████████████████       | 385/466 [00:00<00:00, 571.41it/s, Materializing param=model.layers.32.shared_mlp.output_linear.weight]
Loading weights:  83%|████████████████████████████████████████▌        | 386/466 [00:00<00:00, 571.41it/s, Materializing param=model.layers.33.input_layernorm.weight]
Loading weights:  83%|████████████████████████████████████████▌        | 386/466 [00:00<00:00, 571.41it/s, Materializing param=model.layers.33.input_layernorm.weight]
Loading weights:  83%|█████████████████████████████████████████████████▊          | 387/466 [00:00<00:00, 571.41it/s, Materializing param=model.layers.33.mamba.A_log]
Loading weights:  83%|█████████████████████████████████████████████████▊          | 387/466 [00:00<00:00, 571.41it/s, Materializing param=model.layers.33.mamba.A_log]
Loading weights:  83%|█████████████████████████████████████████████████████▎          | 388/466 [00:00<00:00, 571.41it/s, Materializing param=model.layers.33.mamba.D]
Loading weights:  83%|█████████████████████████████████████████████████████▎          | 388/466 [00:00<00:00, 571.41it/s, Materializing param=model.layers.33.mamba.D]
Loading weights:  83%|█████████████████████████████████████████████         | 389/466 [00:00<00:00, 571.41it/s, Materializing param=model.layers.33.mamba.conv1d.bias]
Loading weights:  83%|█████████████████████████████████████████████         | 389/466 [00:00<00:00, 571.41it/s, Materializing param=model.layers.33.mamba.conv1d.bias]
Loading weights:  84%|███████████████████████████████████████████▌        | 390/466 [00:00<00:00, 571.41it/s, Materializing param=model.layers.33.mamba.conv1d.weight]
Loading weights:  84%|███████████████████████████████████████████▌        | 390/466 [00:00<00:00, 571.41it/s, Materializing param=model.layers.33.mamba.conv1d.weight]
Loading weights:  84%|████████████████████████████████████████████████▋         | 391/466 [00:00<00:00, 571.41it/s, Materializing param=model.layers.33.mamba.dt_bias]
Loading weights:  84%|████████████████████████████████████████████████▋         | 391/466 [00:00<00:00, 571.41it/s, Materializing param=model.layers.33.mamba.dt_bias]
Loading weights:  84%|██████████████████████████████████████████▉        | 392/466 [00:00<00:00, 571.41it/s, Materializing param=model.layers.33.mamba.in_proj.weight]
Loading weights:  84%|██████████████████████████████████████████▉        | 392/466 [00:00<00:00, 571.41it/s, Materializing param=model.layers.33.mamba.in_proj.weight]
Loading weights:  84%|█████████████████████████████████████████████▌        | 393/466 [00:00<00:00, 571.41it/s, Materializing param=model.layers.33.mamba.norm.weight]
Loading weights:  84%|█████████████████████████████████████████████▌        | 393/466 [00:00<00:00, 571.41it/s, Materializing param=model.layers.33.mamba.norm.weight]
Loading weights:  85%|██████████████████████████████████████████▎       | 394/466 [00:00<00:00, 571.41it/s, Materializing param=model.layers.33.mamba.out_proj.weight]
Loading weights:  85%|██████████████████████████████████████████▎       | 394/466 [00:00<00:00, 571.41it/s, Materializing param=model.layers.33.mamba.out_proj.weight]
Loading weights:  85%|█████████████████████████████████▉      | 395/466 [00:00<00:00, 571.41it/s, Materializing param=model.layers.33.post_attention_layernorm.weight]
Loading weights:  85%|█████████████████████████████████▉      | 395/466 [00:00<00:00, 571.41it/s, Materializing param=model.layers.33.post_attention_layernorm.weight]
Loading weights:  85%|██████████████████████████████████▊      | 396/466 [00:00<00:00, 571.41it/s, Materializing param=model.layers.33.shared_mlp.input_linear.weight]
Loading weights:  85%|██████████████████████████████████▊      | 396/466 [00:00<00:00, 571.41it/s, Materializing param=model.layers.33.shared_mlp.input_linear.weight]
Loading weights:  85%|██████████████████████████████████      | 397/466 [00:00<00:00, 571.41it/s, Materializing param=model.layers.33.shared_mlp.output_linear.weight]
Loading weights:  85%|██████████████████████████████████      | 397/466 [00:00<00:00, 571.41it/s, Materializing param=model.layers.33.shared_mlp.output_linear.weight]
Loading weights:  85%|█████████████████████████████████████████▊       | 398/466 [00:00<00:00, 571.41it/s, Materializing param=model.layers.34.input_layernorm.weight]
Loading weights:  85%|█████████████████████████████████████████▊       | 398/466 [00:00<00:00, 571.41it/s, Materializing param=model.layers.34.input_layernorm.weight]
Loading weights:  86%|███████████████████████████████████████████████████▎        | 399/466 [00:00<00:00, 571.41it/s, Materializing param=model.layers.34.mamba.A_log]
Loading weights:  86%|███████████████████████████████████████████████████▎        | 399/466 [00:00<00:00, 571.41it/s, Materializing param=model.layers.34.mamba.A_log]
Loading weights:  86%|██████████████████████████████████████████████████████▉         | 400/466 [00:00<00:00, 571.41it/s, Materializing param=model.layers.34.mamba.D]
Loading weights:  86%|██████████████████████████████████████████████████████▉         | 400/466 [00:00<00:00, 571.41it/s, Materializing param=model.layers.34.mamba.D]
Loading weights:  86%|██████████████████████████████████████████████▍       | 401/466 [00:00<00:00, 571.41it/s, Materializing param=model.layers.34.mamba.conv1d.bias]
Loading weights:  86%|██████████████████████████████████████████████▍       | 401/466 [00:00<00:00, 571.41it/s, Materializing param=model.layers.34.mamba.conv1d.bias]
Loading weights:  86%|████████████████████████████████████████████▊       | 402/466 [00:00<00:00, 571.41it/s, Materializing param=model.layers.34.mamba.conv1d.weight]
Loading weights:  86%|████████████████████████████████████████████▊       | 402/466 [00:00<00:00, 571.41it/s, Materializing param=model.layers.34.mamba.conv1d.weight]
Loading weights:  86%|██████████████████████████████████████████████████▏       | 403/466 [00:00<00:00, 571.41it/s, Materializing param=model.layers.34.mamba.dt_bias]
Loading weights:  86%|██████████████████████████████████████████████████▏       | 403/466 [00:00<00:00, 571.41it/s, Materializing param=model.layers.34.mamba.dt_bias]
Loading weights:  87%|████████████████████████████████████████████▏      | 404/466 [00:00<00:00, 571.41it/s, Materializing param=model.layers.34.mamba.in_proj.weight]
Loading weights:  87%|████████████████████████████████████████████▏      | 404/466 [00:00<00:00, 571.41it/s, Materializing param=model.layers.34.mamba.in_proj.weight]
Loading weights:  87%|██████████████████████████████████████████████▉       | 405/466 [00:00<00:00, 571.41it/s, Materializing param=model.layers.34.mamba.norm.weight]
Loading weights:  87%|██████████████████████████████████████████████▉       | 405/466 [00:00<00:00, 571.41it/s, Materializing param=model.layers.34.mamba.norm.weight]
Loading weights:  87%|███████████████████████████████████████████▌      | 406/466 [00:00<00:00, 571.41it/s, Materializing param=model.layers.34.mamba.out_proj.weight]
Loading weights:  87%|███████████████████████████████████████████▌      | 406/466 [00:00<00:00, 571.41it/s, Materializing param=model.layers.34.mamba.out_proj.weight]
Loading weights:  87%|██████████████████████████████████▉     | 407/466 [00:00<00:00, 571.41it/s, Materializing param=model.layers.34.post_attention_layernorm.weight]
Loading weights:  87%|██████████████████████████████████▉     | 407/466 [00:00<00:00, 571.41it/s, Materializing param=model.layers.34.post_attention_layernorm.weight]
Loading weights:  88%|███████████████████████████████████▉     | 408/466 [00:00<00:00, 571.41it/s, Materializing param=model.layers.34.shared_mlp.input_linear.weight]
Loading weights:  88%|███████████████████████████████████▉     | 408/466 [00:00<00:00, 571.41it/s, Materializing param=model.layers.34.shared_mlp.input_linear.weight]
Loading weights:  88%|███████████████████████████████████     | 409/466 [00:00<00:00, 571.41it/s, Materializing param=model.layers.34.shared_mlp.output_linear.weight]
Loading weights:  88%|███████████████████████████████████     | 409/466 [00:00<00:00, 571.41it/s, Materializing param=model.layers.34.shared_mlp.output_linear.weight]
Loading weights:  88%|███████████████████████████████████████████      | 410/466 [00:00<00:00, 571.41it/s, Materializing param=model.layers.35.input_layernorm.weight]
Loading weights:  88%|███████████████████████████████████████████      | 410/466 [00:00<00:00, 571.41it/s, Materializing param=model.layers.35.input_layernorm.weight]
Loading weights:  88%|███████████████████████████████████▎    | 411/466 [00:00<00:00, 571.41it/s, Materializing param=model.layers.35.post_attention_layernorm.weight]
Loading weights:  88%|███████████████████████████████████▎    | 411/466 [00:00<00:00, 571.41it/s, Materializing param=model.layers.35.post_attention_layernorm.weight]
Loading weights:  88%|██████████████████████████████████████████▍     | 412/466 [00:00<00:00, 571.41it/s, Materializing param=model.layers.35.self_attn.k_proj.weight]
Loading weights:  88%|██████████████████████████████████████████▍     | 412/466 [00:00<00:00, 571.41it/s, Materializing param=model.layers.35.self_attn.k_proj.weight]
Loading weights:  89%|██████████████████████████████████████████▌     | 413/466 [00:00<00:00, 571.41it/s, Materializing param=model.layers.35.self_attn.o_proj.weight]
Loading weights:  89%|██████████████████████████████████████████▌     | 413/466 [00:00<00:00, 571.41it/s, Materializing param=model.layers.35.self_attn.o_proj.weight]
Loading weights:  89%|██████████████████████████████████████████▋     | 414/466 [00:00<00:00, 571.41it/s, Materializing param=model.layers.35.self_attn.q_proj.weight]
Loading weights:  89%|██████████████████████████████████████████▋     | 414/466 [00:00<00:00, 571.41it/s, Materializing param=model.layers.35.self_attn.q_proj.weight]
Loading weights:  89%|██████████████████████████████████████████▋     | 415/466 [00:00<00:00, 571.41it/s, Materializing param=model.layers.35.self_attn.v_proj.weight]
Loading weights:  89%|██████████████████████████████████████████▋     | 415/466 [00:00<00:00, 571.41it/s, Materializing param=model.layers.35.self_attn.v_proj.weight]
Loading weights:  89%|████████████████████████████████████▌    | 416/466 [00:00<00:00, 571.41it/s, Materializing param=model.layers.35.shared_mlp.input_linear.weight]
Loading weights:  89%|████████████████████████████████████▌    | 416/466 [00:00<00:00, 571.41it/s, Materializing param=model.layers.35.shared_mlp.input_linear.weight]
Loading weights:  89%|███████████████████████████████████▊    | 417/466 [00:00<00:00, 571.41it/s, Materializing param=model.layers.35.shared_mlp.output_linear.weight]
Loading weights:  89%|███████████████████████████████████▊    | 417/466 [00:00<00:00, 571.41it/s, Materializing param=model.layers.35.shared_mlp.output_linear.weight]
Loading weights:  90%|███████████████████████████████████████████▉     | 418/466 [00:00<00:00, 571.41it/s, Materializing param=model.layers.36.input_layernorm.weight]
Loading weights:  90%|███████████████████████████████████████████▉     | 418/466 [00:00<00:00, 571.41it/s, Materializing param=model.layers.36.input_layernorm.weight]
Loading weights:  90%|█████████████████████████████████████████████████████▉      | 419/466 [00:00<00:00, 571.41it/s, Materializing param=model.layers.36.mamba.A_log]
Loading weights:  90%|█████████████████████████████████████████████████████▉      | 419/466 [00:00<00:00, 571.41it/s, Materializing param=model.layers.36.mamba.A_log]
Loading weights:  90%|██████████████████████████████████████████████████████      | 420/466 [00:00<00:00, 566.89it/s, Materializing param=model.layers.36.mamba.A_log]
Loading weights:  90%|█████████████████████████████████████████████████████████▋      | 420/466 [00:00<00:00, 566.89it/s, Materializing param=model.layers.36.mamba.D]
Loading weights:  90%|█████████████████████████████████████████████████████████▋      | 420/466 [00:00<00:00, 566.89it/s, Materializing param=model.layers.36.mamba.D]
Loading weights:  90%|████████████████████████████████████████████████▊     | 421/466 [00:00<00:00, 566.89it/s, Materializing param=model.layers.36.mamba.conv1d.bias]
Loading weights:  90%|████████████████████████████████████████████████▊     | 421/466 [00:00<00:00, 566.89it/s, Materializing param=model.layers.36.mamba.conv1d.bias]
Loading weights:  91%|███████████████████████████████████████████████     | 422/466 [00:00<00:00, 566.89it/s, Materializing param=model.layers.36.mamba.conv1d.weight]
Loading weights:  91%|███████████████████████████████████████████████     | 422/466 [00:00<00:00, 566.89it/s, Materializing param=model.layers.36.mamba.conv1d.weight]
Loading weights:  91%|████████████████████████████████████████████████████▋     | 423/466 [00:00<00:00, 566.89it/s, Materializing param=model.layers.36.mamba.dt_bias]
Loading weights:  91%|████████████████████████████████████████████████████▋     | 423/466 [00:00<00:00, 566.89it/s, Materializing param=model.layers.36.mamba.dt_bias]
Loading weights:  91%|██████████████████████████████████████████████▍    | 424/466 [00:00<00:00, 566.89it/s, Materializing param=model.layers.36.mamba.in_proj.weight]
Loading weights:  91%|██████████████████████████████████████████████▍    | 424/466 [00:00<00:00, 566.89it/s, Materializing param=model.layers.36.mamba.in_proj.weight]
Loading weights:  91%|█████████████████████████████████████████████████▏    | 425/466 [00:00<00:00, 566.89it/s, Materializing param=model.layers.36.mamba.norm.weight]
Loading weights:  91%|█████████████████████████████████████████████████▏    | 425/466 [00:00<00:00, 566.89it/s, Materializing param=model.layers.36.mamba.norm.weight]
Loading weights:  91%|█████████████████████████████████████████████▋    | 426/466 [00:00<00:00, 566.89it/s, Materializing param=model.layers.36.mamba.out_proj.weight]
Loading weights:  91%|█████████████████████████████████████████████▋    | 426/466 [00:00<00:00, 566.89it/s, Materializing param=model.layers.36.mamba.out_proj.weight]
Loading weights:  92%|████████████████████████████████████▋   | 427/466 [00:00<00:00, 566.89it/s, Materializing param=model.layers.36.post_attention_layernorm.weight]
Loading weights:  92%|████████████████████████████████████▋   | 427/466 [00:00<00:00, 566.89it/s, Materializing param=model.layers.36.post_attention_layernorm.weight]
Loading weights:  92%|█████████████████████████████████████▋   | 428/466 [00:00<00:00, 566.89it/s, Materializing param=model.layers.36.shared_mlp.input_linear.weight]
Loading weights:  92%|█████████████████████████████████████▋   | 428/466 [00:00<00:00, 566.89it/s, Materializing param=model.layers.36.shared_mlp.input_linear.weight]
Loading weights:  92%|████████████████████████████████████▊   | 429/466 [00:00<00:00, 566.89it/s, Materializing param=model.layers.36.shared_mlp.output_linear.weight]
Loading weights:  92%|████████████████████████████████████▊   | 429/466 [00:00<00:00, 566.89it/s, Materializing param=model.layers.36.shared_mlp.output_linear.weight]
Loading weights:  92%|█████████████████████████████████████████████▏   | 430/466 [00:00<00:00, 566.89it/s, Materializing param=model.layers.37.input_layernorm.weight]
Loading weights:  92%|█████████████████████████████████████████████▏   | 430/466 [00:00<00:00, 566.89it/s, Materializing param=model.layers.37.input_layernorm.weight]
Loading weights:  92%|███████████████████████████████████████████████████████▍    | 431/466 [00:00<00:00, 566.89it/s, Materializing param=model.layers.37.mamba.A_log]
Loading weights:  92%|███████████████████████████████████████████████████████▍    | 431/466 [00:00<00:00, 566.89it/s, Materializing param=model.layers.37.mamba.A_log]
Loading weights:  93%|███████████████████████████████████████████████████████████▎    | 432/466 [00:00<00:00, 566.89it/s, Materializing param=model.layers.37.mamba.D]
Loading weights:  93%|███████████████████████████████████████████████████████████▎    | 432/466 [00:00<00:00, 566.89it/s, Materializing param=model.layers.37.mamba.D]
Loading weights:  93%|██████████████████████████████████████████████████▏   | 433/466 [00:00<00:00, 566.89it/s, Materializing param=model.layers.37.mamba.conv1d.bias]
Loading weights:  93%|██████████████████████████████████████████████████▏   | 433/466 [00:00<00:00, 566.89it/s, Materializing param=model.layers.37.mamba.conv1d.bias]
Loading weights:  93%|████████████████████████████████████████████████▍   | 434/466 [00:00<00:00, 566.89it/s, Materializing param=model.layers.37.mamba.conv1d.weight]
Loading weights:  93%|████████████████████████████████████████████████▍   | 434/466 [00:00<00:00, 566.89it/s, Materializing param=model.layers.37.mamba.conv1d.weight]
Loading weights:  93%|██████████████████████████████████████████████████████▏   | 435/466 [00:00<00:00, 566.89it/s, Materializing param=model.layers.37.mamba.dt_bias]
Loading weights:  93%|██████████████████████████████████████████████████████▏   | 435/466 [00:00<00:00, 566.89it/s, Materializing param=model.layers.37.mamba.dt_bias]
Loading weights:  94%|███████████████████████████████████████████████▋   | 436/466 [00:00<00:00, 566.89it/s, Materializing param=model.layers.37.mamba.in_proj.weight]
Loading weights:  94%|███████████████████████████████████████████████▋   | 436/466 [00:00<00:00, 566.89it/s, Materializing param=model.layers.37.mamba.in_proj.weight]
Loading weights:  94%|██████████████████████████████████████████████████▋   | 437/466 [00:00<00:00, 566.89it/s, Materializing param=model.layers.37.mamba.norm.weight]
Loading weights:  94%|██████████████████████████████████████████████████▋   | 437/466 [00:00<00:00, 566.89it/s, Materializing param=model.layers.37.mamba.norm.weight]
Loading weights:  94%|██████████████████████████████████████████████▉   | 438/466 [00:00<00:00, 566.89it/s, Materializing param=model.layers.37.mamba.out_proj.weight]
Loading weights:  94%|██████████████████████████████████████████████▉   | 438/466 [00:00<00:00, 566.89it/s, Materializing param=model.layers.37.mamba.out_proj.weight]
Loading weights:  94%|█████████████████████████████████████▋  | 439/466 [00:00<00:00, 566.89it/s, Materializing param=model.layers.37.post_attention_layernorm.weight]
Loading weights:  94%|█████████████████████████████████████▋  | 439/466 [00:00<00:00, 566.89it/s, Materializing param=model.layers.37.post_attention_layernorm.weight]
Loading weights:  94%|██████████████████████████████████████▋  | 440/466 [00:00<00:00, 566.89it/s, Materializing param=model.layers.37.shared_mlp.input_linear.weight]
Loading weights:  94%|██████████████████████████████████████▋  | 440/466 [00:00<00:00, 566.89it/s, Materializing param=model.layers.37.shared_mlp.input_linear.weight]
Loading weights:  95%|█████████████████████████████████████▊  | 441/466 [00:00<00:00, 566.89it/s, Materializing param=model.layers.37.shared_mlp.output_linear.weight]
Loading weights:  95%|█████████████████████████████████████▊  | 441/466 [00:00<00:00, 566.89it/s, Materializing param=model.layers.37.shared_mlp.output_linear.weight]
Loading weights:  95%|██████████████████████████████████████████████▍  | 442/466 [00:00<00:00, 566.89it/s, Materializing param=model.layers.38.input_layernorm.weight]
Loading weights:  95%|██████████████████████████████████████████████▍  | 442/466 [00:00<00:00, 566.89it/s, Materializing param=model.layers.38.input_layernorm.weight]
Loading weights:  95%|█████████████████████████████████████████████████████████   | 443/466 [00:00<00:00, 566.89it/s, Materializing param=model.layers.38.mamba.A_log]
Loading weights:  95%|█████████████████████████████████████████████████████████   | 443/466 [00:00<00:00, 566.89it/s, Materializing param=model.layers.38.mamba.A_log]
Loading weights:  95%|████████████████████████████████████████████████████████████▉   | 444/466 [00:00<00:00, 566.89it/s, Materializing param=model.layers.38.mamba.D]
Loading weights:  95%|████████████████████████████████████████████████████████████▉   | 444/466 [00:00<00:00, 566.89it/s, Materializing param=model.layers.38.mamba.D]
Loading weights:  95%|███████████████████████████████████████████████████▌  | 445/466 [00:00<00:00, 566.89it/s, Materializing param=model.layers.38.mamba.conv1d.bias]
Loading weights:  95%|███████████████████████████████████████████████████▌  | 445/466 [00:00<00:00, 566.89it/s, Materializing param=model.layers.38.mamba.conv1d.bias]
Loading weights:  96%|█████████████████████████████████████████████████▊  | 446/466 [00:00<00:00, 566.89it/s, Materializing param=model.layers.38.mamba.conv1d.weight]
Loading weights:  96%|█████████████████████████████████████████████████▊  | 446/466 [00:00<00:00, 566.89it/s, Materializing param=model.layers.38.mamba.conv1d.weight]
Loading weights:  96%|███████████████████████████████████████████████████████▋  | 447/466 [00:00<00:00, 566.89it/s, Materializing param=model.layers.38.mamba.dt_bias]
Loading weights:  96%|███████████████████████████████████████████████████████▋  | 447/466 [00:00<00:00, 566.89it/s, Materializing param=model.layers.38.mamba.dt_bias]
Loading weights:  96%|█████████████████████████████████████████████████  | 448/466 [00:00<00:00, 566.89it/s, Materializing param=model.layers.38.mamba.in_proj.weight]
Loading weights:  96%|█████████████████████████████████████████████████  | 448/466 [00:00<00:00, 566.89it/s, Materializing param=model.layers.38.mamba.in_proj.weight]
Loading weights:  96%|████████████████████████████████████████████████████  | 449/466 [00:00<00:00, 566.89it/s, Materializing param=model.layers.38.mamba.norm.weight]
Loading weights:  96%|████████████████████████████████████████████████████  | 449/466 [00:00<00:00, 566.89it/s, Materializing param=model.layers.38.mamba.norm.weight]
Loading weights:  97%|████████████████████████████████████████████████▎ | 450/466 [00:00<00:00, 566.89it/s, Materializing param=model.layers.38.mamba.out_proj.weight]
Loading weights:  97%|████████████████████████████████████████████████▎ | 450/466 [00:00<00:00, 566.89it/s, Materializing param=model.layers.38.mamba.out_proj.weight]
Loading weights:  97%|██████████████████████████████████████▋ | 451/466 [00:00<00:00, 566.89it/s, Materializing param=model.layers.38.post_attention_layernorm.weight]
Loading weights:  97%|██████████████████████████████████████▋ | 451/466 [00:00<00:00, 566.89it/s, Materializing param=model.layers.38.post_attention_layernorm.weight]
Loading weights:  97%|███████████████████████████████████████▊ | 452/466 [00:00<00:00, 566.89it/s, Materializing param=model.layers.38.shared_mlp.input_linear.weight]
Loading weights:  97%|███████████████████████████████████████▊ | 452/466 [00:00<00:00, 566.89it/s, Materializing param=model.layers.38.shared_mlp.input_linear.weight]
Loading weights:  97%|██████████████████████████████████████▉ | 453/466 [00:00<00:00, 566.89it/s, Materializing param=model.layers.38.shared_mlp.output_linear.weight]
Loading weights:  97%|██████████████████████████████████████▉ | 453/466 [00:00<00:00, 566.89it/s, Materializing param=model.layers.38.shared_mlp.output_linear.weight]
Loading weights:  97%|███████████████████████████████████████████████▋ | 454/466 [00:00<00:00, 566.89it/s, Materializing param=model.layers.39.input_layernorm.weight]
Loading weights:  97%|███████████████████████████████████████████████▋ | 454/466 [00:00<00:00, 566.89it/s, Materializing param=model.layers.39.input_layernorm.weight]
Loading weights:  98%|██████████████████████████████████████████████████████████▌ | 455/466 [00:00<00:00, 566.89it/s, Materializing param=model.layers.39.mamba.A_log]
Loading weights:  98%|██████████████████████████████████████████████████████████▌ | 455/466 [00:00<00:00, 566.89it/s, Materializing param=model.layers.39.mamba.A_log]
Loading weights:  98%|██████████████████████████████████████████████████████████████▋ | 456/466 [00:00<00:00, 566.89it/s, Materializing param=model.layers.39.mamba.D]
Loading weights:  98%|██████████████████████████████████████████████████████████████▋ | 456/466 [00:00<00:00, 566.89it/s, Materializing param=model.layers.39.mamba.D]
Loading weights:  98%|████████████████████████████████████████████████████▉ | 457/466 [00:00<00:00, 566.89it/s, Materializing param=model.layers.39.mamba.conv1d.bias]
Loading weights:  98%|████████████████████████████████████████████████████▉ | 457/466 [00:00<00:00, 566.89it/s, Materializing param=model.layers.39.mamba.conv1d.bias]
Loading weights:  98%|███████████████████████████████████████████████████ | 458/466 [00:00<00:00, 566.89it/s, Materializing param=model.layers.39.mamba.conv1d.weight]
Loading weights:  98%|███████████████████████████████████████████████████ | 458/466 [00:00<00:00, 566.89it/s, Materializing param=model.layers.39.mamba.conv1d.weight]
Loading weights:  98%|█████████████████████████████████████████████████████████▏| 459/466 [00:00<00:00, 566.89it/s, Materializing param=model.layers.39.mamba.dt_bias]
Loading weights:  98%|█████████████████████████████████████████████████████████▏| 459/466 [00:00<00:00, 566.89it/s, Materializing param=model.layers.39.mamba.dt_bias]
Loading weights:  99%|██████████████████████████████████████████████████▎| 460/466 [00:00<00:00, 566.89it/s, Materializing param=model.layers.39.mamba.in_proj.weight]
Loading weights:  99%|██████████████████████████████████████████████████▎| 460/466 [00:00<00:00, 566.89it/s, Materializing param=model.layers.39.mamba.in_proj.weight]
Loading weights:  99%|█████████████████████████████████████████████████████▍| 461/466 [00:00<00:00, 566.89it/s, Materializing param=model.layers.39.mamba.norm.weight]
Loading weights:  99%|█████████████████████████████████████████████████████▍| 461/466 [00:00<00:00, 566.89it/s, Materializing param=model.layers.39.mamba.norm.weight]
Loading weights:  99%|█████████████████████████████████████████████████▌| 462/466 [00:00<00:00, 566.89it/s, Materializing param=model.layers.39.mamba.out_proj.weight]
Loading weights:  99%|█████████████████████████████████████████████████▌| 462/466 [00:00<00:00, 566.89it/s, Materializing param=model.layers.39.mamba.out_proj.weight]
Loading weights:  99%|███████████████████████████████████████▋| 463/466 [00:00<00:00, 566.89it/s, Materializing param=model.layers.39.post_attention_layernorm.weight]
Loading weights:  99%|███████████████████████████████████████▋| 463/466 [00:00<00:00, 566.89it/s, Materializing param=model.layers.39.post_attention_layernorm.weight]
Loading weights: 100%|████████████████████████████████████████▊| 464/466 [00:00<00:00, 566.89it/s, Materializing param=model.layers.39.shared_mlp.input_linear.weight]
Loading weights: 100%|████████████████████████████████████████▊| 464/466 [00:00<00:00, 566.89it/s, Materializing param=model.layers.39.shared_mlp.input_linear.weight]
Loading weights: 100%|███████████████████████████████████████▉| 465/466 [00:00<00:00, 566.89it/s, Materializing param=model.layers.39.shared_mlp.output_linear.weight]
Loading weights: 100%|███████████████████████████████████████▉| 465/466 [00:00<00:00, 566.89it/s, Materializing param=model.layers.39.shared_mlp.output_linear.weight]
Loading weights: 100%|██████████████████████████████████████████████████████████████████████| 466/466 [00:00<00:00, 566.89it/s, Materializing param=model.norm.weight]
Loading weights: 100%|██████████████████████████████████████████████████████████████████████| 466/466 [00:00<00:00, 566.89it/s, Materializing param=model.norm.weight]
Loading weights: 100%|██████████████████████████████████████████████████████████████████████| 466/466 [00:00<00:00, 570.72it/s, Materializing param=model.norm.weight]
00:22:51 INFO: HTTP Request: HEAD https://huggingface.co/ibm-granite/granite-4.0-h-micro/resolve/main/generation_config.json "HTTP/1.1 307 Temporary Redirect"
00:22:51 INFO: HTTP Request: HEAD https://huggingface.co/api/resolve-cache/models/ibm-granite/granite-4.0-h-micro/d5f01a3ea75f088947be3aae039f4ad52837dfde/generation_config.json "HTTP/1.1 200 OK"
00:22:51 INFO: HTTP Request: GET https://huggingface.co/api/resolve-cache/models/ibm-granite/granite-4.0-h-micro/d5f01a3ea75f088947be3aae039f4ad52837dfde/generation_config.json "HTTP/1.1 200 OK"
00:22:51 INFO: HTTP Request: HEAD https://huggingface.co/ibm-granite/granite-4.0-h-micro/resolve/main/custom_generate/generate.py "HTTP/1.1 404 Not Found"
Warning: You are sending unauthenticated requests to the HF Hub. Please set a HF_TOKEN to enable higher rate limits and faster downloads.
00:22:51 WARNING: Warning: You are sending unauthenticated requests to the HF Hub. Please set a HF_TOKEN to enable higher rate limits and faster downloads.
00:22:51 INFO: HTTP Request: HEAD https://huggingface.co/ibm-granite/granite-4.0-h-micro/resolve/main/config.json "HTTP/1.1 307 Temporary Redirect"
00:22:51 INFO: HTTP Request: HEAD https://huggingface.co/api/resolve-cache/models/ibm-granite/granite-4.0-h-micro/d5f01a3ea75f088947be3aae039f4ad52837dfde/config.json "HTTP/1.1 200 OK"
00:22:51 INFO: HTTP Request: HEAD https://huggingface.co/ibm-granite/granite-4.0-h-micro/resolve/main/tokenizer_config.json "HTTP/1.1 307 Temporary Redirect"
00:22:51 INFO: HTTP Request: HEAD https://huggingface.co/api/resolve-cache/models/ibm-granite/granite-4.0-h-micro/d5f01a3ea75f088947be3aae039f4ad52837dfde/tokenizer_config.json "HTTP/1.1 200 OK"
00:22:51 INFO: HTTP Request: GET https://huggingface.co/api/resolve-cache/models/ibm-granite/granite-4.0-h-micro/d5f01a3ea75f088947be3aae039f4ad52837dfde/tokenizer_config.json "HTTP/1.1 200 OK"
00:22:52 INFO: HTTP Request: GET https://huggingface.co/api/models/ibm-granite/granite-4.0-h-micro/tree/main/additional_chat_templates?recursive=false&expand=false "HTTP/1.1 404 Not Found"
00:22:52 INFO: HTTP Request: GET https://huggingface.co/api/models/ibm-granite/granite-4.0-h-micro/tree/main?recursive=true&expand=false "HTTP/1.1 200 OK"
00:22:52 INFO: HTTP Request: HEAD https://huggingface.co/ibm-granite/granite-4.0-h-micro/resolve/main/vocab.json "HTTP/1.1 307 Temporary Redirect"
00:22:52 INFO: HTTP Request: HEAD https://huggingface.co/api/resolve-cache/models/ibm-granite/granite-4.0-h-micro/d5f01a3ea75f088947be3aae039f4ad52837dfde/vocab.json "HTTP/1.1 200 OK"
00:22:52 INFO: HTTP Request: GET https://huggingface.co/api/resolve-cache/models/ibm-granite/granite-4.0-h-micro/d5f01a3ea75f088947be3aae039f4ad52837dfde/vocab.json "HTTP/1.1 200 OK"
00:22:52 INFO: HTTP Request: HEAD https://huggingface.co/ibm-granite/granite-4.0-h-micro/resolve/main/merges.txt "HTTP/1.1 307 Temporary Redirect"
00:22:52 INFO: HTTP Request: HEAD https://huggingface.co/api/resolve-cache/models/ibm-granite/granite-4.0-h-micro/d5f01a3ea75f088947be3aae039f4ad52837dfde/merges.txt "HTTP/1.1 200 OK"
00:22:52 INFO: HTTP Request: GET https://huggingface.co/api/resolve-cache/models/ibm-granite/granite-4.0-h-micro/d5f01a3ea75f088947be3aae039f4ad52837dfde/merges.txt "HTTP/1.1 200 OK"
00:22:52 INFO: HTTP Request: HEAD https://huggingface.co/ibm-granite/granite-4.0-h-micro/resolve/main/added_tokens.json "HTTP/1.1 404 Not Found"
00:22:52 INFO: HTTP Request: HEAD https://huggingface.co/ibm-granite/granite-4.0-h-micro/resolve/main/special_tokens_map.json "HTTP/1.1 307 Temporary Redirect"
00:22:52 INFO: HTTP Request: HEAD https://huggingface.co/api/resolve-cache/models/ibm-granite/granite-4.0-h-micro/d5f01a3ea75f088947be3aae039f4ad52837dfde/special_tokens_map.json "HTTP/1.1 200 OK"
00:22:52 INFO: HTTP Request: GET https://huggingface.co/api/resolve-cache/models/ibm-granite/granite-4.0-h-micro/d5f01a3ea75f088947be3aae039f4ad52837dfde/special_tokens_map.json "HTTP/1.1 200 OK"
00:22:52 INFO: HTTP Request: HEAD https://huggingface.co/ibm-granite/granite-4.0-h-micro/resolve/main/tokenizer.json "HTTP/1.1 307 Temporary Redirect"
00:22:52 INFO: HTTP Request: HEAD https://huggingface.co/api/resolve-cache/models/ibm-granite/granite-4.0-h-micro/d5f01a3ea75f088947be3aae039f4ad52837dfde/tokenizer.json "HTTP/1.1 200 OK"
00:22:52 INFO: HTTP Request: GET https://huggingface.co/api/resolve-cache/models/ibm-granite/granite-4.0-h-micro/d5f01a3ea75f088947be3aae039f4ad52837dfde/tokenizer.json "HTTP/1.1 200 OK"
00:22:52 INFO: HTTP Request: HEAD https://huggingface.co/ibm-granite/granite-4.0-h-micro/resolve/main/chat_template.jinja "HTTP/1.1 307 Temporary Redirect"
00:22:52 INFO: HTTP Request: HEAD https://huggingface.co/api/resolve-cache/models/ibm-granite/granite-4.0-h-micro/d5f01a3ea75f088947be3aae039f4ad52837dfde/chat_template.jinja "HTTP/1.1 200 OK"
00:22:52 INFO: HTTP Request: GET https://huggingface.co/api/resolve-cache/models/ibm-granite/granite-4.0-h-micro/d5f01a3ea75f088947be3aae039f4ad52837dfde/chat_template.jinja "HTTP/1.1 200 OK"
00:22:53 INFO: HTTP Request: GET https://huggingface.co/api/models/ibm-granite/granite-4.0-h-micro "HTTP/1.1 200 OK"
trainable params: 28,823,552 || all params: 3,220,219,648 || trainable%: 0.8951
warmup_ratio is deprecated and will be removed in v5.2. Use `warmup_steps` instead.
00:22:54 WARNING: Padding-free training is enabled, but the attention implementation is not set to a supported flash attention variant. Padding-free training flattens batches into a single sequence, and only the following implementations are known to reliably support this: flash_attention_2, flash_attention_3, kernels-community/flash-attn2, kernels-community/flash-attn3, kernels-community/vllm-flash-attn3. Using other implementations may lead to unexpected behavior. To ensure compatibility, set `attn_implementation` in the model configuration to one of these supported options or verify that your attention mechanism can handle flattened sequences.
00:22:54 WARNING: You are using packing, but the attention implementation is not set to a supported flash attention variant. Packing gathers multiple samples into a single sequence, and only the following implementations are known to reliably support this: flash_attention_2, flash_attention_3, kernels-community/flash-attn2, kernels-community/flash-attn3, kernels-community/vllm-flash-attn3. Using other implementations may lead to cross-contamination between samples. To avoid this, either disable packing by setting `packing=False`, or set `attn_implementation` in the model configuration to one of these supported options.

Adding EOS to train dataset:   0%|                                                                                                   | 0/21932 [00:00<?, ? examples/s]
Adding EOS to train dataset:  31%|██████████████████████████▏                                                          | 6773/21932 [00:00<00:00, 67566.07 examples/s]
Adding EOS to train dataset:  62%|████████████████████████████████████████████████████▎                               | 13668/21932 [00:00<00:00, 68370.66 examples/s]
Adding EOS to train dataset:  94%|███████████████████████████████████████████████████████████████████████████████▏    | 20685/21932 [00:00<00:00, 69185.33 examples/s]
Adding EOS to train dataset: 100%|████████████████████████████████████████████████████████████████████████████████████| 21932/21932 [00:00<00:00, 68764.02 examples/s]

Tokenizing train dataset:   0%|                                                                                                      | 0/21932 [00:00<?, ? examples/s]
Tokenizing train dataset:   2%|██▏                                                                                       | 534/21932 [00:00<00:04, 5317.88 examples/s]
Tokenizing train dataset:   6%|█████▎                                                                                   | 1294/21932 [00:00<00:04, 5142.75 examples/s]
Tokenizing train dataset:   8%|███████▌                                                                                 | 1858/21932 [00:00<00:03, 5328.16 examples/s]
Tokenizing train dataset:  12%|██████████▋                                                                              | 2639/21932 [00:00<00:03, 5268.43 examples/s]
Tokenizing train dataset:  16%|█████████████▉                                                                           | 3423/21932 [00:00<00:03, 5248.04 examples/s]
Tokenizing train dataset:  18%|████████████████                                                                         | 3970/21932 [00:00<00:03, 5305.75 examples/s]
Tokenizing train dataset:  22%|███████████████████▎                                                                     | 4747/21932 [00:00<00:03, 5257.04 examples/s]
Tokenizing train dataset:  25%|██████████████████████▌                                                                  | 5548/21932 [00:01<00:03, 5230.70 examples/s]
Tokenizing train dataset:  29%|█████████████████████████▌                                                               | 6303/21932 [00:01<00:03, 5162.32 examples/s]
Tokenizing train dataset:  31%|███████████████████████████▊                                                             | 6863/21932 [00:01<00:02, 5264.67 examples/s]
Tokenizing train dataset:  35%|███████████████████████████████                                                          | 7640/21932 [00:01<00:02, 5232.58 examples/s]
Tokenizing train dataset:  38%|██████████████████████████████████▏                                                      | 8440/21932 [00:01<00:02, 5261.26 examples/s]
Tokenizing train dataset:  41%|████████████████████████████████████▍                                                    | 8987/21932 [00:01<00:02, 5305.24 examples/s]
Tokenizing train dataset:  45%|███████████████████████████████████████▌                                                 | 9760/21932 [00:01<00:02, 5250.32 examples/s]
Tokenizing train dataset:  48%|██████████████████████████████████████████▎                                             | 10546/21932 [00:02<00:02, 5201.35 examples/s]
Tokenizing train dataset:  52%|█████████████████████████████████████████████▍                                          | 11309/21932 [00:02<00:02, 5162.83 examples/s]
Tokenizing train dataset:  54%|███████████████████████████████████████████████▋                                        | 11876/21932 [00:02<00:01, 5276.78 examples/s]
Tokenizing train dataset:  58%|██████████████████████████████████████████████████▋                                     | 12641/21932 [00:02<00:01, 5215.54 examples/s]
Tokenizing train dataset:  61%|█████████████████████████████████████████████████████▉                                  | 13440/21932 [00:02<00:01, 5246.04 examples/s]
Tokenizing train dataset:  64%|████████████████████████████████████████████████████████▏                               | 13997/21932 [00:02<00:01, 5317.74 examples/s]
Tokenizing train dataset:  67%|███████████████████████████████████████████████████████████▎                            | 14778/21932 [00:02<00:01, 5277.45 examples/s]
Tokenizing train dataset:  71%|██████████████████████████████████████████████████████████████▍                         | 15560/21932 [00:02<00:01, 5247.33 examples/s]
Tokenizing train dataset:  75%|█████████████████████████████████████████████████████████████████▋                      | 16356/21932 [00:03<00:01, 5264.16 examples/s]
Tokenizing train dataset:  77%|███████████████████████████████████████████████████████████████████▊                    | 16913/21932 [00:03<00:00, 5332.97 examples/s]
Tokenizing train dataset:  81%|██████████████████████████████████████████████████████████████████████▉                 | 17687/21932 [00:03<00:00, 5272.77 examples/s]
Tokenizing train dataset:  84%|██████████████████████████████████████████████████████████████████████████              | 18467/21932 [00:03<00:00, 5245.79 examples/s]
Tokenizing train dataset:  87%|████████████████████████████████████████████████████████████████████████████▏           | 19000/21932 [00:03<00:00, 5193.28 examples/s]
Tokenizing train dataset:  89%|██████████████████████████████████████████████████████████████████████████████▍         | 19561/21932 [00:03<00:00, 5295.50 examples/s]
Tokenizing train dataset:  93%|█████████████████████████████████████████████████████████████████████████████████▌      | 20334/21932 [00:03<00:00, 5241.97 examples/s]
Tokenizing train dataset:  95%|███████████████████████████████████████████████████████████████████████████████████▊    | 20880/21932 [00:03<00:00, 5290.99 examples/s]
Tokenizing train dataset:  99%|██████████████████████████████████████████████████████████████████████████████████████▉ | 21665/21932 [00:04<00:00, 5270.19 examples/s]
Tokenizing train dataset: 100%|████████████████████████████████████████████████████████████████████████████████████████| 21932/21932 [00:04<00:00, 5234.37 examples/s]

Packing train dataset:   0%|                                                                                                         | 0/21932 [00:00<?, ? examples/s]
Packing train dataset:  73%|████████████████████████████████████████████████████████████████▉                        | 16000/21932 [00:00<00:00, 144771.58 examples/s]
Packing train dataset: 100%|█████████████████████████████████████████████████████████████████████████████████████████| 21932/21932 [00:00<00:00, 142457.23 examples/s]

Adding EOS to eval dataset:   0%|                                                                                                     | 0/2437 [00:00<?, ? examples/s]
Adding EOS to eval dataset: 100%|███████████████████████████████████████████████████████████████████████████████████████| 2437/2437 [00:00<00:00, 67187.16 examples/s]

Tokenizing eval dataset:   0%|                                                                                                        | 0/2437 [00:00<?, ? examples/s]
Tokenizing eval dataset:  22%|████████████████████▌                                                                       | 546/2437 [00:00<00:00, 5424.47 examples/s]
Tokenizing eval dataset:  54%|█████████████████████████████████████████████████                                          | 1315/2437 [00:00<00:00, 5214.01 examples/s]
Tokenizing eval dataset:  77%|██████████████████████████████████████████████████████████████████████▍                    | 1888/2437 [00:00<00:00, 5410.52 examples/s]
Tokenizing eval dataset: 100%|███████████████████████████████████████████████████████████████████████████████████████████| 2437/2437 [00:00<00:00, 5137.52 examples/s]
Tokenizing eval dataset: 100%|███████████████████████████████████████████████████████████████████████████████████████████| 2437/2437 [00:00<00:00, 5204.12 examples/s]

Packing eval dataset:   0%|                                                                                                           | 0/2437 [00:00<?, ? examples/s]
Packing eval dataset: 100%|████████████████████████████████████████████████████████████████████████████████████████████| 2437/2437 [00:00<00:00, 139657.31 examples/s]
00:23:00 INFO: Starting training for task 'classification'...

  0%|                                                                                                                                         | 0/339 [00:00<?, ?it/s]
  0%|▎                                                                                                                              | 1/339 [00:52<4:55:25, 52.44s/it]
  1%|▋                                                                                                                              | 2/339 [00:59<2:23:16, 25.51s/it]
  1%|█                                                                                                                              | 3/339 [01:05<1:33:52, 16.76s/it]
  1%|█▍                                                                                                                             | 4/339 [01:11<1:10:40, 12.66s/it]
  1%|█▉                                                                                                                               | 5/339 [01:18<57:50, 10.39s/it]
  2%|██▎                                                                                                                              | 6/339 [01:24<49:50,  8.98s/it]
  2%|██▋                                                                                                                              | 7/339 [01:30<45:00,  8.13s/it]
  2%|███                                                                                                                              | 8/339 [01:37<41:33,  7.53s/it]
  3%|███▍                                                                                                                             | 9/339 [01:43<39:12,  7.13s/it]
  3%|███▊                                                                                                                            | 10/339 [01:49<37:23,  6.82s/it]
                                                                                                                                                                      
{'loss': '3.442', 'grad_norm': '2.817', 'learning_rate': '8.571e-05', 'entropy': '1.359', 'num_tokens': '4.057e+05', 'mean_token_accuracy': '0.5391', 'epoch': '0.0885'}

  3%|███▊                                                                                                                            | 10/339 [01:49<37:23,  6.82s/it]
  3%|████▏                                                                                                                           | 11/339 [01:55<36:21,  6.65s/it]
  4%|████▌                                                                                                                           | 12/339 [02:01<35:36,  6.53s/it]
  4%|████▉                                                                                                                           | 13/339 [02:08<35:01,  6.45s/it]
  4%|█████▎                                                                                                                          | 14/339 [02:14<34:31,  6.37s/it]
  4%|█████▋                                                                                                                          | 15/339 [02:20<34:14,  6.34s/it]
  5%|██████                                                                                                                          | 16/339 [02:26<33:57,  6.31s/it]
  5%|██████▍                                                                                                                         | 17/339 [02:36<39:07,  7.29s/it]
  5%|██████▊                                                                                                                         | 18/339 [02:42<37:21,  6.98s/it]
  6%|███████▏                                                                                                                        | 19/339 [02:49<36:03,  6.76s/it]
  6%|███████▌                                                                                                                        | 20/339 [02:55<35:09,  6.61s/it]
                                                                                                                                                                      
{'loss': '1.682', 'grad_norm': '0.7174', 'learning_rate': '0.000181', 'entropy': '1.268', 'num_tokens': '8.126e+05', 'mean_token_accuracy': '0.6814', 'epoch': '0.177'}

  6%|███████▌                                                                                                                        | 20/339 [02:55<35:09,  6.61s/it]
  6%|███████▉                                                                                                                        | 21/339 [03:01<34:27,  6.50s/it]
  6%|████████▎                                                                                                                       | 22/339 [03:07<33:58,  6.43s/it]
  7%|████████▋                                                                                                                       | 23/339 [03:14<33:31,  6.37s/it]
  7%|█████████                                                                                                                       | 24/339 [03:20<33:13,  6.33s/it]
  7%|█████████▍                                                                                                                      | 25/339 [03:26<33:11,  6.34s/it]
  8%|█████████▊                                                                                                                      | 26/339 [03:32<32:56,  6.31s/it]
  8%|██████████▏                                                                                                                     | 27/339 [03:39<32:45,  6.30s/it]
  8%|██████████▌                                                                                                                     | 28/339 [03:45<32:21,  6.24s/it]
  9%|██████████▉                                                                                                                     | 29/339 [03:51<32:18,  6.25s/it]
  9%|███████████▎                                                                                                                    | 30/339 [03:57<32:12,  6.25s/it]
                                                                                                                                                                      
{'loss': '1.293', 'grad_norm': '0.3141', 'learning_rate': '0.0001997', 'entropy': '1.351', 'num_tokens': '1.219e+06', 'mean_token_accuracy': '0.7232', 'epoch': '0.2655'}

  9%|███████████▎                                                                                                                    | 30/339 [03:57<32:12,  6.25s/it]
  9%|███████████▋                                                                                                                    | 31/339 [04:03<31:50,  6.20s/it]
  9%|████████████                                                                                                                    | 32/339 [04:10<31:49,  6.22s/it]
 10%|████████████▍                                                                                                                   | 33/339 [04:16<31:46,  6.23s/it]
 10%|████████████▊                                                                                                                   | 34/339 [04:22<31:43,  6.24s/it]
 10%|█████████████▏                                                                                                                  | 35/339 [04:28<31:27,  6.21s/it]
 11%|█████████████▌                                                                                                                  | 36/339 [04:35<31:24,  6.22s/it]
 11%|█████████████▉                                                                                                                  | 37/339 [04:41<31:22,  6.23s/it]
 11%|██████████████▎                                                                                                                 | 38/339 [04:47<31:20,  6.25s/it]
 12%|██████████████▋                                                                                                                 | 39/339 [04:53<31:09,  6.23s/it]
 12%|███████████████                                                                                                                 | 40/339 [04:59<30:59,  6.22s/it]
                                                                                                                                                                      
{'loss': '1.171', 'grad_norm': '0.2262', 'learning_rate': '0.0001984', 'entropy': '1.242', 'num_tokens': '1.623e+06', 'mean_token_accuracy': '0.7379', 'epoch': '0.354'}

 12%|███████████████                                                                                                                 | 40/339 [04:59<30:59,  6.22s/it]
 12%|███████████████▍                                                                                                                | 41/339 [05:06<30:57,  6.23s/it]
 12%|███████████████▊                                                                                                                | 42/339 [05:12<30:52,  6.24s/it]
 13%|████████████████▏                                                                                                               | 43/339 [05:18<30:47,  6.24s/it]
 13%|████████████████▌                                                                                                               | 44/339 [05:24<30:44,  6.25s/it]
 13%|████████████████▉                                                                                                               | 45/339 [05:31<30:44,  6.27s/it]
 14%|█████████████████▎                                                                                                              | 46/339 [05:37<30:35,  6.26s/it]
 14%|█████████████████▋                                                                                                              | 47/339 [05:43<30:23,  6.24s/it]
 14%|██████████████████                                                                                                              | 48/339 [05:49<30:17,  6.25s/it]
 14%|██████████████████▌                                                                                                             | 49/339 [05:56<30:13,  6.25s/it]
 15%|██████████████████▉                                                                                                             | 50/339 [06:02<30:01,  6.23s/it]
                                                                                                                                                                      
{'loss': '1.096', 'grad_norm': '0.2167', 'learning_rate': '0.0001962', 'entropy': '1.157', 'num_tokens': '2.028e+06', 'mean_token_accuracy': '0.751', 'epoch': '0.4425'}

 15%|██████████████████▉                                                                                                             | 50/339 [06:02<30:01,  6.23s/it]

  0%|                                                                                                                                          | 0/13 [00:00<?, ?it/s][A

 15%|████████████████████                                                                                                              | 2/13 [00:02<00:11,  1.07s/it][A

 23%|██████████████████████████████                                                                                                    | 3/13 [00:04<00:15,  1.51s/it][A

 31%|████████████████████████████████████████                                                                                          | 4/13 [00:06<00:15,  1.74s/it][A

 38%|██████████████████████████████████████████████████                                                                                | 5/13 [00:08<00:15,  1.88s/it][A

 46%|████████████████████████████████████████████████████████████                                                                      | 6/13 [00:10<00:13,  1.95s/it][A

 54%|██████████████████████████████████████████████████████████████████████                                                            | 7/13 [00:12<00:12,  2.01s/it][A

 62%|████████████████████████████████████████████████████████████████████████████████                                                  | 8/13 [00:14<00:10,  2.05s/it][A

 69%|██████████████████████████████████████████████████████████████████████████████████████████                                        | 9/13 [00:17<00:08,  2.08s/it][A

 77%|███████████████████████████████████████████████████████████████████████████████████████████████████▏                             | 10/13 [00:19<00:06,  2.09s/it][A

 85%|█████████████████████████████████████████████████████████████████████████████████████████████████████████████▏                   | 11/13 [00:21<00:04,  2.10s/it][A

 92%|███████████████████████████████████████████████████████████████████████████████████████████████████████████████████████          | 12/13 [00:23<00:02,  2.11s/it][A

100%|█████████████████████████████████████████████████████████████████████████████████████████████████████████████████████████████████| 13/13 [00:24<00:00,  1.88s/it][A
                                                                                                                                                                      

                                                                                                                                                                      
[A{'eval_loss': '1.007', 'eval_runtime': '26.94', 'eval_samples_per_second': '15.03', 'eval_steps_per_second': '0.483', 'eval_entropy': '1.078', 'eval_num_tokens': '2.028e+06', 'eval_mean_token_accuracy': '0.776', 'epoch': '0.4425'}

 15%|██████████████████▉                                                                                                             | 50/339 [06:29<30:01,  6.23s/it]

100%|█████████████████████████████████████████████████████████████████████████████████████████████████████████████████████████████████| 13/13 [00:24<00:00,  1.88s/it][A

                                                                                                                                                                      [A
 15%|██████████████████▉                                                                                                           | 51/339 [06:35<1:08:45, 14.33s/it]
 15%|███████████████████▋                                                                                                            | 52/339 [06:41<56:49, 11.88s/it]
 16%|████████████████████                                                                                                            | 53/339 [06:48<48:36, 10.20s/it]
 16%|████████████████████▍                                                                                                           | 54/339 [06:54<42:50,  9.02s/it]
 16%|████████████████████▊                                                                                                           | 55/339 [07:00<38:47,  8.19s/it]
 17%|█████████████████████▏                                                                                                          | 56/339 [07:06<35:55,  7.62s/it]
 17%|█████████████████████▌                                                                                                          | 57/339 [07:13<33:52,  7.21s/it]
 17%|█████████████████████▉                                                                                                          | 58/339 [07:19<32:24,  6.92s/it]
 17%|██████████████████████▎                                                                                                         | 59/339 [07:25<31:23,  6.73s/it]
 18%|██████████████████████▋                                                                                                         | 60/339 [07:31<30:37,  6.59s/it]
                                                                                                                                                                      
{'loss': '1.051', 'grad_norm': '0.2467', 'learning_rate': '0.000193', 'entropy': '1.116', 'num_tokens': '2.435e+06', 'mean_token_accuracy': '0.7649', 'epoch': '0.531'}

 18%|██████████████████████▋                                                                                                         | 60/339 [07:31<30:37,  6.59s/it]
 18%|███████████████████████                                                                                                         | 61/339 [07:38<30:02,  6.48s/it]
 18%|███████████████████████▍                                                                                                        | 62/339 [07:44<29:37,  6.42s/it]
 19%|███████████████████████▊                                                                                                        | 63/339 [07:50<29:18,  6.37s/it]
 19%|████████████████████████▏                                                                                                       | 64/339 [07:56<29:02,  6.34s/it]
 19%|████████████████████████▌                                                                                                       | 65/339 [08:03<28:50,  6.32s/it]
 19%|████████████████████████▉                                                                                                       | 66/339 [08:09<28:40,  6.30s/it]
 20%|█████████████████████████▎                                                                                                      | 67/339 [08:15<28:29,  6.29s/it]
 20%|█████████████████████████▋                                                                                                      | 68/339 [08:22<28:22,  6.28s/it]
 20%|██████████████████████████                                                                                                      | 69/339 [08:28<28:14,  6.28s/it]
 21%|██████████████████████████▍                                                                                                     | 70/339 [08:34<28:07,  6.27s/it]
                                                                                                                                                                      
{'loss': '0.9834', 'grad_norm': '0.2557', 'learning_rate': '0.000189', 'entropy': '1.058', 'num_tokens': '2.842e+06', 'mean_token_accuracy': '0.7778', 'epoch': '0.6195'}

 21%|██████████████████████████▍                                                                                                     | 70/339 [08:34<28:07,  6.27s/it]
 21%|██████████████████████████▊                                                                                                     | 71/339 [08:40<28:00,  6.27s/it]
 21%|███████████████████████████▏                                                                                                    | 72/339 [08:47<27:53,  6.27s/it]
 22%|███████████████████████████▌                                                                                                    | 73/339 [08:53<27:46,  6.26s/it]
 22%|███████████████████████████▉                                                                                                    | 74/339 [08:59<27:38,  6.26s/it]
 22%|████████████████████████████▎                                                                                                   | 75/339 [09:05<27:33,  6.26s/it]
 22%|████████████████████████████▋                                                                                                   | 76/339 [09:12<27:27,  6.26s/it]
 23%|█████████████████████████████                                                                                                   | 77/339 [09:18<27:19,  6.26s/it]
 23%|█████████████████████████████▍                                                                                                  | 78/339 [09:24<27:14,  6.26s/it]
 23%|█████████████████████████████▊                                                                                                  | 79/339 [09:30<27:06,  6.26s/it]
 24%|██████████████████████████████▏                                                                                                 | 80/339 [09:37<26:58,  6.25s/it]
                                                                                                                                                                      
{'loss': '0.9295', 'grad_norm': '0.403', 'learning_rate': '0.000184', 'entropy': '0.9976', 'num_tokens': '3.249e+06', 'mean_token_accuracy': '0.7857', 'epoch': '0.708'}

 24%|██████████████████████████████▏                                                                                                 | 80/339 [09:37<26:58,  6.25s/it]
 24%|██████████████████████████████▌                                                                                                 | 81/339 [09:43<26:53,  6.25s/it]
 24%|██████████████████████████████▉                                                                                                 | 82/339 [09:49<26:46,  6.25s/it]
 24%|███████████████████████████████▎                                                                                                | 83/339 [09:55<26:38,  6.24s/it]
 25%|███████████████████████████████▋                                                                                                | 84/339 [10:02<26:26,  6.22s/it]
 25%|████████████████████████████████                                                                                                | 85/339 [10:08<26:20,  6.22s/it]
 25%|████████████████████████████████▍                                                                                               | 86/339 [10:14<26:14,  6.22s/it]
 26%|████████████████████████████████▊                                                                                               | 87/339 [10:20<26:09,  6.23s/it]
 26%|█████████████████████████████████▏                                                                                              | 88/339 [10:26<26:06,  6.24s/it]
 26%|█████████████████████████████████▌                                                                                              | 89/339 [10:33<26:02,  6.25s/it]
 27%|█████████████████████████████████▉                                                                                              | 90/339 [10:39<25:56,  6.25s/it]
                                                                                                                                                                      
{'loss': '0.9036', 'grad_norm': '0.3331', 'learning_rate': '0.0001783', 'entropy': '0.9852', 'num_tokens': '3.655e+06', 'mean_token_accuracy': '0.79', 'epoch': '0.7965'}

 27%|█████████████████████████████████▉                                                                                              | 90/339 [10:39<25:56,  6.25s/it]
 27%|██████████████████████████████████▎                                                                                             | 91/339 [10:45<25:37,  6.20s/it]
 27%|██████████████████████████████████▋                                                                                             | 92/339 [10:51<25:34,  6.21s/it]
 27%|███████████████████████████████████                                                                                             | 93/339 [10:58<25:31,  6.23s/it]
 28%|███████████████████████████████████▍                                                                                            | 94/339 [11:04<25:28,  6.24s/it]
 28%|███████████████████████████████████▊                                                                                            | 95/339 [11:10<25:21,  6.24s/it]
 28%|████████████████████████████████████▏                                                                                           | 96/339 [11:16<25:18,  6.25s/it]
 29%|████████████████████████████████████▋                                                                                           | 97/339 [11:23<25:10,  6.24s/it]
 29%|█████████████████████████████████████                                                                                           | 98/339 [11:29<25:06,  6.25s/it]
 29%|█████████████████████████████████████▍                                                                                          | 99/339 [11:35<24:59,  6.25s/it]
 29%|█████████████████████████████████████▍                                                                                         | 100/339 [11:41<24:54,  6.25s/it]
                                                                                                                                                                      
{'loss': '0.869', 'grad_norm': '0.3505', 'learning_rate': '0.0001718', 'entropy': '0.9454', 'num_tokens': '4.061e+06', 'mean_token_accuracy': '0.7971', 'epoch': '0.885'}

 29%|█████████████████████████████████████▍                                                                                         | 100/339 [11:41<24:54,  6.25s/it]

  0%|                                                                                                                                          | 0/13 [00:00<?, ?it/s][A

 15%|████████████████████                                                                                                              | 2/13 [00:02<00:11,  1.07s/it][A

 23%|██████████████████████████████                                                                                                    | 3/13 [00:04<00:15,  1.51s/it][A

 31%|████████████████████████████████████████                                                                                          | 4/13 [00:06<00:15,  1.75s/it][A

 38%|██████████████████████████████████████████████████                                                                                | 5/13 [00:08<00:15,  1.88s/it][A

 46%|████████████████████████████████████████████████████████████                                                                      | 6/13 [00:10<00:13,  1.95s/it][A

 54%|██████████████████████████████████████████████████████████████████████                                                            | 7/13 [00:12<00:12,  2.01s/it][A

 62%|████████████████████████████████████████████████████████████████████████████████                                                  | 8/13 [00:14<00:10,  2.05s/it][A

 69%|██████████████████████████████████████████████████████████████████████████████████████████                                        | 9/13 [00:17<00:08,  2.08s/it][A

 77%|███████████████████████████████████████████████████████████████████████████████████████████████████▏                             | 10/13 [00:19<00:06,  2.09s/it][A

 85%|█████████████████████████████████████████████████████████████████████████████████████████████████████████████▏                   | 11/13 [00:21<00:04,  2.10s/it][A

 92%|███████████████████████████████████████████████████████████████████████████████████████████████████████████████████████          | 12/13 [00:23<00:02,  2.11s/it][A

100%|█████████████████████████████████████████████████████████████████████████████████████████████████████████████████████████████████| 13/13 [00:24<00:00,  1.88s/it][A
                                                                                                                                                                      

                                                                                                                                                                      
[A{'eval_loss': '0.8055', 'eval_runtime': '26.94', 'eval_samples_per_second': '15.03', 'eval_steps_per_second': '0.483', 'eval_entropy': '0.8747', 'eval_num_tokens': '4.061e+06', 'eval_mean_token_accuracy': '0.8103', 'epoch': '0.885'}

 29%|█████████████████████████████████████▍                                                                                         | 100/339 [12:08<24:54,  6.25s/it]

100%|█████████████████████████████████████████████████████████████████████████████████████████████████████████████████████████████████| 13/13 [00:24<00:00,  1.88s/it][A

                                                                                                                                                                      [A
 30%|█████████████████████████████████████▊                                                                                         | 101/339 [12:15<56:51, 14.33s/it]
 30%|██████████████████████████████████████▏                                                                                        | 102/339 [12:21<47:01, 11.91s/it]
 30%|██████████████████████████████████████▌                                                                                        | 103/339 [12:27<40:10, 10.21s/it]
 31%|██████████████████████████████████████▉                                                                                        | 104/339 [12:33<35:30,  9.06s/it]
 31%|███████████████████████████████████████▎                                                                                       | 105/339 [12:40<31:56,  8.19s/it]
 31%|███████████████████████████████████████▋                                                                                       | 106/339 [12:46<29:32,  7.61s/it]
 32%|████████████████████████████████████████                                                                                       | 107/339 [12:52<27:50,  7.20s/it]
 32%|████████████████████████████████████████▍                                                                                      | 108/339 [12:58<26:25,  6.86s/it]
 32%|████████████████████████████████████████▊                                                                                      | 109/339 [13:04<25:36,  6.68s/it]
 32%|█████████████████████████████████████████▏                                                                                     | 110/339 [13:10<24:40,  6.46s/it]
                                                                                                                                                                      
{'loss': '0.8332', 'grad_norm': '0.3759', 'learning_rate': '0.0001645', 'entropy': '0.9066', 'num_tokens': '4.464e+06', 'mean_token_accuracy': '0.8049', 'epoch': '0.9735'}

 32%|█████████████████████████████████████████▏                                                                                     | 110/339 [13:10<24:40,  6.46s/it]
 33%|█████████████████████████████████████████▌                                                                                     | 111/339 [13:17<24:10,  6.36s/it]
 33%|█████████████████████████████████████████▉                                                                                     | 112/339 [13:23<23:57,  6.33s/it]
 33%|██████████████████████████████████████████▎                                                                                    | 113/339 [13:26<20:49,  5.53s/it]
 34%|██████████████████████████████████████████▋                                                                                    | 114/339 [13:33<21:32,  5.74s/it]
 34%|███████████████████████████████████████████                                                                                    | 115/339 [13:39<22:00,  5.89s/it]
 34%|███████████████████████████████████████████▍                                                                                   | 116/339 [13:45<22:18,  6.00s/it]
 35%|███████████████████████████████████████████▊                                                                                   | 117/339 [13:51<22:18,  6.03s/it]
 35%|████████████████████████████████████████████▏                                                                                  | 118/339 [13:57<22:24,  6.08s/it]
 35%|████████████████████████████████████████████▌                                                                                  | 119/339 [14:04<22:30,  6.14s/it]
 35%|████████████████████████████████████████████▉                                                                                  | 120/339 [14:10<22:32,  6.18s/it]
                                                                                                                                                                      
{'loss': '0.7991', 'grad_norm': '0.427', 'learning_rate': '0.0001567', 'entropy': '0.8772', 'num_tokens': '4.852e+06', 'mean_token_accuracy': '0.8096', 'epoch': '1.062'}

 35%|████████████████████████████████████████████▉                                                                                  | 120/339 [14:10<22:32,  6.18s/it]
 36%|█████████████████████████████████████████████▎                                                                                 | 121/339 [14:16<22:28,  6.19s/it]
 36%|█████████████████████████████████████████████▋                                                                                 | 122/339 [14:22<22:27,  6.21s/it]
 36%|██████████████████████████████████████████████                                                                                 | 123/339 [14:29<22:25,  6.23s/it]
 37%|██████████████████████████████████████████████▍                                                                                | 124/339 [14:35<22:21,  6.24s/it]
 37%|██████████████████████████████████████████████▊                                                                                | 125/339 [14:41<22:16,  6.25s/it]
 37%|███████████████████████████████████████████████▏                                                                               | 126/339 [14:48<22:11,  6.25s/it]
 37%|███████████████████████████████████████████████▌                                                                               | 127/339 [14:54<22:06,  6.26s/it]
 38%|███████████████████████████████████████████████▉                                                                               | 128/339 [15:00<22:00,  6.26s/it]
 38%|████████████████████████████████████████████████▎                                                                              | 129/339 [15:06<21:54,  6.26s/it]
 38%|████████████████████████████████████████████████▋                                                                              | 130/339 [15:13<21:44,  6.24s/it]
                                                                                                                                                                      
{'loss': '0.7593', 'grad_norm': '0.4344', 'learning_rate': '0.0001483', 'entropy': '0.8365', 'num_tokens': '5.259e+06', 'mean_token_accuracy': '0.8199', 'epoch': '1.15'}

 38%|████████████████████████████████████████████████▋                                                                              | 130/339 [15:13<21:44,  6.24s/it]
 39%|█████████████████████████████████████████████████                                                                              | 131/339 [15:19<21:37,  6.24s/it]
 39%|█████████████████████████████████████████████████▍                                                                             | 132/339 [15:25<21:31,  6.24s/it]
 39%|█████████████████████████████████████████████████▊                                                                             | 133/339 [15:31<21:26,  6.25s/it]
 40%|██████████████████████████████████████████████████▏                                                                            | 134/339 [15:38<21:20,  6.25s/it]
 40%|██████████████████████████████████████████████████▌                                                                            | 135/339 [15:44<21:16,  6.26s/it]
 40%|██████████████████████████████████████████████████▉                                                                            | 136/339 [15:50<21:10,  6.26s/it]
 40%|███████████████████████████████████████████████████▎                                                                           | 137/339 [15:56<20:56,  6.22s/it]
 41%|███████████████████████████████████████████████████▋                                                                           | 138/339 [16:02<20:53,  6.23s/it]
 41%|████████████████████████████████████████████████████                                                                           | 139/339 [16:09<20:48,  6.24s/it]
 41%|████████████████████████████████████████████████████▍                                                                          | 140/339 [16:15<20:42,  6.25s/it]
                                                                                                                                                                      
{'loss': '0.7307', 'grad_norm': '0.4036', 'learning_rate': '0.0001394', 'entropy': '0.8127', 'num_tokens': '5.665e+06', 'mean_token_accuracy': '0.8256', 'epoch': '1.239'}

 41%|████████████████████████████████████████████████████▍                                                                          | 140/339 [16:15<20:42,  6.25s/it]
 42%|████████████████████████████████████████████████████▊                                                                          | 141/339 [16:21<20:36,  6.25s/it]
 42%|█████████████████████████████████████████████████████▏                                                                         | 142/339 [16:27<20:24,  6.21s/it]
 42%|█████████████████████████████████████████████████████▌                                                                         | 143/339 [16:34<20:21,  6.23s/it]
 42%|█████████████████████████████████████████████████████▉                                                                         | 144/339 [16:40<20:17,  6.24s/it]
 43%|██████████████████████████████████████████████████████▎                                                                        | 145/339 [16:46<20:11,  6.25s/it]
 43%|██████████████████████████████████████████████████████▋                                                                        | 146/339 [16:52<20:06,  6.25s/it]
 43%|███████████████████████████████████████████████████████                                                                        | 147/339 [16:59<20:00,  6.25s/it]
 44%|███████████████████████████████████████████████████████▍                                                                       | 148/339 [17:05<19:53,  6.25s/it]
 44%|███████████████████████████████████████████████████████▊                                                                       | 149/339 [17:11<19:48,  6.25s/it]
 44%|████████████████████████████████████████████████████████▏                                                                      | 150/339 [17:17<19:42,  6.25s/it]
                                                                                                                                                                      
{'loss': '0.7136', 'grad_norm': '0.4569', 'learning_rate': '0.0001301', 'entropy': '0.7983', 'num_tokens': '6.071e+06', 'mean_token_accuracy': '0.8287', 'epoch': '1.327'}

 44%|████████████████████████████████████████████████████████▏                                                                      | 150/339 [17:17<19:42,  6.25s/it]

  0%|                                                                                                                                          | 0/13 [00:00<?, ?it/s][A

 15%|████████████████████                                                                                                              | 2/13 [00:02<00:11,  1.07s/it][A

 23%|██████████████████████████████                                                                                                    | 3/13 [00:04<00:15,  1.51s/it][A

 31%|████████████████████████████████████████                                                                                          | 4/13 [00:06<00:15,  1.75s/it][A

 38%|██████████████████████████████████████████████████                                                                                | 5/13 [00:08<00:15,  1.88s/it][A

 46%|████████████████████████████████████████████████████████████                                                                      | 6/13 [00:10<00:13,  1.95s/it][A

 54%|██████████████████████████████████████████████████████████████████████                                                            | 7/13 [00:12<00:12,  2.01s/it][A

 62%|████████████████████████████████████████████████████████████████████████████████                                                  | 8/13 [00:14<00:10,  2.05s/it][A

 69%|██████████████████████████████████████████████████████████████████████████████████████████                                        | 9/13 [00:17<00:08,  2.08s/it][A

 77%|███████████████████████████████████████████████████████████████████████████████████████████████████▏                             | 10/13 [00:19<00:06,  2.09s/it][A

 85%|█████████████████████████████████████████████████████████████████████████████████████████████████████████████▏                   | 11/13 [00:21<00:04,  2.10s/it][A

 92%|███████████████████████████████████████████████████████████████████████████████████████████████████████████████████████          | 12/13 [00:23<00:02,  2.11s/it][A

100%|█████████████████████████████████████████████████████████████████████████████████████████████████████████████████████████████████| 13/13 [00:24<00:00,  1.88s/it][A
                                                                                                                                                                      

                                                                                                                                                                      
[A{'eval_loss': '0.6971', 'eval_runtime': '26.95', 'eval_samples_per_second': '15.03', 'eval_steps_per_second': '0.482', 'eval_entropy': '0.7735', 'eval_num_tokens': '6.071e+06', 'eval_mean_token_accuracy': '0.8335', 'epoch': '1.327'}

 44%|████████████████████████████████████████████████████████▏                                                                      | 150/339 [17:44<19:42,  6.25s/it]

100%|█████████████████████████████████████████████████████████████████████████████████████████████████████████████████████████████████| 13/13 [00:24<00:00,  1.88s/it][A

                                                                                                                                                                      [A
 45%|████████████████████████████████████████████████████████▌                                                                      | 151/339 [17:51<44:55, 14.34s/it]
 45%|████████████████████████████████████████████████████████▉                                                                      | 152/339 [17:57<37:07, 11.91s/it]
 45%|█████████████████████████████████████████████████████████▎                                                                     | 153/339 [18:03<31:41, 10.22s/it]
 45%|█████████████████████████████████████████████████████████▋                                                                     | 154/339 [18:09<27:51,  9.03s/it]
 46%|██████████████████████████████████████████████████████████                                                                     | 155/339 [18:16<25:08,  8.20s/it]
 46%|██████████████████████████████████████████████████████████▍                                                                    | 156/339 [18:22<23:03,  7.56s/it]
 46%|██████████████████████████████████████████████████████████▊                                                                    | 157/339 [18:28<21:44,  7.17s/it]
 47%|███████████████████████████████████████████████████████████▏                                                                   | 158/339 [18:34<20:47,  6.89s/it]
 47%|███████████████████████████████████████████████████████████▌                                                                   | 159/339 [18:40<20:06,  6.70s/it]
 47%|███████████████████████████████████████████████████████████▉                                                                   | 160/339 [18:47<19:36,  6.57s/it]
                                                                                                                                                                      
{'loss': '0.7014', 'grad_norm': '0.453', 'learning_rate': '0.0001206', 'entropy': '0.7814', 'num_tokens': '6.477e+06', 'mean_token_accuracy': '0.8325', 'epoch': '1.416'}

 47%|███████████████████████████████████████████████████████████▉                                                                   | 160/339 [18:47<19:36,  6.57s/it]
 47%|████████████████████████████████████████████████████████████▎                                                                  | 161/339 [18:53<19:03,  6.43s/it]
 48%|████████████████████████████████████████████████████████████▋                                                                  | 162/339 [18:59<18:48,  6.38s/it]
 48%|█████████████████████████████████████████████████████████████                                                                  | 163/339 [19:05<18:36,  6.34s/it]
 48%|█████████████████████████████████████████████████████████████▍                                                                 | 164/339 [19:12<18:26,  6.33s/it]
 49%|█████████████████████████████████████████████████████████████▊                                                                 | 165/339 [19:18<18:12,  6.28s/it]
 49%|██████████████████████████████████████████████████████████████▏                                                                | 166/339 [19:24<18:05,  6.28s/it]
 49%|██████████████████████████████████████████████████████████████▌                                                                | 167/339 [19:30<17:53,  6.24s/it]
 50%|██████████████████████████████████████████████████████████████▉                                                                | 168/339 [19:37<17:47,  6.24s/it]
 50%|███████████████████████████████████████████████████████████████▎                                                               | 169/339 [19:43<17:42,  6.25s/it]
 50%|███████████████████████████████████████████████████████████████▋                                                               | 170/339 [19:49<17:32,  6.23s/it]
                                                                                                                                                                      
{'loss': '0.6877', 'grad_norm': '0.4701', 'learning_rate': '0.0001108', 'entropy': '0.7724', 'num_tokens': '6.881e+06', 'mean_token_accuracy': '0.8357', 'epoch': '1.504'}

 50%|███████████████████████████████████████████████████████████████▋                                                               | 170/339 [19:49<17:32,  6.23s/it]
 50%|████████████████████████████████████████████████████████████████                                                               | 171/339 [19:55<17:28,  6.24s/it]
 51%|████████████████████████████████████████████████████████████████▍                                                              | 172/339 [20:01<17:23,  6.25s/it]
 51%|████████████████████████████████████████████████████████████████▊                                                              | 173/339 [20:08<17:17,  6.25s/it]
 51%|█████████████████████████████████████████████████████████████████▏                                                             | 174/339 [20:14<17:11,  6.25s/it]
 52%|█████████████████████████████████████████████████████████████████▌                                                             | 175/339 [20:20<17:05,  6.25s/it]
 52%|█████████████████████████████████████████████████████████████████▉                                                             | 176/339 [20:27<16:59,  6.26s/it]
 52%|██████████████████████████████████████████████████████████████████▎                                                            | 177/339 [20:33<16:54,  6.26s/it]
 53%|██████████████████████████████████████████████████████████████████▋                                                            | 178/339 [20:39<16:48,  6.26s/it]
 53%|███████████████████████████████████████████████████████████████████                                                            | 179/339 [20:45<16:41,  6.26s/it]
 53%|███████████████████████████████████████████████████████████████████▍                                                           | 180/339 [20:52<16:34,  6.26s/it]
                                                                                                                                                                      
{'loss': '0.6629', 'grad_norm': '0.4303', 'learning_rate': '0.000101', 'entropy': '0.7436', 'num_tokens': '7.289e+06', 'mean_token_accuracy': '0.8406', 'epoch': '1.593'}

 53%|███████████████████████████████████████████████████████████████████▍                                                           | 180/339 [20:52<16:34,  6.26s/it]
 53%|███████████████████████████████████████████████████████████████████▊                                                           | 181/339 [20:58<16:28,  6.25s/it]
 54%|████████████████████████████████████████████████████████████████████▏                                                          | 182/339 [21:04<16:22,  6.26s/it]
 54%|████████████████████████████████████████████████████████████████████▌                                                          | 183/339 [21:10<16:16,  6.26s/it]
 54%|████████████████████████████████████████████████████████████████████▉                                                          | 184/339 [21:17<16:09,  6.26s/it]
 55%|█████████████████████████████████████████████████████████████████████▎                                                         | 185/339 [21:23<15:56,  6.21s/it]
 55%|█████████████████████████████████████████████████████████████████████▋                                                         | 186/339 [21:29<15:50,  6.21s/it]
 55%|██████████████████████████████████████████████████████████████████████                                                         | 187/339 [21:35<15:46,  6.23s/it]
 55%|██████████████████████████████████████████████████████████████████████▍                                                        | 188/339 [21:41<15:41,  6.24s/it]
 56%|██████████████████████████████████████████████████████████████████████▊                                                        | 189/339 [21:48<15:36,  6.25s/it]
 56%|███████████████████████████████████████████████████████████████████████▏                                                       | 190/339 [21:54<15:31,  6.25s/it]
                                                                                                                                                                      
{'loss': '0.6569', 'grad_norm': '0.4435', 'learning_rate': '9.112e-05', 'entropy': '0.7393', 'num_tokens': '7.695e+06', 'mean_token_accuracy': '0.8415', 'epoch': '1.681'}

 56%|███████████████████████████████████████████████████████████████████████▏                                                       | 190/339 [21:54<15:31,  6.25s/it]
 56%|███████████████████████████████████████████████████████████████████████▌                                                       | 191/339 [22:00<15:31,  6.29s/it]
 57%|███████████████████████████████████████████████████████████████████████▉                                                       | 192/339 [22:07<15:24,  6.29s/it]
 57%|████████████████████████████████████████████████████████████████████████▎                                                      | 193/339 [22:13<15:12,  6.25s/it]
 57%|████████████████████████████████████████████████████████████████████████▋                                                      | 194/339 [22:19<15:01,  6.22s/it]
 58%|█████████████████████████████████████████████████████████████████████████                                                      | 195/339 [22:25<14:57,  6.23s/it]
 58%|█████████████████████████████████████████████████████████████████████████▍                                                     | 196/339 [22:31<14:51,  6.23s/it]
 58%|█████████████████████████████████████████████████████████████████████████▊                                                     | 197/339 [22:38<14:45,  6.24s/it]
 58%|██████████████████████████████████████████████████████████████████████████▏                                                    | 198/339 [22:44<14:39,  6.24s/it]
 59%|██████████████████████████████████████████████████████████████████████████▌                                                    | 199/339 [22:50<14:34,  6.25s/it]
 59%|██████████████████████████████████████████████████████████████████████████▉                                                    | 200/339 [22:56<14:29,  6.26s/it]
                                                                                                                                                                      
{'loss': '0.6604', 'grad_norm': '0.4439', 'learning_rate': '8.134e-05', 'entropy': '0.7445', 'num_tokens': '8.101e+06', 'mean_token_accuracy': '0.8423', 'epoch': '1.77'}

 59%|██████████████████████████████████████████████████████████████████████████▉                                                    | 200/339 [22:56<14:29,  6.26s/it]

  0%|                                                                                                                                          | 0/13 [00:00<?, ?it/s][A

 15%|████████████████████                                                                                                              | 2/13 [00:02<00:11,  1.07s/it][A

 23%|██████████████████████████████                                                                                                    | 3/13 [00:04<00:15,  1.51s/it][A

 31%|████████████████████████████████████████                                                                                          | 4/13 [00:06<00:15,  1.75s/it][A

 38%|██████████████████████████████████████████████████                                                                                | 5/13 [00:08<00:15,  1.88s/it][A

 46%|████████████████████████████████████████████████████████████                                                                      | 6/13 [00:10<00:13,  1.95s/it][A

 54%|██████████████████████████████████████████████████████████████████████                                                            | 7/13 [00:12<00:12,  2.01s/it][A

 62%|████████████████████████████████████████████████████████████████████████████████                                                  | 8/13 [00:14<00:10,  2.05s/it][A

 69%|██████████████████████████████████████████████████████████████████████████████████████████                                        | 9/13 [00:17<00:08,  2.08s/it][A

 77%|███████████████████████████████████████████████████████████████████████████████████████████████████▏                             | 10/13 [00:19<00:06,  2.09s/it][A

 85%|█████████████████████████████████████████████████████████████████████████████████████████████████████████████▏                   | 11/13 [00:21<00:04,  2.10s/it][A

 92%|███████████████████████████████████████████████████████████████████████████████████████████████████████████████████████          | 12/13 [00:23<00:02,  2.11s/it][A

100%|█████████████████████████████████████████████████████████████████████████████████████████████████████████████████████████████████| 13/13 [00:24<00:00,  1.89s/it][A
                                                                                                                                                                      

                                                                                                                                                                      
[A{'eval_loss': '0.6339', 'eval_runtime': '26.95', 'eval_samples_per_second': '15.03', 'eval_steps_per_second': '0.482', 'eval_entropy': '0.703', 'eval_num_tokens': '8.101e+06', 'eval_mean_token_accuracy': '0.8482', 'epoch': '1.77'}

 59%|██████████████████████████████████████████████████████████████████████████▉                                                    | 200/339 [23:23<14:29,  6.26s/it]

100%|█████████████████████████████████████████████████████████████████████████████████████████████████████████████████████████████████| 13/13 [00:24<00:00,  1.89s/it][A

                                                                                                                                                                      [A00:46:24 INFO: HTTP Request: HEAD https://huggingface.co/ibm-granite/granite-4.0-h-micro/resolve/main/config.json "HTTP/1.1 307 Temporary Redirect"
00:46:24 INFO: HTTP Request: HEAD https://huggingface.co/api/resolve-cache/models/ibm-granite/granite-4.0-h-micro/d5f01a3ea75f088947be3aae039f4ad52837dfde/config.json "HTTP/1.1 200 OK"
00:46:24 INFO: HTTP Request: HEAD https://huggingface.co/ibm-granite/granite-4.0-h-micro/resolve/main/config.json "HTTP/1.1 307 Temporary Redirect"
00:46:24 INFO: HTTP Request: HEAD https://huggingface.co/api/resolve-cache/models/ibm-granite/granite-4.0-h-micro/d5f01a3ea75f088947be3aae039f4ad52837dfde/config.json "HTTP/1.1 200 OK"

 59%|███████████████████████████████████████████████████████████████████████████▎                                                   | 201/339 [23:30<33:18, 14.48s/it]
 60%|███████████████████████████████████████████████████████████████████████████▋                                                   | 202/339 [23:36<27:25, 12.01s/it]
 60%|████████████████████████████████████████████████████████████████████████████                                                   | 203/339 [23:43<23:13, 10.25s/it]
 60%|████████████████████████████████████████████████████████████████████████████▍                                                  | 204/339 [23:49<20:21,  9.05s/it]
 60%|████████████████████████████████████████████████████████████████████████████▊                                                  | 205/339 [23:55<18:21,  8.22s/it]
 61%|█████████████████████████████████████████████████████████████████████████████▏                                                 | 206/339 [24:01<16:55,  7.63s/it]
 61%|█████████████████████████████████████████████████████████████████████████████▌                                                 | 207/339 [24:08<15:52,  7.22s/it]
 61%|█████████████████████████████████████████████████████████████████████████████▉                                                 | 208/339 [24:14<15:06,  6.92s/it]
 62%|██████████████████████████████████████████████████████████████████████████████▎                                                | 209/339 [24:20<14:33,  6.72s/it]
 62%|██████████████████████████████████████████████████████████████████████████████▋                                                | 210/339 [24:26<14:09,  6.58s/it]
                                                                                                                                                                      
{'loss': '0.635', 'grad_norm': '0.4716', 'learning_rate': '7.174e-05', 'entropy': '0.7212', 'num_tokens': '8.506e+06', 'mean_token_accuracy': '0.8483', 'epoch': '1.858'}

 62%|██████████████████████████████████████████████████████████████████████████████▋                                                | 210/339 [24:26<14:09,  6.58s/it]
 62%|███████████████████████████████████████████████████████████████████████████████                                                | 211/339 [24:33<13:50,  6.49s/it]
 63%|███████████████████████████████████████████████████████████████████████████████▍                                               | 212/339 [24:39<13:32,  6.40s/it]
 63%|███████████████████████████████████████████████████████████████████████████████▊                                               | 213/339 [24:45<13:20,  6.35s/it]
 63%|████████████████████████████████████████████████████████████████████████████████▏                                              | 214/339 [24:51<13:11,  6.33s/it]
 63%|████████████████████████████████████████████████████████████████████████████████▌                                              | 215/339 [24:58<13:01,  6.30s/it]
 64%|████████████████████████████████████████████████████████████████████████████████▉                                              | 216/339 [25:04<12:54,  6.29s/it]
 64%|█████████████████████████████████████████████████████████████████████████████████▎                                             | 217/339 [25:10<12:46,  6.28s/it]
 64%|█████████████████████████████████████████████████████████████████████████████████▋                                             | 218/339 [25:16<12:39,  6.28s/it]
 65%|██████████████████████████████████████████████████████████████████████████████████                                             | 219/339 [25:22<12:15,  6.13s/it]
 65%|██████████████████████████████████████████████████████████████████████████████████▍                                            | 220/339 [25:28<12:14,  6.17s/it]
                                                                                                                                                                      
{'loss': '0.6307', 'grad_norm': '0.5068', 'learning_rate': '6.242e-05', 'entropy': '0.7122', 'num_tokens': '8.91e+06', 'mean_token_accuracy': '0.849', 'epoch': '1.947'}

 65%|██████████████████████████████████████████████████████████████████████████████████▍                                            | 220/339 [25:28<12:14,  6.17s/it]
 65%|██████████████████████████████████████████████████████████████████████████████████▊                                            | 221/339 [25:35<12:11,  6.20s/it]
 65%|███████████████████████████████████████████████████████████████████████████████████▏                                           | 222/339 [25:41<12:04,  6.19s/it]
 66%|███████████████████████████████████████████████████████████████████████████████████▌                                           | 223/339 [25:47<12:00,  6.21s/it]
 66%|███████████████████████████████████████████████████████████████████████████████████▉                                           | 224/339 [25:53<11:55,  6.22s/it]
 66%|████████████████████████████████████████████████████████████████████████████████████▎                                          | 225/339 [26:00<11:51,  6.24s/it]
 67%|████████████████████████████████████████████████████████████████████████████████████▋                                          | 226/339 [26:03<10:17,  5.47s/it]
 67%|█████████████████████████████████████████████████████████████████████████████████████                                          | 227/339 [26:10<10:39,  5.71s/it]
 67%|█████████████████████████████████████████████████████████████████████████████████████▍                                         | 228/339 [26:16<10:52,  5.87s/it]
 68%|█████████████████████████████████████████████████████████████████████████████████████▊                                         | 229/339 [26:22<10:59,  5.99s/it]
 68%|██████████████████████████████████████████████████████████████████████████████████████▏                                        | 230/339 [26:28<11:01,  6.07s/it]
                                                                                                                                                                      
{'loss': '0.5977', 'grad_norm': '0.5065', 'learning_rate': '5.346e-05', 'entropy': '0.683', 'num_tokens': '9.3e+06', 'mean_token_accuracy': '0.8551', 'epoch': '2.035'}

 68%|██████████████████████████████████████████████████████████████████████████████████████▏                                        | 230/339 [26:28<11:01,  6.07s/it]
 68%|██████████████████████████████████████████████████████████████████████████████████████▌                                        | 231/339 [26:35<11:02,  6.13s/it]
 68%|██████████████████████████████████████████████████████████████████████████████████████▉                                        | 232/339 [26:41<11:00,  6.17s/it]
 69%|███████████████████████████████████████████████████████████████████████████████████████▎                                       | 233/339 [26:47<10:54,  6.18s/it]
 69%|███████████████████████████████████████████████████████████████████████████████████████▋                                       | 234/339 [26:53<10:50,  6.20s/it]
 69%|████████████████████████████████████████████████████████████████████████████████████████                                       | 235/339 [27:00<10:44,  6.20s/it]
 70%|████████████████████████████████████████████████████████████████████████████████████████▍                                      | 236/339 [27:06<10:40,  6.22s/it]
 70%|████████████████████████████████████████████████████████████████████████████████████████▊                                      | 237/339 [27:12<10:32,  6.20s/it]
 70%|█████████████████████████████████████████████████████████████████████████████████████████▏                                     | 238/339 [27:18<10:22,  6.16s/it]
 71%|█████████████████████████████████████████████████████████████████████████████████████████▌                                     | 239/339 [27:24<10:19,  6.19s/it]
 71%|█████████████████████████████████████████████████████████████████████████████████████████▉                                     | 240/339 [27:31<10:14,  6.21s/it]
                                                                                                                                                                      
{'loss': '0.5734', 'grad_norm': '0.4702', 'learning_rate': '4.496e-05', 'entropy': '0.6644', 'num_tokens': '9.705e+06', 'mean_token_accuracy': '0.8615', 'epoch': '2.124'}

 71%|█████████████████████████████████████████████████████████████████████████████████████████▉                                     | 240/339 [27:31<10:14,  6.21s/it]
 71%|██████████████████████████████████████████████████████████████████████████████████████████▎                                    | 241/339 [27:37<10:09,  6.22s/it]
 71%|██████████████████████████████████████████████████████████████████████████████████████████▋                                    | 242/339 [27:43<10:05,  6.24s/it]
 72%|███████████████████████████████████████████████████████████████████████████████████████████                                    | 243/339 [27:49<09:55,  6.20s/it]
 72%|███████████████████████████████████████████████████████████████████████████████████████████▍                                   | 244/339 [27:55<09:51,  6.22s/it]
 72%|███████████████████████████████████████████████████████████████████████████████████████████▊                                   | 245/339 [28:02<09:45,  6.23s/it]
 73%|████████████████████████████████████████████████████████████████████████████████████████████▏                                  | 246/339 [28:08<09:40,  6.24s/it]
 73%|████████████████████████████████████████████████████████████████████████████████████████████▌                                  | 247/339 [28:14<09:34,  6.25s/it]
 73%|████████████████████████████████████████████████████████████████████████████████████████████▉                                  | 248/339 [28:20<09:29,  6.26s/it]
 73%|█████████████████████████████████████████████████████████████████████████████████████████████▎                                 | 249/339 [28:27<09:22,  6.25s/it]
 74%|█████████████████████████████████████████████████████████████████████████████████████████████▋                                 | 250/339 [28:33<09:16,  6.25s/it]
                                                                                                                                                                      
{'loss': '0.5768', 'grad_norm': '0.4764', 'learning_rate': '3.699e-05', 'entropy': '0.6702', 'num_tokens': '1.011e+07', 'mean_token_accuracy': '0.8617', 'epoch': '2.212'}

 74%|█████████████████████████████████████████████████████████████████████████████████████████████▋                                 | 250/339 [28:33<09:16,  6.25s/it]

  0%|                                                                                                                                          | 0/13 [00:00<?, ?it/s][A

 15%|████████████████████                                                                                                              | 2/13 [00:02<00:11,  1.07s/it][A

 23%|██████████████████████████████                                                                                                    | 3/13 [00:04<00:15,  1.51s/it][A

 31%|████████████████████████████████████████                                                                                          | 4/13 [00:06<00:15,  1.75s/it][A

 38%|██████████████████████████████████████████████████                                                                                | 5/13 [00:08<00:15,  1.88s/it][A

 46%|████████████████████████████████████████████████████████████                                                                      | 6/13 [00:10<00:13,  1.95s/it][A

 54%|██████████████████████████████████████████████████████████████████████                                                            | 7/13 [00:12<00:12,  2.01s/it][A

 62%|████████████████████████████████████████████████████████████████████████████████                                                  | 8/13 [00:14<00:10,  2.05s/it][A

 69%|██████████████████████████████████████████████████████████████████████████████████████████                                        | 9/13 [00:17<00:08,  2.08s/it][A

 77%|███████████████████████████████████████████████████████████████████████████████████████████████████▏                             | 10/13 [00:19<00:06,  2.09s/it][A

 85%|█████████████████████████████████████████████████████████████████████████████████████████████████████████████▏                   | 11/13 [00:21<00:04,  2.10s/it][A

 92%|███████████████████████████████████████████████████████████████████████████████████████████████████████████████████████          | 12/13 [00:23<00:02,  2.11s/it][A

100%|█████████████████████████████████████████████████████████████████████████████████████████████████████████████████████████████████| 13/13 [00:24<00:00,  1.88s/it][A
                                                                                                                                                                      

                                                                                                                                                                      
[A{'eval_loss': '0.6005', 'eval_runtime': '26.95', 'eval_samples_per_second': '15.03', 'eval_steps_per_second': '0.482', 'eval_entropy': '0.6645', 'eval_num_tokens': '1.011e+07', 'eval_mean_token_accuracy': '0.8565', 'epoch': '2.212'}

 74%|█████████████████████████████████████████████████████████████████████████████████████████████▋                                 | 250/339 [29:00<09:16,  6.25s/it]

100%|█████████████████████████████████████████████████████████████████████████████████████████████████████████████████████████████████| 13/13 [00:24<00:00,  1.88s/it][A

                                                                                                                                                                      [A
 74%|██████████████████████████████████████████████████████████████████████████████████████████████                                 | 251/339 [29:06<21:01, 14.34s/it]
 74%|██████████████████████████████████████████████████████████████████████████████████████████████▍                                | 252/339 [29:12<17:17, 11.92s/it]
 75%|██████████████████████████████████████████████████████████████████████████████████████████████▊                                | 253/339 [29:19<14:38, 10.22s/it]
 75%|███████████████████████████████████████████████████████████████████████████████████████████████▏                               | 254/339 [29:25<12:47,  9.03s/it]
 75%|███████████████████████████████████████████████████████████████████████████████████████████████▌                               | 255/339 [29:31<11:28,  8.20s/it]
 76%|███████████████████████████████████████████████████████████████████████████████████████████████▉                               | 256/339 [29:38<10:32,  7.62s/it]
 76%|████████████████████████████████████████████████████████████████████████████████████████████████▎                              | 257/339 [29:44<09:50,  7.21s/it]
 76%|████████████████████████████████████████████████████████████████████████████████████████████████▋                              | 258/339 [29:50<09:20,  6.93s/it]
 76%|█████████████████████████████████████████████████████████████████████████████████████████████████                              | 259/339 [29:56<08:57,  6.72s/it]
 77%|█████████████████████████████████████████████████████████████████████████████████████████████████▍                             | 260/339 [30:03<08:40,  6.59s/it]
                                                                                                                                                                      
{'loss': '0.5616', 'grad_norm': '0.4783', 'learning_rate': '2.964e-05', 'entropy': '0.6462', 'num_tokens': '1.052e+07', 'mean_token_accuracy': '0.8646', 'epoch': '2.301'}

 77%|█████████████████████████████████████████████████████████████████████████████████████████████████▍                             | 260/339 [30:03<08:40,  6.59s/it]
 77%|█████████████████████████████████████████████████████████████████████████████████████████████████▊                             | 261/339 [30:09<08:25,  6.48s/it]
 77%|██████████████████████████████████████████████████████████████████████████████████████████████████▏                            | 262/339 [30:15<08:14,  6.42s/it]
 78%|██████████████████████████████████████████████████████████████████████████████████████████████████▌                            | 263/339 [30:21<08:04,  6.38s/it]
 78%|██████████████████████████████████████████████████████████████████████████████████████████████████▉                            | 264/339 [30:27<07:53,  6.31s/it]
 78%|███████████████████████████████████████████████████████████████████████████████████████████████████▎                           | 265/339 [30:34<07:46,  6.30s/it]
 78%|███████████████████████████████████████████████████████████████████████████████████████████████████▋                           | 266/339 [30:40<07:39,  6.29s/it]
 79%|████████████████████████████████████████████████████████████████████████████████████████████████████                           | 267/339 [30:46<07:32,  6.28s/it]
 79%|████████████████████████████████████████████████████████████████████████████████████████████████████▍                          | 268/339 [30:53<07:25,  6.28s/it]
 79%|████████████████████████████████████████████████████████████████████████████████████████████████████▊                          | 269/339 [30:59<07:19,  6.28s/it]
 80%|█████████████████████████████████████████████████████████████████████████████████████████████████████▏                         | 270/339 [31:05<07:14,  6.29s/it]
                                                                                                                                                                      
{'loss': '0.5515', 'grad_norm': '0.4781', 'learning_rate': '2.297e-05', 'entropy': '0.6376', 'num_tokens': '1.093e+07', 'mean_token_accuracy': '0.8667', 'epoch': '2.389'}

 80%|█████████████████████████████████████████████████████████████████████████████████████████████████████▏                         | 270/339 [31:05<07:14,  6.29s/it]
 80%|█████████████████████████████████████████████████████████████████████████████████████████████████████▌                         | 271/339 [31:11<07:07,  6.28s/it]
 80%|█████████████████████████████████████████████████████████████████████████████████████████████████████▉                         | 272/339 [31:18<06:57,  6.23s/it]
 81%|██████████████████████████████████████████████████████████████████████████████████████████████████████▎                        | 273/339 [31:24<06:51,  6.24s/it]
 81%|██████████████████████████████████████████████████████████████████████████████████████████████████████▋                        | 274/339 [31:30<06:46,  6.25s/it]
 81%|███████████████████████████████████████████████████████████████████████████████████████████████████████                        | 275/339 [31:36<06:39,  6.25s/it]
 81%|███████████████████████████████████████████████████████████████████████████████████████████████████████▍                       | 276/339 [31:43<06:34,  6.26s/it]
 82%|███████████████████████████████████████████████████████████████████████████████████████████████████████▊                       | 277/339 [31:49<06:26,  6.23s/it]
 82%|████████████████████████████████████████████████████████████████████████████████████████████████████████▏                      | 278/339 [31:55<06:20,  6.23s/it]
 82%|████████████████████████████████████████████████████████████████████████████████████████████████████████▌                      | 279/339 [32:01<06:14,  6.25s/it]
 83%|████████████████████████████████████████████████████████████████████████████████████████████████████████▉                      | 280/339 [32:08<06:08,  6.25s/it]
                                                                                                                                                                      
{'loss': '0.5737', 'grad_norm': '0.4587', 'learning_rate': '1.706e-05', 'entropy': '0.6623', 'num_tokens': '1.133e+07', 'mean_token_accuracy': '0.861', 'epoch': '2.478'}

 83%|████████████████████████████████████████████████████████████████████████████████████████████████████████▉                      | 280/339 [32:08<06:08,  6.25s/it]
 83%|█████████████████████████████████████████████████████████████████████████████████████████████████████████▎                     | 281/339 [32:14<06:02,  6.26s/it]
 83%|█████████████████████████████████████████████████████████████████████████████████████████████████████████▋                     | 282/339 [32:20<05:56,  6.26s/it]
 83%|██████████████████████████████████████████████████████████████████████████████████████████████████████████                     | 283/339 [32:26<05:49,  6.23s/it]
 84%|██████████████████████████████████████████████████████████████████████████████████████████████████████████▍                    | 284/339 [32:33<05:43,  6.24s/it]
 84%|██████████████████████████████████████████████████████████████████████████████████████████████████████████▊                    | 285/339 [32:39<05:35,  6.21s/it]
 84%|███████████████████████████████████████████████████████████████████████████████████████████████████████████▏                   | 286/339 [32:45<05:30,  6.23s/it]
 85%|███████████████████████████████████████████████████████████████████████████████████████████████████████████▌                   | 287/339 [32:51<05:24,  6.24s/it]
 85%|███████████████████████████████████████████████████████████████████████████████████████████████████████████▉                   | 288/339 [32:57<05:16,  6.21s/it]
 85%|████████████████████████████████████████████████████████████████████████████████████████████████████████████▎                  | 289/339 [33:04<05:11,  6.23s/it]
 86%|████████████████████████████████████████████████████████████████████████████████████████████████████████████▋                  | 290/339 [33:10<05:05,  6.24s/it]
                                                                                                                                                                      
{'loss': '0.553', 'grad_norm': '0.4641', 'learning_rate': '1.195e-05', 'entropy': '0.6388', 'num_tokens': '1.174e+07', 'mean_token_accuracy': '0.8667', 'epoch': '2.566'}

 86%|████████████████████████████████████████████████████████████████████████████████████████████████████████████▋                  | 290/339 [33:10<05:05,  6.24s/it]
 86%|█████████████████████████████████████████████████████████████████████████████████████████████████████████████                  | 291/339 [33:16<04:57,  6.20s/it]
 86%|█████████████████████████████████████████████████████████████████████████████████████████████████████████████▍                 | 292/339 [33:22<04:52,  6.22s/it]
 86%|█████████████████████████████████████████████████████████████████████████████████████████████████████████████▊                 | 293/339 [33:28<04:46,  6.23s/it]
 87%|██████████████████████████████████████████████████████████████████████████████████████████████████████████████▏                | 294/339 [33:35<04:40,  6.24s/it]
 87%|██████████████████████████████████████████████████████████████████████████████████████████████████████████████▌                | 295/339 [33:41<04:35,  6.25s/it]
 87%|██████████████████████████████████████████████████████████████████████████████████████████████████████████████▉                | 296/339 [33:47<04:26,  6.21s/it]
 88%|███████████████████████████████████████████████████████████████████████████████████████████████████████████████▎               | 297/339 [33:53<04:21,  6.23s/it]
 88%|███████████████████████████████████████████████████████████████████████████████████████████████████████████████▋               | 298/339 [34:00<04:14,  6.22s/it]
 88%|████████████████████████████████████████████████████████████████████████████████████████████████████████████████               | 299/339 [34:06<04:09,  6.23s/it]
 88%|████████████████████████████████████████████████████████████████████████████████████████████████████████████████▍              | 300/339 [34:12<04:03,  6.23s/it]
                                                                                                                                                                      
{'loss': '0.5643', 'grad_norm': '0.4731', 'learning_rate': '7.707e-06', 'entropy': '0.6541', 'num_tokens': '1.214e+07', 'mean_token_accuracy': '0.8646', 'epoch': '2.655'}

 88%|████████████████████████████████████████████████████████████████████████████████████████████████████████████████▍              | 300/339 [34:12<04:03,  6.23s/it]

  0%|                                                                                                                                          | 0/13 [00:00<?, ?it/s][A

 15%|████████████████████                                                                                                              | 2/13 [00:02<00:11,  1.07s/it][A

 23%|██████████████████████████████                                                                                                    | 3/13 [00:04<00:15,  1.51s/it][A

 31%|████████████████████████████████████████                                                                                          | 4/13 [00:06<00:15,  1.75s/it][A

 38%|██████████████████████████████████████████████████                                                                                | 5/13 [00:08<00:15,  1.88s/it][A

 46%|████████████████████████████████████████████████████████████                                                                      | 6/13 [00:10<00:13,  1.95s/it][A

 54%|██████████████████████████████████████████████████████████████████████                                                            | 7/13 [00:12<00:12,  2.01s/it][A

 62%|████████████████████████████████████████████████████████████████████████████████                                                  | 8/13 [00:14<00:10,  2.05s/it][A

 69%|██████████████████████████████████████████████████████████████████████████████████████████                                        | 9/13 [00:17<00:08,  2.08s/it][A

 77%|███████████████████████████████████████████████████████████████████████████████████████████████████▏                             | 10/13 [00:19<00:06,  2.09s/it][A

 85%|█████████████████████████████████████████████████████████████████████████████████████████████████████████████▏                   | 11/13 [00:21<00:04,  2.10s/it][A

 92%|███████████████████████████████████████████████████████████████████████████████████████████████████████████████████████          | 12/13 [00:23<00:02,  2.11s/it][A

100%|█████████████████████████████████████████████████████████████████████████████████████████████████████████████████████████████████| 13/13 [00:24<00:00,  1.89s/it][A
                                                                                                                                                                      

                                                                                                                                                                      
[A{'eval_loss': '0.5868', 'eval_runtime': '26.96', 'eval_samples_per_second': '15.02', 'eval_steps_per_second': '0.482', 'eval_entropy': '0.6491', 'eval_num_tokens': '1.214e+07', 'eval_mean_token_accuracy': '0.8599', 'epoch': '2.655'}

 88%|████████████████████████████████████████████████████████████████████████████████████████████████████████████████▍              | 300/339 [34:39<04:03,  6.23s/it]

100%|█████████████████████████████████████████████████████████████████████████████████████████████████████████████████████████████████| 13/13 [00:24<00:00,  1.89s/it][A

                                                                                                                                                                      [A
 89%|████████████████████████████████████████████████████████████████████████████████████████████████████████████████▊              | 301/339 [34:45<09:04, 14.32s/it]
 89%|█████████████████████████████████████████████████████████████████████████████████████████████████████████████████▏             | 302/339 [34:52<07:20, 11.90s/it]
 89%|█████████████████████████████████████████████████████████████████████████████████████████████████████████████████▌             | 303/339 [34:58<06:07, 10.20s/it]
 90%|█████████████████████████████████████████████████████████████████████████████████████████████████████████████████▉             | 304/339 [35:04<05:15,  9.02s/it]
 90%|██████████████████████████████████████████████████████████████████████████████████████████████████████████████████▎            | 305/339 [35:10<04:38,  8.19s/it]
 90%|██████████████████████████████████████████████████████████████████████████████████████████████████████████████████▋            | 306/339 [35:17<04:11,  7.61s/it]
 91%|███████████████████████████████████████████████████████████████████████████████████████████████████████████████████            | 307/339 [35:23<03:49,  7.17s/it]
 91%|███████████████████████████████████████████████████████████████████████████████████████████████████████████████████▍           | 308/339 [35:29<03:33,  6.90s/it]
 91%|███████████████████████████████████████████████████████████████████████████████████████████████████████████████████▊           | 309/339 [35:35<03:21,  6.70s/it]
 91%|████████████████████████████████████████████████████████████████████████████████████████████████████████████████████▏          | 310/339 [35:41<03:10,  6.57s/it]
                                                                                                                                                                      
{'loss': '0.5589', 'grad_norm': '0.485', 'learning_rate': '4.36e-06', 'entropy': '0.6465', 'num_tokens': '1.255e+07', 'mean_token_accuracy': '0.865', 'epoch': '2.743'}

 91%|████████████████████████████████████████████████████████████████████████████████████████████████████████████████████▏          | 310/339 [35:41<03:10,  6.57s/it]
 92%|████████████████████████████████████████████████████████████████████████████████████████████████████████████████████▌          | 311/339 [35:48<03:01,  6.48s/it]
 92%|████████████████████████████████████████████████████████████████████████████████████████████████████████████████████▉          | 312/339 [35:54<02:53,  6.42s/it]
 92%|█████████████████████████████████████████████████████████████████████████████████████████████████████████████████████▎         | 313/339 [36:00<02:45,  6.36s/it]
 93%|█████████████████████████████████████████████████████████████████████████████████████████████████████████████████████▋         | 314/339 [36:06<02:38,  6.33s/it]
 93%|██████████████████████████████████████████████████████████████████████████████████████████████████████████████████████         | 315/339 [36:13<02:31,  6.32s/it]
 93%|██████████████████████████████████████████████████████████████████████████████████████████████████████████████████████▍        | 316/339 [36:19<02:24,  6.30s/it]
 94%|██████████████████████████████████████████████████████████████████████████████████████████████████████████████████████▊        | 317/339 [36:25<02:18,  6.29s/it]
 94%|███████████████████████████████████████████████████████████████████████████████████████████████████████████████████████▏       | 318/339 [36:32<02:12,  6.29s/it]
 94%|███████████████████████████████████████████████████████████████████████████████████████████████████████████████████████▌       | 319/339 [36:38<02:05,  6.28s/it]
 94%|███████████████████████████████████████████████████████████████████████████████████████████████████████████████████████▉       | 320/339 [36:44<01:58,  6.24s/it]
                                                                                                                                                                      
{'loss': '0.5625', 'grad_norm': '0.4561', 'learning_rate': '1.946e-06', 'entropy': '0.6491', 'num_tokens': '1.295e+07', 'mean_token_accuracy': '0.8644', 'epoch': '2.832'}

 94%|███████████████████████████████████████████████████████████████████████████████████████████████████████████████████████▉       | 320/339 [36:44<01:58,  6.24s/it]
 95%|████████████████████████████████████████████████████████████████████████████████████████████████████████████████████████▎      | 321/339 [36:50<01:51,  6.19s/it]
 95%|████████████████████████████████████████████████████████████████████████████████████████████████████████████████████████▋      | 322/339 [36:56<01:45,  6.20s/it]
 95%|█████████████████████████████████████████████████████████████████████████████████████████████████████████████████████████      | 323/339 [37:02<01:39,  6.20s/it]
 96%|█████████████████████████████████████████████████████████████████████████████████████████████████████████████████████████▍     | 324/339 [37:09<01:33,  6.22s/it]
 96%|█████████████████████████████████████████████████████████████████████████████████████████████████████████████████████████▊     | 325/339 [37:15<01:27,  6.23s/it]
 96%|██████████████████████████████████████████████████████████████████████████████████████████████████████████████████████████▏    | 326/339 [37:21<01:21,  6.23s/it]
 96%|██████████████████████████████████████████████████████████████████████████████████████████████████████████████████████████▌    | 327/339 [37:27<01:14,  6.24s/it]
 97%|██████████████████████████████████████████████████████████████████████████████████████████████████████████████████████████▉    | 328/339 [37:34<01:08,  6.25s/it]
 97%|███████████████████████████████████████████████████████████████████████████████████████████████████████████████████████████▎   | 329/339 [37:40<01:02,  6.25s/it]
 97%|███████████████████████████████████████████████████████████████████████████████████████████████████████████████████████████▋   | 330/339 [37:46<00:56,  6.25s/it]
                                                                                                                                                                      
{'loss': '0.5638', 'grad_norm': '0.4719', 'learning_rate': '4.876e-07', 'entropy': '0.657', 'num_tokens': '1.336e+07', 'mean_token_accuracy': '0.8645', 'epoch': '2.92'}

 97%|███████████████████████████████████████████████████████████████████████████████████████████████████████████████████████████▋   | 330/339 [37:46<00:56,  6.25s/it]
 98%|████████████████████████████████████████████████████████████████████████████████████████████████████████████████████████████   | 331/339 [37:53<00:50,  6.25s/it]
 98%|████████████████████████████████████████████████████████████████████████████████████████████████████████████████████████████▍  | 332/339 [37:59<00:43,  6.25s/it]
 98%|████████████████████████████████████████████████████████████████████████████████████████████████████████████████████████████▊  | 333/339 [38:05<00:37,  6.25s/it]
 99%|█████████████████████████████████████████████████████████████████████████████████████████████████████████████████████████████▏ | 334/339 [38:11<00:31,  6.26s/it]
 99%|█████████████████████████████████████████████████████████████████████████████████████████████████████████████████████████████▌ | 335/339 [38:18<00:25,  6.27s/it]
 99%|█████████████████████████████████████████████████████████████████████████████████████████████████████████████████████████████▉ | 336/339 [38:24<00:18,  6.27s/it]
 99%|██████████████████████████████████████████████████████████████████████████████████████████████████████████████████████████████▎| 337/339 [38:30<00:12,  6.27s/it]
100%|██████████████████████████████████████████████████████████████████████████████████████████████████████████████████████████████▋| 338/339 [38:36<00:06,  6.25s/it]
100%|███████████████████████████████████████████████████████████████████████████████████████████████████████████████████████████████| 339/339 [38:40<00:00,  5.41s/it]01:01:41 INFO: HTTP Request: HEAD https://huggingface.co/ibm-granite/granite-4.0-h-micro/resolve/main/config.json "HTTP/1.1 307 Temporary Redirect"
01:01:41 INFO: HTTP Request: HEAD https://huggingface.co/api/resolve-cache/models/ibm-granite/granite-4.0-h-micro/d5f01a3ea75f088947be3aae039f4ad52837dfde/config.json "HTTP/1.1 200 OK"
01:01:41 INFO: HTTP Request: HEAD https://huggingface.co/ibm-granite/granite-4.0-h-micro/resolve/main/config.json "HTTP/1.1 307 Temporary Redirect"
01:01:41 INFO: HTTP Request: HEAD https://huggingface.co/api/resolve-cache/models/ibm-granite/granite-4.0-h-micro/d5f01a3ea75f088947be3aae039f4ad52837dfde/config.json "HTTP/1.1 200 OK"

                                                                                                                                                                      
{'train_runtime': '2321', 'train_samples_per_second': '4.657', 'train_steps_per_second': '0.146', 'train_loss': '0.8444', 'epoch': '3'}

100%|███████████████████████████████████████████████████████████████████████████████████████████████████████████████████████████████| 339/339 [38:40<00:00,  5.41s/it]
100%|███████████████████████████████████████████████████████████████████████████████████████████████████████████████████████████████| 339/339 [38:40<00:00,  6.85s/it]
01:01:41 INFO: HTTP Request: HEAD https://huggingface.co/ibm-granite/granite-4.0-h-micro/resolve/main/config.json "HTTP/1.1 307 Temporary Redirect"
01:01:41 INFO: HTTP Request: HEAD https://huggingface.co/api/resolve-cache/models/ibm-granite/granite-4.0-h-micro/d5f01a3ea75f088947be3aae039f4ad52837dfde/config.json "HTTP/1.1 200 OK"
01:01:41 INFO: HTTP Request: HEAD https://huggingface.co/ibm-granite/granite-4.0-h-micro/resolve/main/config.json "HTTP/1.1 307 Temporary Redirect"
01:01:41 INFO: HTTP Request: HEAD https://huggingface.co/api/resolve-cache/models/ibm-granite/granite-4.0-h-micro/d5f01a3ea75f088947be3aae039f4ad52837dfde/config.json "HTTP/1.1 200 OK"
01:01:41 INFO: Saved adapter to /workspace/output_original/assessos-classification-20260225_002242/final

  0%|                                                                                                                                          | 0/13 [00:00<?, ?it/s]
 15%|████████████████████                                                                                                              | 2/13 [00:02<00:11,  1.07s/it]
 23%|██████████████████████████████                                                                                                    | 3/13 [00:04<00:15,  1.51s/it]
 31%|████████████████████████████████████████                                                                                          | 4/13 [00:06<00:15,  1.75s/it]
 38%|██████████████████████████████████████████████████                                                                                | 5/13 [00:08<00:15,  1.88s/it]
 46%|████████████████████████████████████████████████████████████                                                                      | 6/13 [00:10<00:13,  1.95s/it]
 54%|██████████████████████████████████████████████████████████████████████                                                            | 7/13 [00:12<00:12,  2.01s/it]
 62%|████████████████████████████████████████████████████████████████████████████████                                                  | 8/13 [00:14<00:10,  2.05s/it]
 69%|██████████████████████████████████████████████████████████████████████████████████████████                                        | 9/13 [00:17<00:08,  2.08s/it]
 77%|███████████████████████████████████████████████████████████████████████████████████████████████████▏                             | 10/13 [00:19<00:06,  2.09s/it]
 85%|█████████████████████████████████████████████████████████████████████████████████████████████████████████████▏                   | 11/13 [00:21<00:04,  2.10s/it]
 92%|███████████████████████████████████████████████████████████████████████████████████████████████████████████████████████          | 12/13 [00:23<00:02,  2.11s/it]
100%|█████████████████████████████████████████████████████████████████████████████████████████████████████████████████████████████████| 13/13 [00:24<00:00,  1.89s/it]
100%|█████████████████████████████████████████████████████████████████████████████████████████████████████████████████████████████████| 13/13 [00:24<00:00,  1.91s/it]
01:02:08 INFO: Eval loss: 0.6339206099510193
01:02:08 INFO: Task 'classification' training complete!
01:02:08 INFO: 
============================================================
01:02:08 INFO: Training LoRA adapter: mapping
01:02:08 INFO: ============================================================
01:02:09 INFO: Loaded 15222 training examples for task 'mapping'
01:02:09 INFO: Train: 13699, Eval: 1523
Loading model: ibm-granite/granite-4.0-h-micro
01:02:09 INFO: HTTP Request: HEAD https://huggingface.co/ibm-granite/granite-4.0-h-micro/resolve/main/config.json "HTTP/1.1 307 Temporary Redirect"
01:02:09 INFO: HTTP Request: HEAD https://huggingface.co/api/resolve-cache/models/ibm-granite/granite-4.0-h-micro/d5f01a3ea75f088947be3aae039f4ad52837dfde/config.json "HTTP/1.1 200 OK"
01:02:09 INFO: HTTP Request: HEAD https://huggingface.co/ibm-granite/granite-4.0-h-micro/resolve/main/config.json "HTTP/1.1 307 Temporary Redirect"
01:02:09 INFO: HTTP Request: HEAD https://huggingface.co/api/resolve-cache/models/ibm-granite/granite-4.0-h-micro/d5f01a3ea75f088947be3aae039f4ad52837dfde/config.json "HTTP/1.1 200 OK"

Loading weights:   0%|                                                                                                                        | 0/466 [00:00<?, ?it/s]
Loading weights:   0%|▏                                                             | 1/466 [00:00<00:00, 53773.13it/s, Materializing param=model.embed_tokens.weight]
Loading weights:   0%|▏                                                             | 1/466 [00:00<00:00, 11155.06it/s, Materializing param=model.embed_tokens.weight]
Loading weights:   0%|▏                                                    | 2/466 [00:00<00:06, 70.76it/s, Materializing param=model.layers.0.input_layernorm.weight]
Loading weights:   0%|▏                                                    | 2/466 [00:00<00:06, 70.60it/s, Materializing param=model.layers.0.input_layernorm.weight]
Loading weights:   1%|▍                                                              | 3/466 [00:00<00:04, 103.56it/s, Materializing param=model.layers.0.mamba.A_log]
Loading weights:   1%|▍                                                              | 3/466 [00:00<00:04, 103.42it/s, Materializing param=model.layers.0.mamba.A_log]
Loading weights:   1%|▌                                                                  | 4/466 [00:00<00:03, 137.61it/s, Materializing param=model.layers.0.mamba.D]
Loading weights:   1%|▌                                                                  | 4/466 [00:00<00:03, 137.46it/s, Materializing param=model.layers.0.mamba.D]
Loading weights:   1%|▌                                                        | 5/466 [00:00<00:02, 171.51it/s, Materializing param=model.layers.0.mamba.conv1d.bias]
Loading weights:   1%|▌                                                        | 5/466 [00:00<00:02, 171.32it/s, Materializing param=model.layers.0.mamba.conv1d.bias]
Loading weights:   1%|▋                                                      | 6/466 [00:00<00:02, 204.28it/s, Materializing param=model.layers.0.mamba.conv1d.weight]
Loading weights:   1%|▋                                                      | 6/466 [00:00<00:02, 203.73it/s, Materializing param=model.layers.0.mamba.conv1d.weight]
Loading weights:   2%|▉                                                            | 7/466 [00:00<00:01, 237.22it/s, Materializing param=model.layers.0.mamba.dt_bias]
Loading weights:   2%|▉                                                            | 7/466 [00:00<00:01, 236.95it/s, Materializing param=model.layers.0.mamba.dt_bias]
Loading weights:   2%|▉                                                     | 8/466 [00:00<00:01, 237.50it/s, Materializing param=model.layers.0.mamba.in_proj.weight]
Loading weights:   2%|▉                                                     | 8/466 [00:00<00:01, 237.25it/s, Materializing param=model.layers.0.mamba.in_proj.weight]
Loading weights:   2%|█                                                        | 9/466 [00:00<00:01, 266.49it/s, Materializing param=model.layers.0.mamba.norm.weight]
Loading weights:   2%|█                                                        | 9/466 [00:00<00:01, 266.23it/s, Materializing param=model.layers.0.mamba.norm.weight]
Loading weights:   2%|█                                                   | 10/466 [00:00<00:01, 295.34it/s, Materializing param=model.layers.0.mamba.out_proj.weight]
Loading weights:   2%|█                                                   | 10/466 [00:00<00:01, 295.05it/s, Materializing param=model.layers.0.mamba.out_proj.weight]
Loading weights:   2%|▉                                         | 11/466 [00:00<00:01, 324.06it/s, Materializing param=model.layers.0.post_attention_layernorm.weight]
Loading weights:   2%|▉                                         | 11/466 [00:00<00:01, 323.75it/s, Materializing param=model.layers.0.post_attention_layernorm.weight]
Loading weights:   3%|█                                          | 12/466 [00:00<00:01, 352.65it/s, Materializing param=model.layers.0.shared_mlp.input_linear.weight]
Loading weights:   3%|█                                          | 12/466 [00:00<00:01, 352.32it/s, Materializing param=model.layers.0.shared_mlp.input_linear.weight]
Loading weights:   3%|█▏                                        | 13/466 [00:00<00:01, 343.28it/s, Materializing param=model.layers.0.shared_mlp.output_linear.weight]
Loading weights:   3%|█▏                                        | 13/466 [00:00<00:01, 342.68it/s, Materializing param=model.layers.0.shared_mlp.output_linear.weight]
Loading weights:   3%|█▌                                                 | 14/466 [00:00<00:01, 349.03it/s, Materializing param=model.layers.1.input_layernorm.weight]
Loading weights:   3%|█▌                                                 | 14/466 [00:00<00:01, 346.72it/s, Materializing param=model.layers.1.input_layernorm.weight]
Loading weights:   3%|█▉                                                            | 15/466 [00:00<00:01, 370.91it/s, Materializing param=model.layers.1.mamba.A_log]
Loading weights:   3%|█▉                                                            | 15/466 [00:00<00:01, 370.60it/s, Materializing param=model.layers.1.mamba.A_log]
Loading weights:   3%|██▎                                                               | 16/466 [00:00<00:01, 394.80it/s, Materializing param=model.layers.1.mamba.D]
Loading weights:   3%|██▎                                                               | 16/466 [00:00<00:01, 394.48it/s, Materializing param=model.layers.1.mamba.D]
Loading weights:   4%|██                                                      | 17/466 [00:00<00:01, 418.61it/s, Materializing param=model.layers.1.mamba.conv1d.bias]
Loading weights:   4%|██                                                      | 17/466 [00:00<00:01, 418.28it/s, Materializing param=model.layers.1.mamba.conv1d.bias]
Loading weights:   4%|██                                                    | 18/466 [00:00<00:01, 442.33it/s, Materializing param=model.layers.1.mamba.conv1d.weight]
Loading weights:   4%|██                                                    | 18/466 [00:00<00:01, 441.98it/s, Materializing param=model.layers.1.mamba.conv1d.weight]
Loading weights:   4%|██▍                                                         | 19/466 [00:00<00:00, 464.09it/s, Materializing param=model.layers.1.mamba.dt_bias]
Loading weights:   4%|██▍                                                         | 19/466 [00:00<00:00, 463.70it/s, Materializing param=model.layers.1.mamba.dt_bias]
Loading weights:   4%|██▎                                                  | 20/466 [00:00<00:00, 487.50it/s, Materializing param=model.layers.1.mamba.in_proj.weight]
Loading weights:   4%|██▎                                                  | 20/466 [00:00<00:00, 487.12it/s, Materializing param=model.layers.1.mamba.in_proj.weight]
Loading weights:   5%|██▌                                                     | 21/466 [00:00<00:00, 454.89it/s, Materializing param=model.layers.1.mamba.norm.weight]
Loading weights:   5%|██▌                                                     | 21/466 [00:00<00:00, 454.54it/s, Materializing param=model.layers.1.mamba.norm.weight]
Loading weights:   5%|██▍                                                 | 22/466 [00:00<00:00, 475.65it/s, Materializing param=model.layers.1.mamba.out_proj.weight]
Loading weights:   5%|██▍                                                 | 22/466 [00:00<00:00, 475.31it/s, Materializing param=model.layers.1.mamba.out_proj.weight]
Loading weights:   5%|██                                        | 23/466 [00:00<00:00, 496.36it/s, Materializing param=model.layers.1.post_attention_layernorm.weight]
Loading weights:   5%|██                                        | 23/466 [00:00<00:00, 496.01it/s, Materializing param=model.layers.1.post_attention_layernorm.weight]
Loading weights:   5%|██▏                                        | 24/466 [00:00<00:00, 516.24it/s, Materializing param=model.layers.1.shared_mlp.input_linear.weight]
Loading weights:   5%|██▏                                        | 24/466 [00:00<00:00, 515.87it/s, Materializing param=model.layers.1.shared_mlp.input_linear.weight]
Loading weights:   5%|██▎                                       | 25/466 [00:00<00:00, 492.00it/s, Materializing param=model.layers.1.shared_mlp.output_linear.weight]
Loading weights:   5%|██▎                                       | 25/466 [00:00<00:00, 491.44it/s, Materializing param=model.layers.1.shared_mlp.output_linear.weight]
Loading weights:   6%|██▊                                                | 26/466 [00:00<00:00, 488.50it/s, Materializing param=model.layers.2.input_layernorm.weight]
Loading weights:   6%|██▊                                                | 26/466 [00:00<00:00, 488.07it/s, Materializing param=model.layers.2.input_layernorm.weight]
Loading weights:   6%|███▌                                                          | 27/466 [00:00<00:00, 503.87it/s, Materializing param=model.layers.2.mamba.A_log]
Loading weights:   6%|███▌                                                          | 27/466 [00:00<00:00, 502.73it/s, Materializing param=model.layers.2.mamba.A_log]
Loading weights:   6%|███▉                                                              | 28/466 [00:00<00:00, 520.68it/s, Materializing param=model.layers.2.mamba.D]
Loading weights:   6%|███▉                                                              | 28/466 [00:00<00:00, 520.34it/s, Materializing param=model.layers.2.mamba.D]
Loading weights:   6%|███▍                                                    | 29/466 [00:00<00:00, 538.42it/s, Materializing param=model.layers.2.mamba.conv1d.bias]
Loading weights:   6%|███▍                                                    | 29/466 [00:00<00:00, 538.10it/s, Materializing param=model.layers.2.mamba.conv1d.bias]
Loading weights:   6%|███▍                                                  | 30/466 [00:00<00:00, 554.86it/s, Materializing param=model.layers.2.mamba.conv1d.weight]
Loading weights:   6%|███▍                                                  | 30/466 [00:00<00:00, 554.51it/s, Materializing param=model.layers.2.mamba.conv1d.weight]
Loading weights:   7%|███▉                                                        | 31/466 [00:00<00:00, 572.44it/s, Materializing param=model.layers.2.mamba.dt_bias]
Loading weights:   7%|███▉                                                        | 31/466 [00:00<00:00, 572.10it/s, Materializing param=model.layers.2.mamba.dt_bias]
Loading weights:   7%|███▋                                                 | 32/466 [00:00<00:00, 579.95it/s, Materializing param=model.layers.2.mamba.in_proj.weight]
Loading weights:   7%|███▋                                                 | 32/466 [00:00<00:00, 579.59it/s, Materializing param=model.layers.2.mamba.in_proj.weight]
Loading weights:   7%|███▉                                                    | 33/466 [00:00<00:00, 560.99it/s, Materializing param=model.layers.2.mamba.norm.weight]
Loading weights:   7%|███▉                                                    | 33/466 [00:00<00:00, 560.64it/s, Materializing param=model.layers.2.mamba.norm.weight]
Loading weights:   7%|███▊                                                | 34/466 [00:00<00:00, 577.10it/s, Materializing param=model.layers.2.mamba.out_proj.weight]
Loading weights:   7%|███▊                                                | 34/466 [00:00<00:00, 576.79it/s, Materializing param=model.layers.2.mamba.out_proj.weight]
Loading weights:   8%|███▏                                      | 35/466 [00:00<00:00, 593.22it/s, Materializing param=model.layers.2.post_attention_layernorm.weight]
Loading weights:   8%|███▏                                      | 35/466 [00:00<00:00, 592.88it/s, Materializing param=model.layers.2.post_attention_layernorm.weight]
Loading weights:   8%|███▎                                       | 36/466 [00:00<00:00, 609.31it/s, Materializing param=model.layers.2.shared_mlp.input_linear.weight]
Loading weights:   8%|███▎                                       | 36/466 [00:00<00:00, 608.98it/s, Materializing param=model.layers.2.shared_mlp.input_linear.weight]
Loading weights:   8%|███▎                                      | 37/466 [00:00<00:00, 588.36it/s, Materializing param=model.layers.2.shared_mlp.output_linear.weight]
Loading weights:   8%|███▎                                      | 37/466 [00:00<00:00, 588.05it/s, Materializing param=model.layers.2.shared_mlp.output_linear.weight]
Loading weights:   8%|████▏                                              | 38/466 [00:00<00:00, 570.83it/s, Materializing param=model.layers.3.input_layernorm.weight]
Loading weights:   8%|████▏                                              | 38/466 [00:00<00:00, 569.18it/s, Materializing param=model.layers.3.input_layernorm.weight]
Loading weights:   8%|█████▏                                                        | 39/466 [00:00<00:00, 583.56it/s, Materializing param=model.layers.3.mamba.A_log]
Loading weights:   8%|█████▏                                                        | 39/466 [00:00<00:00, 583.26it/s, Materializing param=model.layers.3.mamba.A_log]
Loading weights:   9%|█████▋                                                            | 40/466 [00:00<00:00, 597.74it/s, Materializing param=model.layers.3.mamba.D]
Loading weights:   9%|█████▋                                                            | 40/466 [00:00<00:00, 597.46it/s, Materializing param=model.layers.3.mamba.D]
Loading weights:   9%|████▉                                                   | 41/466 [00:00<00:00, 611.95it/s, Materializing param=model.layers.3.mamba.conv1d.bias]
Loading weights:   9%|████▉                                                   | 41/466 [00:00<00:00, 611.65it/s, Materializing param=model.layers.3.mamba.conv1d.bias]
Loading weights:   9%|████▊                                                 | 42/466 [00:00<00:00, 601.88it/s, Materializing param=model.layers.3.mamba.conv1d.weight]
Loading weights:   9%|████▊                                                 | 42/466 [00:00<00:00, 601.57it/s, Materializing param=model.layers.3.mamba.conv1d.weight]
Loading weights:   9%|█████▌                                                      | 43/466 [00:00<00:00, 615.45it/s, Materializing param=model.layers.3.mamba.dt_bias]
Loading weights:   9%|█████▌                                                      | 43/466 [00:00<00:00, 615.17it/s, Materializing param=model.layers.3.mamba.dt_bias]
Loading weights:   9%|█████                                                | 44/466 [00:00<00:00, 629.03it/s, Materializing param=model.layers.3.mamba.in_proj.weight]
Loading weights:   9%|█████                                                | 44/466 [00:00<00:00, 628.75it/s, Materializing param=model.layers.3.mamba.in_proj.weight]
Loading weights:  10%|█████▍                                                  | 45/466 [00:00<00:00, 642.58it/s, Materializing param=model.layers.3.mamba.norm.weight]
Loading weights:  10%|█████▍                                                  | 45/466 [00:00<00:00, 642.29it/s, Materializing param=model.layers.3.mamba.norm.weight]
Loading weights:  10%|█████▏                                              | 46/466 [00:00<00:00, 656.10it/s, Materializing param=model.layers.3.mamba.out_proj.weight]
Loading weights:  10%|█████▏                                              | 46/466 [00:00<00:00, 655.80it/s, Materializing param=model.layers.3.mamba.out_proj.weight]
Loading weights:  10%|████▏                                     | 47/466 [00:00<00:00, 655.04it/s, Materializing param=model.layers.3.post_attention_layernorm.weight]
Loading weights:  10%|████▏                                     | 47/466 [00:00<00:00, 654.72it/s, Materializing param=model.layers.3.post_attention_layernorm.weight]
Loading weights:  10%|████▍                                      | 48/466 [00:00<00:00, 668.18it/s, Materializing param=model.layers.3.shared_mlp.input_linear.weight]
Loading weights:  10%|████▍                                      | 48/466 [00:00<00:00, 667.89it/s, Materializing param=model.layers.3.shared_mlp.input_linear.weight]
Loading weights:  11%|████▍                                     | 49/466 [00:00<00:00, 644.50it/s, Materializing param=model.layers.3.shared_mlp.output_linear.weight]
Loading weights:  11%|████▍                                     | 49/466 [00:00<00:00, 644.20it/s, Materializing param=model.layers.3.shared_mlp.output_linear.weight]
Loading weights:  11%|█████▍                                             | 50/466 [00:00<00:00, 627.64it/s, Materializing param=model.layers.4.input_layernorm.weight]
Loading weights:  11%|█████▍                                             | 50/466 [00:00<00:00, 626.73it/s, Materializing param=model.layers.4.input_layernorm.weight]
Loading weights:  11%|██████▊                                                       | 51/466 [00:00<00:00, 638.73it/s, Materializing param=model.layers.4.mamba.A_log]
Loading weights:  11%|██████▊                                                       | 51/466 [00:00<00:00, 638.46it/s, Materializing param=model.layers.4.mamba.A_log]
Loading weights:  11%|███████▎                                                          | 52/466 [00:00<00:00, 649.54it/s, Materializing param=model.layers.4.mamba.D]
Loading weights:  11%|███████▎                                                          | 52/466 [00:00<00:00, 649.26it/s, Materializing param=model.layers.4.mamba.D]
Loading weights:  11%|██████▎                                                 | 53/466 [00:00<00:00, 661.33it/s, Materializing param=model.layers.4.mamba.conv1d.bias]
Loading weights:  11%|██████▎                                                 | 53/466 [00:00<00:00, 661.07it/s, Materializing param=model.layers.4.mamba.conv1d.bias]
Loading weights:  12%|██████▎                                               | 54/466 [00:00<00:00, 672.53it/s, Materializing param=model.layers.4.mamba.conv1d.weight]
Loading weights:  12%|██████▎                                               | 54/466 [00:00<00:00, 672.24it/s, Materializing param=model.layers.4.mamba.conv1d.weight]
Loading weights:  12%|███████                                                     | 55/466 [00:00<00:00, 653.50it/s, Materializing param=model.layers.4.mamba.dt_bias]
Loading weights:  12%|███████                                                     | 55/466 [00:00<00:00, 653.24it/s, Materializing param=model.layers.4.mamba.dt_bias]
Loading weights:  12%|██████▎                                              | 56/466 [00:00<00:00, 664.72it/s, Materializing param=model.layers.4.mamba.in_proj.weight]
Loading weights:  12%|██████▎                                              | 56/466 [00:00<00:00, 664.47it/s, Materializing param=model.layers.4.mamba.in_proj.weight]
Loading weights:  12%|██████▊                                                 | 57/466 [00:00<00:00, 675.94it/s, Materializing param=model.layers.4.mamba.norm.weight]
Loading weights:  12%|██████▊                                                 | 57/466 [00:00<00:00, 675.70it/s, Materializing param=model.layers.4.mamba.norm.weight]
Loading weights:  12%|██████▍                                             | 58/466 [00:00<00:00, 680.32it/s, Materializing param=model.layers.4.mamba.out_proj.weight]
Loading weights:  12%|██████▍                                             | 58/466 [00:00<00:00, 680.06it/s, Materializing param=model.layers.4.mamba.out_proj.weight]
Loading weights:  13%|█████▎                                    | 59/466 [00:00<00:00, 691.36it/s, Materializing param=model.layers.4.post_attention_layernorm.weight]
Loading weights:  13%|█████▎                                    | 59/466 [00:00<00:00, 691.05it/s, Materializing param=model.layers.4.post_attention_layernorm.weight]
Loading weights:  13%|█████▌                                     | 60/466 [00:00<00:00, 641.28it/s, Materializing param=model.layers.4.shared_mlp.input_linear.weight]
Loading weights:  13%|█████▌                                     | 60/466 [00:00<00:00, 640.90it/s, Materializing param=model.layers.4.shared_mlp.input_linear.weight]
Loading weights:  13%|█████▍                                    | 61/466 [00:00<00:00, 651.13it/s, Materializing param=model.layers.4.shared_mlp.output_linear.weight]
Loading weights:  13%|█████▍                                    | 61/466 [00:00<00:00, 650.89it/s, Materializing param=model.layers.4.shared_mlp.output_linear.weight]
Loading weights:  13%|██████▊                                            | 62/466 [00:00<00:00, 644.15it/s, Materializing param=model.layers.5.input_layernorm.weight]
Loading weights:  13%|██████▊                                            | 62/466 [00:00<00:00, 643.91it/s, Materializing param=model.layers.5.input_layernorm.weight]
Loading weights:  14%|█████▋                                    | 63/466 [00:00<00:00, 653.80it/s, Materializing param=model.layers.5.post_attention_layernorm.weight]
Loading weights:  14%|█████▋                                    | 63/466 [00:00<00:00, 653.57it/s, Materializing param=model.layers.5.post_attention_layernorm.weight]
Loading weights:  14%|██████▊                                           | 64/466 [00:00<00:00, 662.59it/s, Materializing param=model.layers.5.self_attn.k_proj.weight]
Loading weights:  14%|██████▊                                           | 64/466 [00:00<00:00, 662.23it/s, Materializing param=model.layers.5.self_attn.k_proj.weight]
Loading weights:  14%|██████▉                                           | 65/466 [00:00<00:00, 672.14it/s, Materializing param=model.layers.5.self_attn.o_proj.weight]
Loading weights:  14%|██████▉                                           | 65/466 [00:00<00:00, 671.90it/s, Materializing param=model.layers.5.self_attn.o_proj.weight]
Loading weights:  14%|███████                                           | 66/466 [00:00<00:00, 678.27it/s, Materializing param=model.layers.5.self_attn.q_proj.weight]
Loading weights:  14%|███████                                           | 66/466 [00:00<00:00, 678.04it/s, Materializing param=model.layers.5.self_attn.q_proj.weight]
Loading weights:  14%|███████▏                                          | 67/466 [00:00<00:00, 631.41it/s, Materializing param=model.layers.5.self_attn.q_proj.weight]
Loading weights:  14%|███████▏                                          | 67/466 [00:00<00:00, 631.41it/s, Materializing param=model.layers.5.self_attn.v_proj.weight]
Loading weights:  14%|███████▏                                          | 67/466 [00:00<00:00, 631.41it/s, Materializing param=model.layers.5.self_attn.v_proj.weight]
Loading weights:  15%|██████▎                                    | 68/466 [00:00<00:00, 631.41it/s, Materializing param=model.layers.5.shared_mlp.input_linear.weight]
Loading weights:  15%|██████▎                                    | 68/466 [00:00<00:00, 631.41it/s, Materializing param=model.layers.5.shared_mlp.input_linear.weight]
Loading weights:  15%|██████▏                                   | 69/466 [00:00<00:00, 631.41it/s, Materializing param=model.layers.5.shared_mlp.output_linear.weight]
Loading weights:  15%|██████▏                                   | 69/466 [00:00<00:00, 631.41it/s, Materializing param=model.layers.5.shared_mlp.output_linear.weight]
Loading weights:  15%|███████▋                                           | 70/466 [00:00<00:00, 631.41it/s, Materializing param=model.layers.6.input_layernorm.weight]
Loading weights:  15%|███████▋                                           | 70/466 [00:00<00:00, 631.41it/s, Materializing param=model.layers.6.input_layernorm.weight]
Loading weights:  15%|█████████▍                                                    | 71/466 [00:00<00:00, 631.41it/s, Materializing param=model.layers.6.mamba.A_log]
Loading weights:  15%|█████████▍                                                    | 71/466 [00:00<00:00, 631.41it/s, Materializing param=model.layers.6.mamba.A_log]
Loading weights:  15%|██████████▏                                                       | 72/466 [00:00<00:00, 631.41it/s, Materializing param=model.layers.6.mamba.D]
Loading weights:  15%|██████████▏                                                       | 72/466 [00:00<00:00, 631.41it/s, Materializing param=model.layers.6.mamba.D]
Loading weights:  16%|████████▊                                               | 73/466 [00:00<00:00, 631.41it/s, Materializing param=model.layers.6.mamba.conv1d.bias]
Loading weights:  16%|████████▊                                               | 73/466 [00:00<00:00, 631.41it/s, Materializing param=model.layers.6.mamba.conv1d.bias]
Loading weights:  16%|████████▌                                             | 74/466 [00:00<00:00, 631.41it/s, Materializing param=model.layers.6.mamba.conv1d.weight]
Loading weights:  16%|████████▌                                             | 74/466 [00:00<00:00, 631.41it/s, Materializing param=model.layers.6.mamba.conv1d.weight]
Loading weights:  16%|█████████▋                                                  | 75/466 [00:00<00:00, 631.41it/s, Materializing param=model.layers.6.mamba.dt_bias]
Loading weights:  16%|█████████▋                                                  | 75/466 [00:00<00:00, 631.41it/s, Materializing param=model.layers.6.mamba.dt_bias]
Loading weights:  16%|████████▋                                            | 76/466 [00:00<00:00, 631.41it/s, Materializing param=model.layers.6.mamba.in_proj.weight]
Loading weights:  16%|████████▋                                            | 76/466 [00:00<00:00, 631.41it/s, Materializing param=model.layers.6.mamba.in_proj.weight]
Loading weights:  17%|█████████▎                                              | 77/466 [00:00<00:00, 631.41it/s, Materializing param=model.layers.6.mamba.norm.weight]
Loading weights:  17%|█████████▎                                              | 77/466 [00:00<00:00, 631.41it/s, Materializing param=model.layers.6.mamba.norm.weight]
Loading weights:  17%|████████▋                                           | 78/466 [00:00<00:00, 631.41it/s, Materializing param=model.layers.6.mamba.out_proj.weight]
Loading weights:  17%|████████▋                                           | 78/466 [00:00<00:00, 631.41it/s, Materializing param=model.layers.6.mamba.out_proj.weight]
Loading weights:  17%|███████                                   | 79/466 [00:00<00:00, 631.41it/s, Materializing param=model.layers.6.post_attention_layernorm.weight]
Loading weights:  17%|███████                                   | 79/466 [00:00<00:00, 631.41it/s, Materializing param=model.layers.6.post_attention_layernorm.weight]
Loading weights:  17%|███████▍                                   | 80/466 [00:00<00:00, 631.41it/s, Materializing param=model.layers.6.shared_mlp.input_linear.weight]
Loading weights:  17%|███████▍                                   | 80/466 [00:00<00:00, 631.41it/s, Materializing param=model.layers.6.shared_mlp.input_linear.weight]
Loading weights:  17%|███████▎                                  | 81/466 [00:00<00:00, 631.41it/s, Materializing param=model.layers.6.shared_mlp.output_linear.weight]
Loading weights:  17%|███████▎                                  | 81/466 [00:00<00:00, 631.41it/s, Materializing param=model.layers.6.shared_mlp.output_linear.weight]
Loading weights:  18%|████████▉                                          | 82/466 [00:00<00:00, 631.41it/s, Materializing param=model.layers.7.input_layernorm.weight]
Loading weights:  18%|████████▉                                          | 82/466 [00:00<00:00, 631.41it/s, Materializing param=model.layers.7.input_layernorm.weight]
Loading weights:  18%|███████████                                                   | 83/466 [00:00<00:00, 631.41it/s, Materializing param=model.layers.7.mamba.A_log]
Loading weights:  18%|███████████                                                   | 83/466 [00:00<00:00, 631.41it/s, Materializing param=model.layers.7.mamba.A_log]
Loading weights:  18%|███████████▉                                                      | 84/466 [00:00<00:00, 631.41it/s, Materializing param=model.layers.7.mamba.D]
Loading weights:  18%|███████████▉                                                      | 84/466 [00:00<00:00, 631.41it/s, Materializing param=model.layers.7.mamba.D]
Loading weights:  18%|██████████▏                                             | 85/466 [00:00<00:00, 631.41it/s, Materializing param=model.layers.7.mamba.conv1d.bias]
Loading weights:  18%|██████████▏                                             | 85/466 [00:00<00:00, 631.41it/s, Materializing param=model.layers.7.mamba.conv1d.bias]
Loading weights:  18%|█████████▉                                            | 86/466 [00:00<00:00, 631.41it/s, Materializing param=model.layers.7.mamba.conv1d.weight]
Loading weights:  18%|█████████▉                                            | 86/466 [00:00<00:00, 631.41it/s, Materializing param=model.layers.7.mamba.conv1d.weight]
Loading weights:  19%|███████████▏                                                | 87/466 [00:00<00:00, 631.41it/s, Materializing param=model.layers.7.mamba.dt_bias]
Loading weights:  19%|███████████▏                                                | 87/466 [00:00<00:00, 631.41it/s, Materializing param=model.layers.7.mamba.dt_bias]
Loading weights:  19%|██████████                                           | 88/466 [00:00<00:00, 631.41it/s, Materializing param=model.layers.7.mamba.in_proj.weight]
Loading weights:  19%|██████████                                           | 88/466 [00:00<00:00, 631.41it/s, Materializing param=model.layers.7.mamba.in_proj.weight]
Loading weights:  19%|██████████▋                                             | 89/466 [00:00<00:00, 631.41it/s, Materializing param=model.layers.7.mamba.norm.weight]
Loading weights:  19%|██████████▋                                             | 89/466 [00:00<00:00, 631.41it/s, Materializing param=model.layers.7.mamba.norm.weight]
Loading weights:  19%|██████████                                          | 90/466 [00:00<00:00, 631.41it/s, Materializing param=model.layers.7.mamba.out_proj.weight]
Loading weights:  19%|██████████                                          | 90/466 [00:00<00:00, 631.41it/s, Materializing param=model.layers.7.mamba.out_proj.weight]
Loading weights:  20%|████████▏                                 | 91/466 [00:00<00:00, 631.41it/s, Materializing param=model.layers.7.post_attention_layernorm.weight]
Loading weights:  20%|████████▏                                 | 91/466 [00:00<00:00, 631.41it/s, Materializing param=model.layers.7.post_attention_layernorm.weight]
Loading weights:  20%|████████▍                                  | 92/466 [00:00<00:00, 631.41it/s, Materializing param=model.layers.7.shared_mlp.input_linear.weight]
Loading weights:  20%|████████▍                                  | 92/466 [00:00<00:00, 631.41it/s, Materializing param=model.layers.7.shared_mlp.input_linear.weight]
Loading weights:  20%|████████▍                                 | 93/466 [00:00<00:00, 631.41it/s, Materializing param=model.layers.7.shared_mlp.output_linear.weight]
Loading weights:  20%|████████▍                                 | 93/466 [00:00<00:00, 631.41it/s, Materializing param=model.layers.7.shared_mlp.output_linear.weight]
Loading weights:  20%|██████████▎                                        | 94/466 [00:00<00:00, 631.41it/s, Materializing param=model.layers.8.input_layernorm.weight]
Loading weights:  20%|██████████▎                                        | 94/466 [00:00<00:00, 631.41it/s, Materializing param=model.layers.8.input_layernorm.weight]
Loading weights:  20%|████████████▋                                                 | 95/466 [00:00<00:00, 631.41it/s, Materializing param=model.layers.8.mamba.A_log]
Loading weights:  20%|████████████▋                                                 | 95/466 [00:00<00:00, 631.41it/s, Materializing param=model.layers.8.mamba.A_log]
Loading weights:  21%|█████████████▌                                                    | 96/466 [00:00<00:00, 631.41it/s, Materializing param=model.layers.8.mamba.D]
Loading weights:  21%|█████████████▌                                                    | 96/466 [00:00<00:00, 631.41it/s, Materializing param=model.layers.8.mamba.D]
Loading weights:  21%|███████████▋                                            | 97/466 [00:00<00:00, 631.41it/s, Materializing param=model.layers.8.mamba.conv1d.bias]
Loading weights:  21%|███████████▋                                            | 97/466 [00:00<00:00, 631.41it/s, Materializing param=model.layers.8.mamba.conv1d.bias]
Loading weights:  21%|███████████▎                                          | 98/466 [00:00<00:00, 631.41it/s, Materializing param=model.layers.8.mamba.conv1d.weight]
Loading weights:  21%|███████████▎                                          | 98/466 [00:00<00:00, 631.41it/s, Materializing param=model.layers.8.mamba.conv1d.weight]
Loading weights:  21%|████████████▋                                               | 99/466 [00:00<00:00, 631.41it/s, Materializing param=model.layers.8.mamba.dt_bias]
Loading weights:  21%|████████████▋                                               | 99/466 [00:00<00:00, 631.41it/s, Materializing param=model.layers.8.mamba.dt_bias]
Loading weights:  21%|███████████▏                                        | 100/466 [00:00<00:00, 631.41it/s, Materializing param=model.layers.8.mamba.in_proj.weight]
Loading weights:  21%|███████████▏                                        | 100/466 [00:00<00:00, 631.41it/s, Materializing param=model.layers.8.mamba.in_proj.weight]
Loading weights:  22%|███████████▉                                           | 101/466 [00:00<00:00, 631.41it/s, Materializing param=model.layers.8.mamba.norm.weight]
Loading weights:  22%|███████████▉                                           | 101/466 [00:00<00:00, 631.41it/s, Materializing param=model.layers.8.mamba.norm.weight]
Loading weights:  22%|███████████▏                                       | 102/466 [00:00<00:00, 631.41it/s, Materializing param=model.layers.8.mamba.out_proj.weight]
Loading weights:  22%|███████████▏                                       | 102/466 [00:00<00:00, 631.41it/s, Materializing param=model.layers.8.mamba.out_proj.weight]
Loading weights:  22%|█████████                                | 103/466 [00:00<00:00, 631.41it/s, Materializing param=model.layers.8.post_attention_layernorm.weight]
Loading weights:  22%|█████████                                | 103/466 [00:00<00:00, 631.41it/s, Materializing param=model.layers.8.post_attention_layernorm.weight]
Loading weights:  22%|█████████▎                                | 104/466 [00:00<00:00, 631.41it/s, Materializing param=model.layers.8.shared_mlp.input_linear.weight]
Loading weights:  22%|█████████▎                                | 104/466 [00:00<00:00, 631.41it/s, Materializing param=model.layers.8.shared_mlp.input_linear.weight]
Loading weights:  23%|█████████▏                               | 105/466 [00:00<00:00, 631.41it/s, Materializing param=model.layers.8.shared_mlp.output_linear.weight]
Loading weights:  23%|█████████▏                               | 105/466 [00:00<00:00, 631.41it/s, Materializing param=model.layers.8.shared_mlp.output_linear.weight]
Loading weights:  23%|███████████▎                                      | 106/466 [00:00<00:00, 631.41it/s, Materializing param=model.layers.9.input_layernorm.weight]
Loading weights:  23%|███████████▎                                      | 106/466 [00:00<00:00, 631.41it/s, Materializing param=model.layers.9.input_layernorm.weight]
Loading weights:  23%|██████████████                                               | 107/466 [00:00<00:00, 631.41it/s, Materializing param=model.layers.9.mamba.A_log]
Loading weights:  23%|██████████████                                               | 107/466 [00:00<00:00, 631.41it/s, Materializing param=model.layers.9.mamba.A_log]
Loading weights:  23%|███████████████                                                  | 108/466 [00:00<00:00, 631.41it/s, Materializing param=model.layers.9.mamba.D]
Loading weights:  23%|███████████████                                                  | 108/466 [00:00<00:00, 631.41it/s, Materializing param=model.layers.9.mamba.D]
Loading weights:  23%|████████████▊                                          | 109/466 [00:00<00:00, 631.41it/s, Materializing param=model.layers.9.mamba.conv1d.bias]
Loading weights:  23%|████████████▊                                          | 109/466 [00:00<00:00, 631.41it/s, Materializing param=model.layers.9.mamba.conv1d.bias]
Loading weights:  24%|████████████▌                                        | 110/466 [00:00<00:00, 631.41it/s, Materializing param=model.layers.9.mamba.conv1d.weight]
Loading weights:  24%|████████████▌                                        | 110/466 [00:00<00:00, 631.41it/s, Materializing param=model.layers.9.mamba.conv1d.weight]
Loading weights:  24%|██████████████                                             | 111/466 [00:00<00:00, 631.41it/s, Materializing param=model.layers.9.mamba.dt_bias]
Loading weights:  24%|██████████████                                             | 111/466 [00:00<00:00, 631.41it/s, Materializing param=model.layers.9.mamba.dt_bias]
Loading weights:  24%|████████████▍                                       | 112/466 [00:00<00:00, 631.41it/s, Materializing param=model.layers.9.mamba.in_proj.weight]
Loading weights:  24%|████████████▍                                       | 112/466 [00:00<00:00, 631.41it/s, Materializing param=model.layers.9.mamba.in_proj.weight]
Loading weights:  24%|█████████████▎                                         | 113/466 [00:00<00:00, 631.41it/s, Materializing param=model.layers.9.mamba.norm.weight]
Loading weights:  24%|█████████████▎                                         | 113/466 [00:00<00:00, 631.41it/s, Materializing param=model.layers.9.mamba.norm.weight]
Loading weights:  24%|████████████▍                                      | 114/466 [00:00<00:00, 631.41it/s, Materializing param=model.layers.9.mamba.out_proj.weight]
Loading weights:  24%|████████████▍                                      | 114/466 [00:00<00:00, 631.41it/s, Materializing param=model.layers.9.mamba.out_proj.weight]
Loading weights:  25%|██████████                               | 115/466 [00:00<00:00, 631.41it/s, Materializing param=model.layers.9.post_attention_layernorm.weight]
Loading weights:  25%|██████████                               | 115/466 [00:00<00:00, 631.41it/s, Materializing param=model.layers.9.post_attention_layernorm.weight]
Loading weights:  25%|██████████▍                               | 116/466 [00:00<00:00, 631.41it/s, Materializing param=model.layers.9.shared_mlp.input_linear.weight]
Loading weights:  25%|██████████▍                               | 116/466 [00:00<00:00, 631.41it/s, Materializing param=model.layers.9.shared_mlp.input_linear.weight]
Loading weights:  25%|██████████▎                              | 117/466 [00:00<00:00, 631.41it/s, Materializing param=model.layers.9.shared_mlp.output_linear.weight]
Loading weights:  25%|██████████▎                              | 117/466 [00:00<00:00, 631.41it/s, Materializing param=model.layers.9.shared_mlp.output_linear.weight]
Loading weights:  25%|████████████▍                                    | 118/466 [00:00<00:00, 631.41it/s, Materializing param=model.layers.10.input_layernorm.weight]
Loading weights:  25%|████████████▍                                    | 118/466 [00:00<00:00, 631.41it/s, Materializing param=model.layers.10.input_layernorm.weight]
Loading weights:  26%|███████████████▎                                            | 119/466 [00:00<00:00, 631.41it/s, Materializing param=model.layers.10.mamba.A_log]
Loading weights:  26%|███████████████▎                                            | 119/466 [00:00<00:00, 631.41it/s, Materializing param=model.layers.10.mamba.A_log]
Loading weights:  26%|████████████████▍                                               | 120/466 [00:00<00:00, 631.41it/s, Materializing param=model.layers.10.mamba.D]
Loading weights:  26%|████████████████▍                                               | 120/466 [00:00<00:00, 631.41it/s, Materializing param=model.layers.10.mamba.D]
Loading weights:  26%|██████████████                                        | 121/466 [00:00<00:00, 631.41it/s, Materializing param=model.layers.10.mamba.conv1d.bias]
Loading weights:  26%|██████████████                                        | 121/466 [00:00<00:00, 631.41it/s, Materializing param=model.layers.10.mamba.conv1d.bias]
Loading weights:  26%|█████████████▌                                      | 122/466 [00:00<00:00, 631.41it/s, Materializing param=model.layers.10.mamba.conv1d.weight]
Loading weights:  26%|█████████████▌                                      | 122/466 [00:00<00:00, 631.41it/s, Materializing param=model.layers.10.mamba.conv1d.weight]
Loading weights:  26%|███████████████▎                                          | 123/466 [00:00<00:00, 631.41it/s, Materializing param=model.layers.10.mamba.dt_bias]
Loading weights:  26%|███████████████▎                                          | 123/466 [00:00<00:00, 631.41it/s, Materializing param=model.layers.10.mamba.dt_bias]
Loading weights:  27%|█████████████▌                                     | 124/466 [00:00<00:00, 631.41it/s, Materializing param=model.layers.10.mamba.in_proj.weight]
Loading weights:  27%|█████████████▌                                     | 124/466 [00:00<00:00, 631.41it/s, Materializing param=model.layers.10.mamba.in_proj.weight]
Loading weights:  27%|██████████████▍                                       | 125/466 [00:00<00:00, 631.41it/s, Materializing param=model.layers.10.mamba.norm.weight]
Loading weights:  27%|██████████████▍                                       | 125/466 [00:00<00:00, 631.41it/s, Materializing param=model.layers.10.mamba.norm.weight]
Loading weights:  27%|█████████████▌                                    | 126/466 [00:00<00:00, 631.41it/s, Materializing param=model.layers.10.mamba.out_proj.weight]
Loading weights:  27%|█████████████▌                                    | 126/466 [00:00<00:00, 631.41it/s, Materializing param=model.layers.10.mamba.out_proj.weight]
Loading weights:  27%|██████████▉                             | 127/466 [00:00<00:00, 631.41it/s, Materializing param=model.layers.10.post_attention_layernorm.weight]
Loading weights:  27%|██████████▉                             | 127/466 [00:00<00:00, 631.41it/s, Materializing param=model.layers.10.post_attention_layernorm.weight]
Loading weights:  27%|███████████▎                             | 128/466 [00:00<00:00, 631.41it/s, Materializing param=model.layers.10.shared_mlp.input_linear.weight]
Loading weights:  27%|███████████▎                             | 128/466 [00:00<00:00, 631.41it/s, Materializing param=model.layers.10.shared_mlp.input_linear.weight]
Loading weights:  28%|███████████                             | 129/466 [00:00<00:00, 631.41it/s, Materializing param=model.layers.10.shared_mlp.output_linear.weight]
Loading weights:  28%|███████████                             | 129/466 [00:00<00:00, 631.41it/s, Materializing param=model.layers.10.shared_mlp.output_linear.weight]
Loading weights:  28%|█████████████▋                                   | 130/466 [00:00<00:00, 631.41it/s, Materializing param=model.layers.11.input_layernorm.weight]
Loading weights:  28%|█████████████▋                                   | 130/466 [00:00<00:00, 631.41it/s, Materializing param=model.layers.11.input_layernorm.weight]
Loading weights:  28%|█████████████▊                                   | 131/466 [00:00<00:00, 618.53it/s, Materializing param=model.layers.11.input_layernorm.weight]
Loading weights:  28%|████████████████▊                                           | 131/466 [00:00<00:00, 618.53it/s, Materializing param=model.layers.11.mamba.A_log]
Loading weights:  28%|████████████████▊                                           | 131/466 [00:00<00:00, 618.53it/s, Materializing param=model.layers.11.mamba.A_log]
Loading weights:  28%|██████████████████▏                                             | 132/466 [00:00<00:00, 618.53it/s, Materializing param=model.layers.11.mamba.D]
Loading weights:  28%|██████████████████▏                                             | 132/466 [00:00<00:00, 618.53it/s, Materializing param=model.layers.11.mamba.D]
Loading weights:  29%|███████████████▍                                      | 133/466 [00:00<00:00, 618.53it/s, Materializing param=model.layers.11.mamba.conv1d.bias]
Loading weights:  29%|███████████████▍                                      | 133/466 [00:00<00:00, 618.53it/s, Materializing param=model.layers.11.mamba.conv1d.bias]
Loading weights:  29%|██████████████▉                                     | 134/466 [00:00<00:00, 618.53it/s, Materializing param=model.layers.11.mamba.conv1d.weight]
Loading weights:  29%|██████████████▉                                     | 134/466 [00:00<00:00, 618.53it/s, Materializing param=model.layers.11.mamba.conv1d.weight]
Loading weights:  29%|████████████████▊                                         | 135/466 [00:00<00:00, 618.53it/s, Materializing param=model.layers.11.mamba.dt_bias]
Loading weights:  29%|████████████████▊                                         | 135/466 [00:00<00:00, 618.53it/s, Materializing param=model.layers.11.mamba.dt_bias]
Loading weights:  29%|██████████████▉                                    | 136/466 [00:00<00:00, 618.53it/s, Materializing param=model.layers.11.mamba.in_proj.weight]
Loading weights:  29%|██████████████▉                                    | 136/466 [00:00<00:00, 618.53it/s, Materializing param=model.layers.11.mamba.in_proj.weight]
Loading weights:  29%|███████████████▉                                      | 137/466 [00:00<00:00, 618.53it/s, Materializing param=model.layers.11.mamba.norm.weight]
Loading weights:  29%|███████████████▉                                      | 137/466 [00:00<00:00, 618.53it/s, Materializing param=model.layers.11.mamba.norm.weight]
Loading weights:  30%|██████████████▊                                   | 138/466 [00:00<00:00, 618.53it/s, Materializing param=model.layers.11.mamba.out_proj.weight]
Loading weights:  30%|██████████████▊                                   | 138/466 [00:00<00:00, 618.53it/s, Materializing param=model.layers.11.mamba.out_proj.weight]
Loading weights:  30%|███████████▉                            | 139/466 [00:00<00:00, 618.53it/s, Materializing param=model.layers.11.post_attention_layernorm.weight]
Loading weights:  30%|███████████▉                            | 139/466 [00:00<00:00, 618.53it/s, Materializing param=model.layers.11.post_attention_layernorm.weight]
Loading weights:  30%|████████████▎                            | 140/466 [00:00<00:00, 618.53it/s, Materializing param=model.layers.11.shared_mlp.input_linear.weight]
Loading weights:  30%|████████████▎                            | 140/466 [00:00<00:00, 618.53it/s, Materializing param=model.layers.11.shared_mlp.input_linear.weight]
Loading weights:  30%|████████████                            | 141/466 [00:00<00:00, 618.53it/s, Materializing param=model.layers.11.shared_mlp.output_linear.weight]
Loading weights:  30%|████████████                            | 141/466 [00:00<00:00, 618.53it/s, Materializing param=model.layers.11.shared_mlp.output_linear.weight]
Loading weights:  30%|██████████████▉                                  | 142/466 [00:00<00:00, 618.53it/s, Materializing param=model.layers.12.input_layernorm.weight]
Loading weights:  30%|██████████████▉                                  | 142/466 [00:00<00:00, 618.53it/s, Materializing param=model.layers.12.input_layernorm.weight]
Loading weights:  31%|██████████████████▍                                         | 143/466 [00:00<00:00, 618.53it/s, Materializing param=model.layers.12.mamba.A_log]
Loading weights:  31%|██████████████████▍                                         | 143/466 [00:00<00:00, 618.53it/s, Materializing param=model.layers.12.mamba.A_log]
Loading weights:  31%|███████████████████▊                                            | 144/466 [00:00<00:00, 618.53it/s, Materializing param=model.layers.12.mamba.D]
Loading weights:  31%|███████████████████▊                                            | 144/466 [00:00<00:00, 618.53it/s, Materializing param=model.layers.12.mamba.D]
Loading weights:  31%|████████████████▊                                     | 145/466 [00:00<00:00, 618.53it/s, Materializing param=model.layers.12.mamba.conv1d.bias]
Loading weights:  31%|████████████████▊                                     | 145/466 [00:00<00:00, 618.53it/s, Materializing param=model.layers.12.mamba.conv1d.bias]
Loading weights:  31%|████████████████▎                                   | 146/466 [00:00<00:00, 618.53it/s, Materializing param=model.layers.12.mamba.conv1d.weight]
Loading weights:  31%|████████████████▎                                   | 146/466 [00:00<00:00, 618.53it/s, Materializing param=model.layers.12.mamba.conv1d.weight]
Loading weights:  32%|██████████████████▎                                       | 147/466 [00:00<00:00, 618.53it/s, Materializing param=model.layers.12.mamba.dt_bias]
Loading weights:  32%|██████████████████▎                                       | 147/466 [00:00<00:00, 618.53it/s, Materializing param=model.layers.12.mamba.dt_bias]
Loading weights:  32%|████████████████▏                                  | 148/466 [00:00<00:00, 618.53it/s, Materializing param=model.layers.12.mamba.in_proj.weight]
Loading weights:  32%|████████████████▏                                  | 148/466 [00:00<00:00, 618.53it/s, Materializing param=model.layers.12.mamba.in_proj.weight]
Loading weights:  32%|█████████████████▎                                    | 149/466 [00:00<00:00, 618.53it/s, Materializing param=model.layers.12.mamba.norm.weight]
Loading weights:  32%|█████████████████▎                                    | 149/466 [00:00<00:00, 618.53it/s, Materializing param=model.layers.12.mamba.norm.weight]
Loading weights:  32%|████████████████                                  | 150/466 [00:00<00:00, 618.53it/s, Materializing param=model.layers.12.mamba.out_proj.weight]
Loading weights:  32%|████████████████                                  | 150/466 [00:00<00:00, 618.53it/s, Materializing param=model.layers.12.mamba.out_proj.weight]
Loading weights:  32%|████████████▉                           | 151/466 [00:00<00:00, 618.53it/s, Materializing param=model.layers.12.post_attention_layernorm.weight]
Loading weights:  32%|████████████▉                           | 151/466 [00:00<00:00, 618.53it/s, Materializing param=model.layers.12.post_attention_layernorm.weight]
Loading weights:  33%|█████████████▎                           | 152/466 [00:00<00:00, 618.53it/s, Materializing param=model.layers.12.shared_mlp.input_linear.weight]
Loading weights:  33%|█████████████▎                           | 152/466 [00:00<00:00, 618.53it/s, Materializing param=model.layers.12.shared_mlp.input_linear.weight]
Loading weights:  33%|█████████████▏                          | 153/466 [00:00<00:00, 618.53it/s, Materializing param=model.layers.12.shared_mlp.output_linear.weight]
Loading weights:  33%|█████████████▏                          | 153/466 [00:00<00:00, 618.53it/s, Materializing param=model.layers.12.shared_mlp.output_linear.weight]
Loading weights:  33%|████████████████▏                                | 154/466 [00:00<00:00, 618.53it/s, Materializing param=model.layers.13.input_layernorm.weight]
Loading weights:  33%|████████████████▏                                | 154/466 [00:00<00:00, 618.53it/s, Materializing param=model.layers.13.input_layernorm.weight]
Loading weights:  33%|███████████████████▉                                        | 155/466 [00:00<00:00, 618.53it/s, Materializing param=model.layers.13.mamba.A_log]
Loading weights:  33%|███████████████████▉                                        | 155/466 [00:00<00:00, 618.53it/s, Materializing param=model.layers.13.mamba.A_log]
Loading weights:  33%|█████████████████████▍                                          | 156/466 [00:00<00:00, 618.53it/s, Materializing param=model.layers.13.mamba.D]
Loading weights:  33%|█████████████████████▍                                          | 156/466 [00:00<00:00, 618.53it/s, Materializing param=model.layers.13.mamba.D]
Loading weights:  34%|██████████████████▏                                   | 157/466 [00:00<00:00, 618.53it/s, Materializing param=model.layers.13.mamba.conv1d.bias]
Loading weights:  34%|██████████████████▏                                   | 157/466 [00:00<00:00, 618.53it/s, Materializing param=model.layers.13.mamba.conv1d.bias]
Loading weights:  34%|█████████████████▋                                  | 158/466 [00:00<00:00, 618.53it/s, Materializing param=model.layers.13.mamba.conv1d.weight]
Loading weights:  34%|█████████████████▋                                  | 158/466 [00:00<00:00, 618.53it/s, Materializing param=model.layers.13.mamba.conv1d.weight]
Loading weights:  34%|███████████████████▊                                      | 159/466 [00:00<00:00, 618.53it/s, Materializing param=model.layers.13.mamba.dt_bias]
Loading weights:  34%|███████████████████▊                                      | 159/466 [00:00<00:00, 618.53it/s, Materializing param=model.layers.13.mamba.dt_bias]
Loading weights:  34%|█████████████████▌                                 | 160/466 [00:00<00:00, 618.53it/s, Materializing param=model.layers.13.mamba.in_proj.weight]
Loading weights:  34%|█████████████████▌                                 | 160/466 [00:00<00:00, 618.53it/s, Materializing param=model.layers.13.mamba.in_proj.weight]
Loading weights:  35%|██████████████████▋                                   | 161/466 [00:00<00:00, 618.53it/s, Materializing param=model.layers.13.mamba.norm.weight]
Loading weights:  35%|██████████████████▋                                   | 161/466 [00:00<00:00, 618.53it/s, Materializing param=model.layers.13.mamba.norm.weight]
Loading weights:  35%|█████████████████▍                                | 162/466 [00:00<00:00, 618.53it/s, Materializing param=model.layers.13.mamba.out_proj.weight]
Loading weights:  35%|█████████████████▍                                | 162/466 [00:00<00:00, 618.53it/s, Materializing param=model.layers.13.mamba.out_proj.weight]
Loading weights:  35%|█████████████▉                          | 163/466 [00:00<00:00, 618.53it/s, Materializing param=model.layers.13.post_attention_layernorm.weight]
Loading weights:  35%|█████████████▉                          | 163/466 [00:00<00:00, 618.53it/s, Materializing param=model.layers.13.post_attention_layernorm.weight]
Loading weights:  35%|██████████████▍                          | 164/466 [00:00<00:00, 618.53it/s, Materializing param=model.layers.13.shared_mlp.input_linear.weight]
Loading weights:  35%|██████████████▍                          | 164/466 [00:00<00:00, 618.53it/s, Materializing param=model.layers.13.shared_mlp.input_linear.weight]
Loading weights:  35%|██████████████▏                         | 165/466 [00:00<00:00, 618.53it/s, Materializing param=model.layers.13.shared_mlp.output_linear.weight]
Loading weights:  35%|██████████████▏                         | 165/466 [00:00<00:00, 618.53it/s, Materializing param=model.layers.13.shared_mlp.output_linear.weight]
Loading weights:  36%|█████████████████▍                               | 166/466 [00:00<00:00, 618.53it/s, Materializing param=model.layers.14.input_layernorm.weight]
Loading weights:  36%|█████████████████▍                               | 166/466 [00:00<00:00, 618.53it/s, Materializing param=model.layers.14.input_layernorm.weight]
Loading weights:  36%|█████████████████████▌                                      | 167/466 [00:00<00:00, 618.53it/s, Materializing param=model.layers.14.mamba.A_log]
Loading weights:  36%|█████████████████████▌                                      | 167/466 [00:00<00:00, 618.53it/s, Materializing param=model.layers.14.mamba.A_log]
Loading weights:  36%|███████████████████████                                         | 168/466 [00:00<00:00, 618.53it/s, Materializing param=model.layers.14.mamba.D]
Loading weights:  36%|███████████████████████                                         | 168/466 [00:00<00:00, 618.53it/s, Materializing param=model.layers.14.mamba.D]
Loading weights:  36%|███████████████████▌                                  | 169/466 [00:00<00:00, 618.53it/s, Materializing param=model.layers.14.mamba.conv1d.bias]
Loading weights:  36%|███████████████████▌                                  | 169/466 [00:00<00:00, 618.53it/s, Materializing param=model.layers.14.mamba.conv1d.bias]
Loading weights:  36%|██████████████████▉                                 | 170/466 [00:00<00:00, 618.53it/s, Materializing param=model.layers.14.mamba.conv1d.weight]
Loading weights:  36%|██████████████████▉                                 | 170/466 [00:00<00:00, 618.53it/s, Materializing param=model.layers.14.mamba.conv1d.weight]
Loading weights:  37%|█████████████████████▎                                    | 171/466 [00:00<00:00, 618.53it/s, Materializing param=model.layers.14.mamba.dt_bias]
Loading weights:  37%|█████████████████████▎                                    | 171/466 [00:00<00:00, 618.53it/s, Materializing param=model.layers.14.mamba.dt_bias]
Loading weights:  37%|██████████████████▊                                | 172/466 [00:00<00:00, 618.53it/s, Materializing param=model.layers.14.mamba.in_proj.weight]
Loading weights:  37%|██████████████████▊                                | 172/466 [00:00<00:00, 618.53it/s, Materializing param=model.layers.14.mamba.in_proj.weight]
Loading weights:  37%|████████████████████                                  | 173/466 [00:00<00:00, 618.53it/s, Materializing param=model.layers.14.mamba.norm.weight]
Loading weights:  37%|████████████████████                                  | 173/466 [00:00<00:00, 618.53it/s, Materializing param=model.layers.14.mamba.norm.weight]
Loading weights:  37%|██████████████████▋                               | 174/466 [00:00<00:00, 618.53it/s, Materializing param=model.layers.14.mamba.out_proj.weight]
Loading weights:  37%|██████████████████▋                               | 174/466 [00:00<00:00, 618.53it/s, Materializing param=model.layers.14.mamba.out_proj.weight]
Loading weights:  38%|███████████████                         | 175/466 [00:00<00:00, 618.53it/s, Materializing param=model.layers.14.post_attention_layernorm.weight]
Loading weights:  38%|███████████████                         | 175/466 [00:00<00:00, 618.53it/s, Materializing param=model.layers.14.post_attention_layernorm.weight]
Loading weights:  38%|███████████████▍                         | 176/466 [00:00<00:00, 618.53it/s, Materializing param=model.layers.14.shared_mlp.input_linear.weight]
Loading weights:  38%|███████████████▍                         | 176/466 [00:00<00:00, 618.53it/s, Materializing param=model.layers.14.shared_mlp.input_linear.weight]
Loading weights:  38%|███████████████▏                        | 177/466 [00:00<00:00, 618.53it/s, Materializing param=model.layers.14.shared_mlp.output_linear.weight]
Loading weights:  38%|███████████████▏                        | 177/466 [00:00<00:00, 618.53it/s, Materializing param=model.layers.14.shared_mlp.output_linear.weight]
Loading weights:  38%|██████████████████▋                              | 178/466 [00:00<00:00, 618.53it/s, Materializing param=model.layers.15.input_layernorm.weight]
Loading weights:  38%|██████████████████▋                              | 178/466 [00:00<00:00, 618.53it/s, Materializing param=model.layers.15.input_layernorm.weight]
Loading weights:  38%|███████████████▎                        | 179/466 [00:00<00:00, 618.53it/s, Materializing param=model.layers.15.post_attention_layernorm.weight]
Loading weights:  38%|███████████████▎                        | 179/466 [00:00<00:00, 618.53it/s, Materializing param=model.layers.15.post_attention_layernorm.weight]
Loading weights:  39%|██████████████████▌                             | 180/466 [00:00<00:00, 618.53it/s, Materializing param=model.layers.15.self_attn.k_proj.weight]
Loading weights:  39%|██████████████████▌                             | 180/466 [00:00<00:00, 618.53it/s, Materializing param=model.layers.15.self_attn.k_proj.weight]
Loading weights:  39%|██████████████████▋                             | 181/466 [00:00<00:00, 618.53it/s, Materializing param=model.layers.15.self_attn.o_proj.weight]
Loading weights:  39%|██████████████████▋                             | 181/466 [00:00<00:00, 618.53it/s, Materializing param=model.layers.15.self_attn.o_proj.weight]
Loading weights:  39%|██████████████████▋                             | 182/466 [00:00<00:00, 618.53it/s, Materializing param=model.layers.15.self_attn.q_proj.weight]
Loading weights:  39%|██████████████████▋                             | 182/466 [00:00<00:00, 618.53it/s, Materializing param=model.layers.15.self_attn.q_proj.weight]
Loading weights:  39%|██████████████████▊                             | 183/466 [00:00<00:00, 618.53it/s, Materializing param=model.layers.15.self_attn.v_proj.weight]
Loading weights:  39%|██████████████████▊                             | 183/466 [00:00<00:00, 618.53it/s, Materializing param=model.layers.15.self_attn.v_proj.weight]
Loading weights:  39%|████████████████▏                        | 184/466 [00:00<00:00, 618.53it/s, Materializing param=model.layers.15.shared_mlp.input_linear.weight]
Loading weights:  39%|████████████████▏                        | 184/466 [00:00<00:00, 618.53it/s, Materializing param=model.layers.15.shared_mlp.input_linear.weight]
Loading weights:  40%|███████████████▉                        | 185/466 [00:00<00:00, 618.53it/s, Materializing param=model.layers.15.shared_mlp.output_linear.weight]
Loading weights:  40%|███████████████▉                        | 185/466 [00:00<00:00, 618.53it/s, Materializing param=model.layers.15.shared_mlp.output_linear.weight]
Loading weights:  40%|███████████████████▌                             | 186/466 [00:00<00:00, 618.53it/s, Materializing param=model.layers.16.input_layernorm.weight]
Loading weights:  40%|███████████████████▌                             | 186/466 [00:00<00:00, 618.53it/s, Materializing param=model.layers.16.input_layernorm.weight]
Loading weights:  40%|████████████████████████                                    | 187/466 [00:00<00:00, 618.53it/s, Materializing param=model.layers.16.mamba.A_log]
Loading weights:  40%|████████████████████████                                    | 187/466 [00:00<00:00, 618.53it/s, Materializing param=model.layers.16.mamba.A_log]
Loading weights:  40%|█████████████████████████▊                                      | 188/466 [00:00<00:00, 618.53it/s, Materializing param=model.layers.16.mamba.D]
Loading weights:  40%|█████████████████████████▊                                      | 188/466 [00:00<00:00, 618.53it/s, Materializing param=model.layers.16.mamba.D]
Loading weights:  41%|█████████████████████▉                                | 189/466 [00:00<00:00, 618.53it/s, Materializing param=model.layers.16.mamba.conv1d.bias]
Loading weights:  41%|█████████████████████▉                                | 189/466 [00:00<00:00, 618.53it/s, Materializing param=model.layers.16.mamba.conv1d.bias]
Loading weights:  41%|█████████████████████▏                              | 190/466 [00:00<00:00, 618.53it/s, Materializing param=model.layers.16.mamba.conv1d.weight]
Loading weights:  41%|█████████████████████▏                              | 190/466 [00:00<00:00, 618.53it/s, Materializing param=model.layers.16.mamba.conv1d.weight]
Loading weights:  41%|███████████████████████▊                                  | 191/466 [00:00<00:00, 618.53it/s, Materializing param=model.layers.16.mamba.dt_bias]
Loading weights:  41%|███████████████████████▊                                  | 191/466 [00:00<00:00, 618.53it/s, Materializing param=model.layers.16.mamba.dt_bias]
Loading weights:  41%|█████████████████████                              | 192/466 [00:00<00:00, 618.53it/s, Materializing param=model.layers.16.mamba.in_proj.weight]
Loading weights:  41%|█████████████████████                              | 192/466 [00:00<00:00, 618.53it/s, Materializing param=model.layers.16.mamba.in_proj.weight]
Loading weights:  41%|█████████████████████                              | 193/466 [00:00<00:00, 614.10it/s, Materializing param=model.layers.16.mamba.in_proj.weight]
Loading weights:  41%|██████████████████████▎                               | 193/466 [00:00<00:00, 614.10it/s, Materializing param=model.layers.16.mamba.norm.weight]
Loading weights:  41%|██████████████████████▎                               | 193/466 [00:00<00:00, 614.10it/s, Materializing param=model.layers.16.mamba.norm.weight]
Loading weights:  42%|████████████████████▊                             | 194/466 [00:00<00:00, 614.10it/s, Materializing param=model.layers.16.mamba.out_proj.weight]
Loading weights:  42%|████████████████████▊                             | 194/466 [00:00<00:00, 614.10it/s, Materializing param=model.layers.16.mamba.out_proj.weight]
Loading weights:  42%|████████████████▋                       | 195/466 [00:00<00:00, 614.10it/s, Materializing param=model.layers.16.post_attention_layernorm.weight]
Loading weights:  42%|████████████████▋                       | 195/466 [00:00<00:00, 614.10it/s, Materializing param=model.layers.16.post_attention_layernorm.weight]
Loading weights:  42%|█████████████████▏                       | 196/466 [00:00<00:00, 614.10it/s, Materializing param=model.layers.16.shared_mlp.input_linear.weight]
Loading weights:  42%|█████████████████▏                       | 196/466 [00:00<00:00, 614.10it/s, Materializing param=model.layers.16.shared_mlp.input_linear.weight]
Loading weights:  42%|████████████████▉                       | 197/466 [00:00<00:00, 614.10it/s, Materializing param=model.layers.16.shared_mlp.output_linear.weight]
Loading weights:  42%|████████████████▉                       | 197/466 [00:00<00:00, 614.10it/s, Materializing param=model.layers.16.shared_mlp.output_linear.weight]
Loading weights:  42%|████████████████████▊                            | 198/466 [00:00<00:00, 614.10it/s, Materializing param=model.layers.17.input_layernorm.weight]
Loading weights:  42%|████████████████████▊                            | 198/466 [00:00<00:00, 614.10it/s, Materializing param=model.layers.17.input_layernorm.weight]
Loading weights:  43%|█████████████████████████▌                                  | 199/466 [00:00<00:00, 614.10it/s, Materializing param=model.layers.17.mamba.A_log]
Loading weights:  43%|█████████████████████████▌                                  | 199/466 [00:00<00:00, 614.10it/s, Materializing param=model.layers.17.mamba.A_log]
Loading weights:  43%|███████████████████████████▍                                    | 200/466 [00:00<00:00, 614.10it/s, Materializing param=model.layers.17.mamba.D]
Loading weights:  43%|███████████████████████████▍                                    | 200/466 [00:00<00:00, 614.10it/s, Materializing param=model.layers.17.mamba.D]
Loading weights:  43%|███████████████████████▎                              | 201/466 [00:00<00:00, 614.10it/s, Materializing param=model.layers.17.mamba.conv1d.bias]
Loading weights:  43%|███████████████████████▎                              | 201/466 [00:00<00:00, 614.10it/s, Materializing param=model.layers.17.mamba.conv1d.bias]
Loading weights:  43%|██████████████████████▌                             | 202/466 [00:00<00:00, 614.10it/s, Materializing param=model.layers.17.mamba.conv1d.weight]
Loading weights:  43%|██████████████████████▌                             | 202/466 [00:00<00:00, 614.10it/s, Materializing param=model.layers.17.mamba.conv1d.weight]
Loading weights:  44%|█████████████████████████▎                                | 203/466 [00:00<00:00, 614.10it/s, Materializing param=model.layers.17.mamba.dt_bias]
Loading weights:  44%|█████████████████████████▎                                | 203/466 [00:00<00:00, 614.10it/s, Materializing param=model.layers.17.mamba.dt_bias]
Loading weights:  44%|██████████████████████▎                            | 204/466 [00:00<00:00, 614.10it/s, Materializing param=model.layers.17.mamba.in_proj.weight]
Loading weights:  44%|██████████████████████▎                            | 204/466 [00:00<00:00, 614.10it/s, Materializing param=model.layers.17.mamba.in_proj.weight]
Loading weights:  44%|███████████████████████▊                              | 205/466 [00:00<00:00, 614.10it/s, Materializing param=model.layers.17.mamba.norm.weight]
Loading weights:  44%|███████████████████████▊                              | 205/466 [00:00<00:00, 614.10it/s, Materializing param=model.layers.17.mamba.norm.weight]
Loading weights:  44%|██████████████████████                            | 206/466 [00:00<00:00, 614.10it/s, Materializing param=model.layers.17.mamba.out_proj.weight]
Loading weights:  44%|██████████████████████                            | 206/466 [00:00<00:00, 614.10it/s, Materializing param=model.layers.17.mamba.out_proj.weight]
Loading weights:  44%|█████████████████▊                      | 207/466 [00:00<00:00, 614.10it/s, Materializing param=model.layers.17.post_attention_layernorm.weight]
Loading weights:  44%|█████████████████▊                      | 207/466 [00:00<00:00, 614.10it/s, Materializing param=model.layers.17.post_attention_layernorm.weight]
Loading weights:  45%|██████████████████▎                      | 208/466 [00:00<00:00, 614.10it/s, Materializing param=model.layers.17.shared_mlp.input_linear.weight]
Loading weights:  45%|██████████████████▎                      | 208/466 [00:00<00:00, 614.10it/s, Materializing param=model.layers.17.shared_mlp.input_linear.weight]
Loading weights:  45%|█████████████████▉                      | 209/466 [00:00<00:00, 614.10it/s, Materializing param=model.layers.17.shared_mlp.output_linear.weight]
Loading weights:  45%|█████████████████▉                      | 209/466 [00:00<00:00, 614.10it/s, Materializing param=model.layers.17.shared_mlp.output_linear.weight]
Loading weights:  45%|██████████████████████                           | 210/466 [00:00<00:00, 614.10it/s, Materializing param=model.layers.18.input_layernorm.weight]
Loading weights:  45%|██████████████████████                           | 210/466 [00:00<00:00, 614.10it/s, Materializing param=model.layers.18.input_layernorm.weight]
Loading weights:  45%|███████████████████████████▏                                | 211/466 [00:00<00:00, 614.10it/s, Materializing param=model.layers.18.mamba.A_log]
Loading weights:  45%|███████████████████████████▏                                | 211/466 [00:00<00:00, 614.10it/s, Materializing param=model.layers.18.mamba.A_log]
Loading weights:  45%|█████████████████████████████                                   | 212/466 [00:00<00:00, 614.10it/s, Materializing param=model.layers.18.mamba.D]
Loading weights:  45%|█████████████████████████████                                   | 212/466 [00:00<00:00, 614.10it/s, Materializing param=model.layers.18.mamba.D]
Loading weights:  46%|████████████████████████▋                             | 213/466 [00:00<00:00, 614.10it/s, Materializing param=model.layers.18.mamba.conv1d.bias]
Loading weights:  46%|████████████████████████▋                             | 213/466 [00:00<00:00, 614.10it/s, Materializing param=model.layers.18.mamba.conv1d.bias]
Loading weights:  46%|███████████████████████▉                            | 214/466 [00:00<00:00, 614.10it/s, Materializing param=model.layers.18.mamba.conv1d.weight]
Loading weights:  46%|███████████████████████▉                            | 214/466 [00:00<00:00, 614.10it/s, Materializing param=model.layers.18.mamba.conv1d.weight]
Loading weights:  46%|██████████████████████████▊                               | 215/466 [00:00<00:00, 614.10it/s, Materializing param=model.layers.18.mamba.dt_bias]
Loading weights:  46%|██████████████████████████▊                               | 215/466 [00:00<00:00, 614.10it/s, Materializing param=model.layers.18.mamba.dt_bias]
Loading weights:  46%|███████████████████████▋                           | 216/466 [00:00<00:00, 614.10it/s, Materializing param=model.layers.18.mamba.in_proj.weight]
Loading weights:  46%|███████████████████████▋                           | 216/466 [00:00<00:00, 614.10it/s, Materializing param=model.layers.18.mamba.in_proj.weight]
Loading weights:  47%|█████████████████████████▏                            | 217/466 [00:00<00:00, 614.10it/s, Materializing param=model.layers.18.mamba.norm.weight]
Loading weights:  47%|█████████████████████████▏                            | 217/466 [00:00<00:00, 614.10it/s, Materializing param=model.layers.18.mamba.norm.weight]
Loading weights:  47%|███████████████████████▍                          | 218/466 [00:00<00:00, 614.10it/s, Materializing param=model.layers.18.mamba.out_proj.weight]
Loading weights:  47%|███████████████████████▍                          | 218/466 [00:00<00:00, 614.10it/s, Materializing param=model.layers.18.mamba.out_proj.weight]
Loading weights:  47%|██████████████████▊                     | 219/466 [00:00<00:00, 614.10it/s, Materializing param=model.layers.18.post_attention_layernorm.weight]
Loading weights:  47%|██████████████████▊                     | 219/466 [00:00<00:00, 614.10it/s, Materializing param=model.layers.18.post_attention_layernorm.weight]
Loading weights:  47%|███████████████████▎                     | 220/466 [00:00<00:00, 614.10it/s, Materializing param=model.layers.18.shared_mlp.input_linear.weight]
Loading weights:  47%|███████████████████▎                     | 220/466 [00:00<00:00, 614.10it/s, Materializing param=model.layers.18.shared_mlp.input_linear.weight]
Loading weights:  47%|██████████████████▉                     | 221/466 [00:00<00:00, 614.10it/s, Materializing param=model.layers.18.shared_mlp.output_linear.weight]
Loading weights:  47%|██████████████████▉                     | 221/466 [00:00<00:00, 614.10it/s, Materializing param=model.layers.18.shared_mlp.output_linear.weight]
Loading weights:  48%|███████████████████████▎                         | 222/466 [00:00<00:00, 614.10it/s, Materializing param=model.layers.19.input_layernorm.weight]
Loading weights:  48%|███████████████████████▎                         | 222/466 [00:00<00:00, 614.10it/s, Materializing param=model.layers.19.input_layernorm.weight]
Loading weights:  48%|████████████████████████████▋                               | 223/466 [00:00<00:00, 614.10it/s, Materializing param=model.layers.19.mamba.A_log]
Loading weights:  48%|████████████████████████████▋                               | 223/466 [00:00<00:00, 614.10it/s, Materializing param=model.layers.19.mamba.A_log]
Loading weights:  48%|██████████████████████████████▊                                 | 224/466 [00:00<00:00, 614.10it/s, Materializing param=model.layers.19.mamba.D]
Loading weights:  48%|██████████████████████████████▊                                 | 224/466 [00:00<00:00, 614.10it/s, Materializing param=model.layers.19.mamba.D]
Loading weights:  48%|██████████████████████████                            | 225/466 [00:00<00:00, 614.10it/s, Materializing param=model.layers.19.mamba.conv1d.bias]
Loading weights:  48%|██████████████████████████                            | 225/466 [00:00<00:00, 614.10it/s, Materializing param=model.layers.19.mamba.conv1d.bias]
Loading weights:  48%|█████████████████████████▏                          | 226/466 [00:00<00:00, 614.10it/s, Materializing param=model.layers.19.mamba.conv1d.weight]
Loading weights:  48%|█████████████████████████▏                          | 226/466 [00:00<00:00, 614.10it/s, Materializing param=model.layers.19.mamba.conv1d.weight]
Loading weights:  49%|████████████████████████████▎                             | 227/466 [00:00<00:00, 614.10it/s, Materializing param=model.layers.19.mamba.dt_bias]
Loading weights:  49%|████████████████████████████▎                             | 227/466 [00:00<00:00, 614.10it/s, Materializing param=model.layers.19.mamba.dt_bias]
Loading weights:  49%|████████████████████████▉                          | 228/466 [00:00<00:00, 614.10it/s, Materializing param=model.layers.19.mamba.in_proj.weight]
Loading weights:  49%|████████████████████████▉                          | 228/466 [00:00<00:00, 614.10it/s, Materializing param=model.layers.19.mamba.in_proj.weight]
Loading weights:  49%|██████████████████████████▌                           | 229/466 [00:00<00:00, 614.10it/s, Materializing param=model.layers.19.mamba.norm.weight]
Loading weights:  49%|██████████████████████████▌                           | 229/466 [00:00<00:00, 614.10it/s, Materializing param=model.layers.19.mamba.norm.weight]
Loading weights:  49%|████████████████████████▋                         | 230/466 [00:00<00:00, 614.10it/s, Materializing param=model.layers.19.mamba.out_proj.weight]
Loading weights:  49%|████████████████████████▋                         | 230/466 [00:00<00:00, 614.10it/s, Materializing param=model.layers.19.mamba.out_proj.weight]
Loading weights:  50%|███████████████████▊                    | 231/466 [00:00<00:00, 614.10it/s, Materializing param=model.layers.19.post_attention_layernorm.weight]
Loading weights:  50%|███████████████████▊                    | 231/466 [00:00<00:00, 614.10it/s, Materializing param=model.layers.19.post_attention_layernorm.weight]
Loading weights:  50%|████████████████████▍                    | 232/466 [00:00<00:00, 614.10it/s, Materializing param=model.layers.19.shared_mlp.input_linear.weight]
Loading weights:  50%|████████████████████▍                    | 232/466 [00:00<00:00, 614.10it/s, Materializing param=model.layers.19.shared_mlp.input_linear.weight]
Loading weights:  50%|████████████████████                    | 233/466 [00:00<00:00, 614.10it/s, Materializing param=model.layers.19.shared_mlp.output_linear.weight]
Loading weights:  50%|████████████████████                    | 233/466 [00:00<00:00, 614.10it/s, Materializing param=model.layers.19.shared_mlp.output_linear.weight]
Loading weights:  50%|████████████████████████▌                        | 234/466 [00:00<00:00, 614.10it/s, Materializing param=model.layers.20.input_layernorm.weight]
Loading weights:  50%|████████████████████████▌                        | 234/466 [00:00<00:00, 614.10it/s, Materializing param=model.layers.20.input_layernorm.weight]
Loading weights:  50%|██████████████████████████████▎                             | 235/466 [00:00<00:00, 614.10it/s, Materializing param=model.layers.20.mamba.A_log]
Loading weights:  50%|██████████████████████████████▎                             | 235/466 [00:00<00:00, 614.10it/s, Materializing param=model.layers.20.mamba.A_log]
Loading weights:  51%|████████████████████████████████▍                               | 236/466 [00:00<00:00, 614.10it/s, Materializing param=model.layers.20.mamba.D]
Loading weights:  51%|████████████████████████████████▍                               | 236/466 [00:00<00:00, 614.10it/s, Materializing param=model.layers.20.mamba.D]
Loading weights:  51%|███████████████████████████▍                          | 237/466 [00:00<00:00, 614.10it/s, Materializing param=model.layers.20.mamba.conv1d.bias]
Loading weights:  51%|███████████████████████████▍                          | 237/466 [00:00<00:00, 614.10it/s, Materializing param=model.layers.20.mamba.conv1d.bias]
Loading weights:  51%|██████████████████████████▌                         | 238/466 [00:00<00:00, 614.10it/s, Materializing param=model.layers.20.mamba.conv1d.weight]
Loading weights:  51%|██████████████████████████▌                         | 238/466 [00:00<00:00, 614.10it/s, Materializing param=model.layers.20.mamba.conv1d.weight]
Loading weights:  51%|█████████████████████████████▋                            | 239/466 [00:00<00:00, 614.10it/s, Materializing param=model.layers.20.mamba.dt_bias]
Loading weights:  51%|█████████████████████████████▋                            | 239/466 [00:00<00:00, 614.10it/s, Materializing param=model.layers.20.mamba.dt_bias]
Loading weights:  52%|██████████████████████████▎                        | 240/466 [00:00<00:00, 614.10it/s, Materializing param=model.layers.20.mamba.in_proj.weight]
Loading weights:  52%|██████████████████████████▎                        | 240/466 [00:00<00:00, 614.10it/s, Materializing param=model.layers.20.mamba.in_proj.weight]
Loading weights:  52%|███████████████████████████▉                          | 241/466 [00:00<00:00, 614.10it/s, Materializing param=model.layers.20.mamba.norm.weight]
Loading weights:  52%|███████████████████████████▉                          | 241/466 [00:00<00:00, 614.10it/s, Materializing param=model.layers.20.mamba.norm.weight]
Loading weights:  52%|█████████████████████████▉                        | 242/466 [00:00<00:00, 614.10it/s, Materializing param=model.layers.20.mamba.out_proj.weight]
Loading weights:  52%|█████████████████████████▉                        | 242/466 [00:00<00:00, 614.10it/s, Materializing param=model.layers.20.mamba.out_proj.weight]
Loading weights:  52%|████████████████████▊                   | 243/466 [00:00<00:00, 614.10it/s, Materializing param=model.layers.20.post_attention_layernorm.weight]
Loading weights:  52%|████████████████████▊                   | 243/466 [00:00<00:00, 614.10it/s, Materializing param=model.layers.20.post_attention_layernorm.weight]
Loading weights:  52%|█████████████████████▍                   | 244/466 [00:00<00:00, 614.10it/s, Materializing param=model.layers.20.shared_mlp.input_linear.weight]
Loading weights:  52%|█████████████████████▍                   | 244/466 [00:00<00:00, 614.10it/s, Materializing param=model.layers.20.shared_mlp.input_linear.weight]
Loading weights:  53%|█████████████████████                   | 245/466 [00:00<00:00, 614.10it/s, Materializing param=model.layers.20.shared_mlp.output_linear.weight]
Loading weights:  53%|█████████████████████                   | 245/466 [00:00<00:00, 614.10it/s, Materializing param=model.layers.20.shared_mlp.output_linear.weight]
Loading weights:  53%|█████████████████████████▊                       | 246/466 [00:00<00:00, 614.10it/s, Materializing param=model.layers.21.input_layernorm.weight]
Loading weights:  53%|█████████████████████████▊                       | 246/466 [00:00<00:00, 614.10it/s, Materializing param=model.layers.21.input_layernorm.weight]
Loading weights:  53%|███████████████████████████████▊                            | 247/466 [00:00<00:00, 614.10it/s, Materializing param=model.layers.21.mamba.A_log]
Loading weights:  53%|███████████████████████████████▊                            | 247/466 [00:00<00:00, 614.10it/s, Materializing param=model.layers.21.mamba.A_log]
Loading weights:  53%|██████████████████████████████████                              | 248/466 [00:00<00:00, 614.10it/s, Materializing param=model.layers.21.mamba.D]
Loading weights:  53%|██████████████████████████████████                              | 248/466 [00:00<00:00, 614.10it/s, Materializing param=model.layers.21.mamba.D]
Loading weights:  53%|████████████████████████████▊                         | 249/466 [00:00<00:00, 614.10it/s, Materializing param=model.layers.21.mamba.conv1d.bias]
Loading weights:  53%|████████████████████████████▊                         | 249/466 [00:00<00:00, 614.10it/s, Materializing param=model.layers.21.mamba.conv1d.bias]
Loading weights:  54%|███████████████████████████▉                        | 250/466 [00:00<00:00, 614.10it/s, Materializing param=model.layers.21.mamba.conv1d.weight]
Loading weights:  54%|███████████████████████████▉                        | 250/466 [00:00<00:00, 614.10it/s, Materializing param=model.layers.21.mamba.conv1d.weight]
Loading weights:  54%|███████████████████████████████▏                          | 251/466 [00:00<00:00, 614.10it/s, Materializing param=model.layers.21.mamba.dt_bias]
Loading weights:  54%|███████████████████████████████▏                          | 251/466 [00:00<00:00, 614.10it/s, Materializing param=model.layers.21.mamba.dt_bias]
Loading weights:  54%|███████████████████████████▌                       | 252/466 [00:00<00:00, 614.10it/s, Materializing param=model.layers.21.mamba.in_proj.weight]
Loading weights:  54%|███████████████████████████▌                       | 252/466 [00:00<00:00, 614.10it/s, Materializing param=model.layers.21.mamba.in_proj.weight]
Loading weights:  54%|█████████████████████████████▎                        | 253/466 [00:00<00:00, 614.10it/s, Materializing param=model.layers.21.mamba.norm.weight]
Loading weights:  54%|█████████████████████████████▎                        | 253/466 [00:00<00:00, 614.10it/s, Materializing param=model.layers.21.mamba.norm.weight]
Loading weights:  55%|███████████████████████████▎                      | 254/466 [00:00<00:00, 614.10it/s, Materializing param=model.layers.21.mamba.out_proj.weight]
Loading weights:  55%|███████████████████████████▎                      | 254/466 [00:00<00:00, 614.10it/s, Materializing param=model.layers.21.mamba.out_proj.weight]
Loading weights:  55%|███████████████████████████▎                      | 255/466 [00:00<00:00, 589.36it/s, Materializing param=model.layers.21.mamba.out_proj.weight]
Loading weights:  55%|█████████████████████▉                  | 255/466 [00:00<00:00, 589.36it/s, Materializing param=model.layers.21.post_attention_layernorm.weight]
Loading weights:  55%|█████████████████████▉                  | 255/466 [00:00<00:00, 589.36it/s, Materializing param=model.layers.21.post_attention_layernorm.weight]
Loading weights:  55%|██████████████████████▌                  | 256/466 [00:00<00:00, 589.36it/s, Materializing param=model.layers.21.shared_mlp.input_linear.weight]
Loading weights:  55%|██████████████████████▌                  | 256/466 [00:00<00:00, 589.36it/s, Materializing param=model.layers.21.shared_mlp.input_linear.weight]
Loading weights:  55%|██████████████████████                  | 257/466 [00:00<00:00, 589.36it/s, Materializing param=model.layers.21.shared_mlp.output_linear.weight]
Loading weights:  55%|██████████████████████                  | 257/466 [00:00<00:00, 589.36it/s, Materializing param=model.layers.21.shared_mlp.output_linear.weight]
Loading weights:  55%|███████████████████████████▏                     | 258/466 [00:00<00:00, 589.36it/s, Materializing param=model.layers.22.input_layernorm.weight]
Loading weights:  55%|███████████████████████████▏                     | 258/466 [00:00<00:00, 589.36it/s, Materializing param=model.layers.22.input_layernorm.weight]
Loading weights:  56%|█████████████████████████████████▎                          | 259/466 [00:00<00:00, 589.36it/s, Materializing param=model.layers.22.mamba.A_log]
Loading weights:  56%|█████████████████████████████████▎                          | 259/466 [00:00<00:00, 589.36it/s, Materializing param=model.layers.22.mamba.A_log]
Loading weights:  56%|███████████████████████████████████▋                            | 260/466 [00:00<00:00, 589.36it/s, Materializing param=model.layers.22.mamba.D]
Loading weights:  56%|███████████████████████████████████▋                            | 260/466 [00:00<00:00, 589.36it/s, Materializing param=model.layers.22.mamba.D]
Loading weights:  56%|██████████████████████████████▏                       | 261/466 [00:00<00:00, 589.36it/s, Materializing param=model.layers.22.mamba.conv1d.bias]
Loading weights:  56%|██████████████████████████████▏                       | 261/466 [00:00<00:00, 589.36it/s, Materializing param=model.layers.22.mamba.conv1d.bias]
Loading weights:  56%|█████████████████████████████▏                      | 262/466 [00:00<00:00, 589.36it/s, Materializing param=model.layers.22.mamba.conv1d.weight]
Loading weights:  56%|█████████████████████████████▏                      | 262/466 [00:00<00:00, 589.36it/s, Materializing param=model.layers.22.mamba.conv1d.weight]
Loading weights:  56%|████████████████████████████████▋                         | 263/466 [00:00<00:00, 589.36it/s, Materializing param=model.layers.22.mamba.dt_bias]
Loading weights:  56%|████████████████████████████████▋                         | 263/466 [00:00<00:00, 589.36it/s, Materializing param=model.layers.22.mamba.dt_bias]
Loading weights:  57%|████████████████████████████▉                      | 264/466 [00:00<00:00, 589.36it/s, Materializing param=model.layers.22.mamba.in_proj.weight]
Loading weights:  57%|████████████████████████████▉                      | 264/466 [00:00<00:00, 589.36it/s, Materializing param=model.layers.22.mamba.in_proj.weight]
Loading weights:  57%|██████████████████████████████▋                       | 265/466 [00:00<00:00, 589.36it/s, Materializing param=model.layers.22.mamba.norm.weight]
Loading weights:  57%|██████████████████████████████▋                       | 265/466 [00:00<00:00, 589.36it/s, Materializing param=model.layers.22.mamba.norm.weight]
Loading weights:  57%|████████████████████████████▌                     | 266/466 [00:00<00:00, 589.36it/s, Materializing param=model.layers.22.mamba.out_proj.weight]
Loading weights:  57%|████████████████████████████▌                     | 266/466 [00:00<00:00, 589.36it/s, Materializing param=model.layers.22.mamba.out_proj.weight]
Loading weights:  57%|██████████████████████▉                 | 267/466 [00:00<00:00, 589.36it/s, Materializing param=model.layers.22.post_attention_layernorm.weight]
Loading weights:  57%|██████████████████████▉                 | 267/466 [00:00<00:00, 589.36it/s, Materializing param=model.layers.22.post_attention_layernorm.weight]
Loading weights:  58%|███████████████████████▌                 | 268/466 [00:00<00:00, 589.36it/s, Materializing param=model.layers.22.shared_mlp.input_linear.weight]
Loading weights:  58%|███████████████████████▌                 | 268/466 [00:00<00:00, 589.36it/s, Materializing param=model.layers.22.shared_mlp.input_linear.weight]
Loading weights:  58%|███████████████████████                 | 269/466 [00:00<00:00, 589.36it/s, Materializing param=model.layers.22.shared_mlp.output_linear.weight]
Loading weights:  58%|███████████████████████                 | 269/466 [00:00<00:00, 589.36it/s, Materializing param=model.layers.22.shared_mlp.output_linear.weight]
Loading weights:  58%|████████████████████████████▍                    | 270/466 [00:00<00:00, 589.36it/s, Materializing param=model.layers.23.input_layernorm.weight]
Loading weights:  58%|████████████████████████████▍                    | 270/466 [00:00<00:00, 589.36it/s, Materializing param=model.layers.23.input_layernorm.weight]
Loading weights:  58%|██████████████████████████████████▉                         | 271/466 [00:00<00:00, 589.36it/s, Materializing param=model.layers.23.mamba.A_log]
Loading weights:  58%|██████████████████████████████████▉                         | 271/466 [00:00<00:00, 589.36it/s, Materializing param=model.layers.23.mamba.A_log]
Loading weights:  58%|█████████████████████████████████████▎                          | 272/466 [00:00<00:00, 589.36it/s, Materializing param=model.layers.23.mamba.D]
Loading weights:  58%|█████████████████████████████████████▎                          | 272/466 [00:00<00:00, 589.36it/s, Materializing param=model.layers.23.mamba.D]
Loading weights:  59%|███████████████████████████████▋                      | 273/466 [00:00<00:00, 589.36it/s, Materializing param=model.layers.23.mamba.conv1d.bias]
Loading weights:  59%|███████████████████████████████▋                      | 273/466 [00:00<00:00, 589.36it/s, Materializing param=model.layers.23.mamba.conv1d.bias]
Loading weights:  59%|██████████████████████████████▌                     | 274/466 [00:00<00:00, 589.36it/s, Materializing param=model.layers.23.mamba.conv1d.weight]
Loading weights:  59%|██████████████████████████████▌                     | 274/466 [00:00<00:00, 589.36it/s, Materializing param=model.layers.23.mamba.conv1d.weight]
Loading weights:  59%|██████████████████████████████████▏                       | 275/466 [00:00<00:00, 589.36it/s, Materializing param=model.layers.23.mamba.dt_bias]
Loading weights:  59%|██████████████████████████████████▏                       | 275/466 [00:00<00:00, 589.36it/s, Materializing param=model.layers.23.mamba.dt_bias]
Loading weights:  59%|██████████████████████████████▏                    | 276/466 [00:00<00:00, 589.36it/s, Materializing param=model.layers.23.mamba.in_proj.weight]
Loading weights:  59%|██████████████████████████████▏                    | 276/466 [00:00<00:00, 589.36it/s, Materializing param=model.layers.23.mamba.in_proj.weight]
Loading weights:  59%|████████████████████████████████                      | 277/466 [00:00<00:00, 589.36it/s, Materializing param=model.layers.23.mamba.norm.weight]
Loading weights:  59%|████████████████████████████████                      | 277/466 [00:00<00:00, 589.36it/s, Materializing param=model.layers.23.mamba.norm.weight]
Loading weights:  60%|█████████████████████████████▊                    | 278/466 [00:00<00:00, 589.36it/s, Materializing param=model.layers.23.mamba.out_proj.weight]
Loading weights:  60%|█████████████████████████████▊                    | 278/466 [00:00<00:00, 589.36it/s, Materializing param=model.layers.23.mamba.out_proj.weight]
Loading weights:  60%|███████████████████████▉                | 279/466 [00:00<00:00, 589.36it/s, Materializing param=model.layers.23.post_attention_layernorm.weight]
Loading weights:  60%|███████████████████████▉                | 279/466 [00:00<00:00, 589.36it/s, Materializing param=model.layers.23.post_attention_layernorm.weight]
Loading weights:  60%|████████████████████████▋                | 280/466 [00:00<00:00, 589.36it/s, Materializing param=model.layers.23.shared_mlp.input_linear.weight]
Loading weights:  60%|████████████████████████▋                | 280/466 [00:00<00:00, 589.36it/s, Materializing param=model.layers.23.shared_mlp.input_linear.weight]
Loading weights:  60%|████████████████████████                | 281/466 [00:00<00:00, 589.36it/s, Materializing param=model.layers.23.shared_mlp.output_linear.weight]
Loading weights:  60%|████████████████████████                | 281/466 [00:00<00:00, 589.36it/s, Materializing param=model.layers.23.shared_mlp.output_linear.weight]
Loading weights:  61%|█████████████████████████████▋                   | 282/466 [00:00<00:00, 589.36it/s, Materializing param=model.layers.24.input_layernorm.weight]
Loading weights:  61%|█████████████████████████████▋                   | 282/466 [00:00<00:00, 589.36it/s, Materializing param=model.layers.24.input_layernorm.weight]
Loading weights:  61%|████████████████████████████████████▍                       | 283/466 [00:00<00:00, 589.36it/s, Materializing param=model.layers.24.mamba.A_log]
Loading weights:  61%|████████████████████████████████████▍                       | 283/466 [00:00<00:00, 589.36it/s, Materializing param=model.layers.24.mamba.A_log]
Loading weights:  61%|███████████████████████████████████████                         | 284/466 [00:00<00:00, 589.36it/s, Materializing param=model.layers.24.mamba.D]
Loading weights:  61%|███████████████████████████████████████                         | 284/466 [00:00<00:00, 589.36it/s, Materializing param=model.layers.24.mamba.D]
Loading weights:  61%|█████████████████████████████████                     | 285/466 [00:00<00:00, 589.36it/s, Materializing param=model.layers.24.mamba.conv1d.bias]
Loading weights:  61%|█████████████████████████████████                     | 285/466 [00:00<00:00, 589.36it/s, Materializing param=model.layers.24.mamba.conv1d.bias]
Loading weights:  61%|███████████████████████████████▉                    | 286/466 [00:00<00:00, 589.36it/s, Materializing param=model.layers.24.mamba.conv1d.weight]
Loading weights:  61%|███████████████████████████████▉                    | 286/466 [00:00<00:00, 589.36it/s, Materializing param=model.layers.24.mamba.conv1d.weight]
Loading weights:  62%|███████████████████████████████████▋                      | 287/466 [00:00<00:00, 589.36it/s, Materializing param=model.layers.24.mamba.dt_bias]
Loading weights:  62%|███████████████████████████████████▋                      | 287/466 [00:00<00:00, 589.36it/s, Materializing param=model.layers.24.mamba.dt_bias]
Loading weights:  62%|███████████████████████████████▌                   | 288/466 [00:00<00:00, 589.36it/s, Materializing param=model.layers.24.mamba.in_proj.weight]
Loading weights:  62%|███████████████████████████████▌                   | 288/466 [00:00<00:00, 589.36it/s, Materializing param=model.layers.24.mamba.in_proj.weight]
Loading weights:  62%|█████████████████████████████████▍                    | 289/466 [00:00<00:00, 589.36it/s, Materializing param=model.layers.24.mamba.norm.weight]
Loading weights:  62%|█████████████████████████████████▍                    | 289/466 [00:00<00:00, 589.36it/s, Materializing param=model.layers.24.mamba.norm.weight]
Loading weights:  62%|███████████████████████████████                   | 290/466 [00:00<00:00, 589.36it/s, Materializing param=model.layers.24.mamba.out_proj.weight]
Loading weights:  62%|███████████████████████████████                   | 290/466 [00:00<00:00, 589.36it/s, Materializing param=model.layers.24.mamba.out_proj.weight]
Loading weights:  62%|████████████████████████▉               | 291/466 [00:00<00:00, 589.36it/s, Materializing param=model.layers.24.post_attention_layernorm.weight]
Loading weights:  62%|████████████████████████▉               | 291/466 [00:00<00:00, 589.36it/s, Materializing param=model.layers.24.post_attention_layernorm.weight]
Loading weights:  63%|█████████████████████████▋               | 292/466 [00:00<00:00, 589.36it/s, Materializing param=model.layers.24.shared_mlp.input_linear.weight]
Loading weights:  63%|█████████████████████████▋               | 292/466 [00:00<00:00, 589.36it/s, Materializing param=model.layers.24.shared_mlp.input_linear.weight]
Loading weights:  63%|█████████████████████████▏              | 293/466 [00:00<00:00, 589.36it/s, Materializing param=model.layers.24.shared_mlp.output_linear.weight]
Loading weights:  63%|█████████████████████████▏              | 293/466 [00:00<00:00, 589.36it/s, Materializing param=model.layers.24.shared_mlp.output_linear.weight]
Loading weights:  63%|██████████████████████████████▉                  | 294/466 [00:00<00:00, 589.36it/s, Materializing param=model.layers.25.input_layernorm.weight]
Loading weights:  63%|██████████████████████████████▉                  | 294/466 [00:00<00:00, 589.36it/s, Materializing param=model.layers.25.input_layernorm.weight]
Loading weights:  63%|█████████████████████████▎              | 295/466 [00:00<00:00, 589.36it/s, Materializing param=model.layers.25.post_attention_layernorm.weight]
Loading weights:  63%|█████████████████████████▎              | 295/466 [00:00<00:00, 589.36it/s, Materializing param=model.layers.25.post_attention_layernorm.weight]
Loading weights:  64%|██████████████████████████████▍                 | 296/466 [00:00<00:00, 589.36it/s, Materializing param=model.layers.25.self_attn.k_proj.weight]
Loading weights:  64%|██████████████████████████████▍                 | 296/466 [00:00<00:00, 589.36it/s, Materializing param=model.layers.25.self_attn.k_proj.weight]
Loading weights:  64%|██████████████████████████████▌                 | 297/466 [00:00<00:00, 589.36it/s, Materializing param=model.layers.25.self_attn.o_proj.weight]
Loading weights:  64%|██████████████████████████████▌                 | 297/466 [00:00<00:00, 589.36it/s, Materializing param=model.layers.25.self_attn.o_proj.weight]
Loading weights:  64%|██████████████████████████████▋                 | 298/466 [00:00<00:00, 589.36it/s, Materializing param=model.layers.25.self_attn.q_proj.weight]
Loading weights:  64%|██████████████████████████████▋                 | 298/466 [00:00<00:00, 589.36it/s, Materializing param=model.layers.25.self_attn.q_proj.weight]
Loading weights:  64%|██████████████████████████████▊                 | 299/466 [00:00<00:00, 589.36it/s, Materializing param=model.layers.25.self_attn.v_proj.weight]
Loading weights:  64%|██████████████████████████████▊                 | 299/466 [00:00<00:00, 589.36it/s, Materializing param=model.layers.25.self_attn.v_proj.weight]
Loading weights:  64%|██████████████████████████▍              | 300/466 [00:00<00:00, 589.36it/s, Materializing param=model.layers.25.shared_mlp.input_linear.weight]
Loading weights:  64%|██████████████████████████▍              | 300/466 [00:00<00:00, 589.36it/s, Materializing param=model.layers.25.shared_mlp.input_linear.weight]
Loading weights:  65%|█████████████████████████▊              | 301/466 [00:00<00:00, 589.36it/s, Materializing param=model.layers.25.shared_mlp.output_linear.weight]
Loading weights:  65%|█████████████████████████▊              | 301/466 [00:00<00:00, 589.36it/s, Materializing param=model.layers.25.shared_mlp.output_linear.weight]
Loading weights:  65%|███████████████████████████████▊                 | 302/466 [00:00<00:00, 589.36it/s, Materializing param=model.layers.26.input_layernorm.weight]
Loading weights:  65%|███████████████████████████████▊                 | 302/466 [00:00<00:00, 589.36it/s, Materializing param=model.layers.26.input_layernorm.weight]
Loading weights:  65%|███████████████████████████████████████                     | 303/466 [00:00<00:00, 589.36it/s, Materializing param=model.layers.26.mamba.A_log]
Loading weights:  65%|███████████████████████████████████████                     | 303/466 [00:00<00:00, 589.36it/s, Materializing param=model.layers.26.mamba.A_log]
Loading weights:  65%|█████████████████████████████████████████▊                      | 304/466 [00:00<00:00, 589.36it/s, Materializing param=model.layers.26.mamba.D]
Loading weights:  65%|█████████████████████████████████████████▊                      | 304/466 [00:00<00:00, 589.36it/s, Materializing param=model.layers.26.mamba.D]
Loading weights:  65%|███████████████████████████████████▎                  | 305/466 [00:00<00:00, 589.36it/s, Materializing param=model.layers.26.mamba.conv1d.bias]
Loading weights:  65%|███████████████████████████████████▎                  | 305/466 [00:00<00:00, 589.36it/s, Materializing param=model.layers.26.mamba.conv1d.bias]
Loading weights:  66%|██████████████████████████████████▏                 | 306/466 [00:00<00:00, 589.36it/s, Materializing param=model.layers.26.mamba.conv1d.weight]
Loading weights:  66%|██████████████████████████████████▏                 | 306/466 [00:00<00:00, 589.36it/s, Materializing param=model.layers.26.mamba.conv1d.weight]
Loading weights:  66%|██████████████████████████████████████▏                   | 307/466 [00:00<00:00, 589.36it/s, Materializing param=model.layers.26.mamba.dt_bias]
Loading weights:  66%|██████████████████████████████████████▏                   | 307/466 [00:00<00:00, 589.36it/s, Materializing param=model.layers.26.mamba.dt_bias]
Loading weights:  66%|█████████████████████████████████▋                 | 308/466 [00:00<00:00, 589.36it/s, Materializing param=model.layers.26.mamba.in_proj.weight]
Loading weights:  66%|█████████████████████████████████▋                 | 308/466 [00:00<00:00, 589.36it/s, Materializing param=model.layers.26.mamba.in_proj.weight]
Loading weights:  66%|███████████████████████████████████▊                  | 309/466 [00:00<00:00, 589.36it/s, Materializing param=model.layers.26.mamba.norm.weight]
Loading weights:  66%|███████████████████████████████████▊                  | 309/466 [00:00<00:00, 589.36it/s, Materializing param=model.layers.26.mamba.norm.weight]
Loading weights:  67%|█████████████████████████████████▎                | 310/466 [00:00<00:00, 589.36it/s, Materializing param=model.layers.26.mamba.out_proj.weight]
Loading weights:  67%|█████████████████████████████████▎                | 310/466 [00:00<00:00, 589.36it/s, Materializing param=model.layers.26.mamba.out_proj.weight]
Loading weights:  67%|██████████████████████████▋             | 311/466 [00:00<00:00, 589.36it/s, Materializing param=model.layers.26.post_attention_layernorm.weight]
Loading weights:  67%|██████████████████████████▋             | 311/466 [00:00<00:00, 589.36it/s, Materializing param=model.layers.26.post_attention_layernorm.weight]
Loading weights:  67%|███████████████████████████▍             | 312/466 [00:00<00:00, 589.36it/s, Materializing param=model.layers.26.shared_mlp.input_linear.weight]
Loading weights:  67%|███████████████████████████▍             | 312/466 [00:00<00:00, 589.36it/s, Materializing param=model.layers.26.shared_mlp.input_linear.weight]
Loading weights:  67%|██████████████████████████▊             | 313/466 [00:00<00:00, 589.36it/s, Materializing param=model.layers.26.shared_mlp.output_linear.weight]
Loading weights:  67%|██████████████████████████▊             | 313/466 [00:00<00:00, 589.36it/s, Materializing param=model.layers.26.shared_mlp.output_linear.weight]
Loading weights:  67%|█████████████████████████████████                | 314/466 [00:00<00:00, 589.36it/s, Materializing param=model.layers.27.input_layernorm.weight]
Loading weights:  67%|█████████████████████████████████                | 314/466 [00:00<00:00, 589.36it/s, Materializing param=model.layers.27.input_layernorm.weight]
Loading weights:  68%|█████████████████████████████████                | 315/466 [00:00<00:00, 578.27it/s, Materializing param=model.layers.27.input_layernorm.weight]
Loading weights:  68%|████████████████████████████████████████▌                   | 315/466 [00:00<00:00, 578.27it/s, Materializing param=model.layers.27.mamba.A_log]
Loading weights:  68%|████████████████████████████████████████▌                   | 315/466 [00:00<00:00, 578.27it/s, Materializing param=model.layers.27.mamba.A_log]
Loading weights:  68%|███████████████████████████████████████████▍                    | 316/466 [00:00<00:00, 578.27it/s, Materializing param=model.layers.27.mamba.D]
Loading weights:  68%|███████████████████████████████████████████▍                    | 316/466 [00:00<00:00, 578.27it/s, Materializing param=model.layers.27.mamba.D]
Loading weights:  68%|████████████████████████████████████▋                 | 317/466 [00:00<00:00, 578.27it/s, Materializing param=model.layers.27.mamba.conv1d.bias]
Loading weights:  68%|████████████████████████████████████▋                 | 317/466 [00:00<00:00, 578.27it/s, Materializing param=model.layers.27.mamba.conv1d.bias]
Loading weights:  68%|███████████████████████████████████▍                | 318/466 [00:00<00:00, 578.27it/s, Materializing param=model.layers.27.mamba.conv1d.weight]
Loading weights:  68%|███████████████████████████████████▍                | 318/466 [00:00<00:00, 578.27it/s, Materializing param=model.layers.27.mamba.conv1d.weight]
Loading weights:  68%|███████████████████████████████████████▋                  | 319/466 [00:00<00:00, 578.27it/s, Materializing param=model.layers.27.mamba.dt_bias]
Loading weights:  68%|███████████████████████████████████████▋                  | 319/466 [00:00<00:00, 578.27it/s, Materializing param=model.layers.27.mamba.dt_bias]
Loading weights:  69%|███████████████████████████████████                | 320/466 [00:00<00:00, 578.27it/s, Materializing param=model.layers.27.mamba.in_proj.weight]
Loading weights:  69%|███████████████████████████████████                | 320/466 [00:00<00:00, 578.27it/s, Materializing param=model.layers.27.mamba.in_proj.weight]
Loading weights:  69%|█████████████████████████████████████▏                | 321/466 [00:00<00:00, 578.27it/s, Materializing param=model.layers.27.mamba.norm.weight]
Loading weights:  69%|█████████████████████████████████████▏                | 321/466 [00:00<00:00, 578.27it/s, Materializing param=model.layers.27.mamba.norm.weight]
Loading weights:  69%|██████████████████████████████████▌               | 322/466 [00:00<00:00, 578.27it/s, Materializing param=model.layers.27.mamba.out_proj.weight]
Loading weights:  69%|██████████████████████████████████▌               | 322/466 [00:00<00:00, 578.27it/s, Materializing param=model.layers.27.mamba.out_proj.weight]
Loading weights:  69%|███████████████████████████▋            | 323/466 [00:00<00:00, 578.27it/s, Materializing param=model.layers.27.post_attention_layernorm.weight]
Loading weights:  69%|███████████████████████████▋            | 323/466 [00:00<00:00, 578.27it/s, Materializing param=model.layers.27.post_attention_layernorm.weight]
Loading weights:  70%|████████████████████████████▌            | 324/466 [00:00<00:00, 578.27it/s, Materializing param=model.layers.27.shared_mlp.input_linear.weight]
Loading weights:  70%|████████████████████████████▌            | 324/466 [00:00<00:00, 578.27it/s, Materializing param=model.layers.27.shared_mlp.input_linear.weight]
Loading weights:  70%|███████████████████████████▉            | 325/466 [00:00<00:00, 578.27it/s, Materializing param=model.layers.27.shared_mlp.output_linear.weight]
Loading weights:  70%|███████████████████████████▉            | 325/466 [00:00<00:00, 578.27it/s, Materializing param=model.layers.27.shared_mlp.output_linear.weight]
Loading weights:  70%|██████████████████████████████████▎              | 326/466 [00:00<00:00, 578.27it/s, Materializing param=model.layers.28.input_layernorm.weight]
Loading weights:  70%|██████████████████████████████████▎              | 326/466 [00:00<00:00, 578.27it/s, Materializing param=model.layers.28.input_layernorm.weight]
Loading weights:  70%|██████████████████████████████████████████                  | 327/466 [00:00<00:00, 578.27it/s, Materializing param=model.layers.28.mamba.A_log]
Loading weights:  70%|██████████████████████████████████████████                  | 327/466 [00:00<00:00, 578.27it/s, Materializing param=model.layers.28.mamba.A_log]
Loading weights:  70%|█████████████████████████████████████████████                   | 328/466 [00:00<00:00, 578.27it/s, Materializing param=model.layers.28.mamba.D]
Loading weights:  70%|█████████████████████████████████████████████                   | 328/466 [00:00<00:00, 578.27it/s, Materializing param=model.layers.28.mamba.D]
Loading weights:  71%|██████████████████████████████████████                | 329/466 [00:00<00:00, 578.27it/s, Materializing param=model.layers.28.mamba.conv1d.bias]
Loading weights:  71%|██████████████████████████████████████                | 329/466 [00:00<00:00, 578.27it/s, Materializing param=model.layers.28.mamba.conv1d.bias]
Loading weights:  71%|████████████████████████████████████▊               | 330/466 [00:00<00:00, 578.27it/s, Materializing param=model.layers.28.mamba.conv1d.weight]
Loading weights:  71%|████████████████████████████████████▊               | 330/466 [00:00<00:00, 578.27it/s, Materializing param=model.layers.28.mamba.conv1d.weight]
Loading weights:  71%|█████████████████████████████████████████▏                | 331/466 [00:00<00:00, 578.27it/s, Materializing param=model.layers.28.mamba.dt_bias]
Loading weights:  71%|█████████████████████████████████████████▏                | 331/466 [00:00<00:00, 578.27it/s, Materializing param=model.layers.28.mamba.dt_bias]
Loading weights:  71%|████████████████████████████████████▎              | 332/466 [00:00<00:00, 578.27it/s, Materializing param=model.layers.28.mamba.in_proj.weight]
Loading weights:  71%|████████████████████████████████████▎              | 332/466 [00:00<00:00, 578.27it/s, Materializing param=model.layers.28.mamba.in_proj.weight]
Loading weights:  71%|██████████████████████████████████████▌               | 333/466 [00:00<00:00, 578.27it/s, Materializing param=model.layers.28.mamba.norm.weight]
Loading weights:  71%|██████████████████████████████████████▌               | 333/466 [00:00<00:00, 578.27it/s, Materializing param=model.layers.28.mamba.norm.weight]
Loading weights:  72%|███████████████████████████████████▊              | 334/466 [00:00<00:00, 578.27it/s, Materializing param=model.layers.28.mamba.out_proj.weight]
Loading weights:  72%|███████████████████████████████████▊              | 334/466 [00:00<00:00, 578.27it/s, Materializing param=model.layers.28.mamba.out_proj.weight]
Loading weights:  72%|████████████████████████████▊           | 335/466 [00:00<00:00, 578.27it/s, Materializing param=model.layers.28.post_attention_layernorm.weight]
Loading weights:  72%|████████████████████████████▊           | 335/466 [00:00<00:00, 578.27it/s, Materializing param=model.layers.28.post_attention_layernorm.weight]
Loading weights:  72%|█████████████████████████████▌           | 336/466 [00:00<00:00, 578.27it/s, Materializing param=model.layers.28.shared_mlp.input_linear.weight]
Loading weights:  72%|█████████████████████████████▌           | 336/466 [00:00<00:00, 578.27it/s, Materializing param=model.layers.28.shared_mlp.input_linear.weight]
Loading weights:  72%|████████████████████████████▉           | 337/466 [00:00<00:00, 578.27it/s, Materializing param=model.layers.28.shared_mlp.output_linear.weight]
Loading weights:  72%|████████████████████████████▉           | 337/466 [00:00<00:00, 578.27it/s, Materializing param=model.layers.28.shared_mlp.output_linear.weight]
Loading weights:  73%|███████████████████████████████████▌             | 338/466 [00:00<00:00, 578.27it/s, Materializing param=model.layers.29.input_layernorm.weight]
Loading weights:  73%|███████████████████████████████████▌             | 338/466 [00:00<00:00, 578.27it/s, Materializing param=model.layers.29.input_layernorm.weight]
Loading weights:  73%|███████████████████████████████████████████▋                | 339/466 [00:00<00:00, 578.27it/s, Materializing param=model.layers.29.mamba.A_log]
Loading weights:  73%|███████████████████████████████████████████▋                | 339/466 [00:00<00:00, 578.27it/s, Materializing param=model.layers.29.mamba.A_log]
Loading weights:  73%|██████████████████████████████████████████████▋                 | 340/466 [00:00<00:00, 578.27it/s, Materializing param=model.layers.29.mamba.D]
Loading weights:  73%|██████████████████████████████████████████████▋                 | 340/466 [00:00<00:00, 578.27it/s, Materializing param=model.layers.29.mamba.D]
Loading weights:  73%|███████████████████████████████████████▌              | 341/466 [00:00<00:00, 578.27it/s, Materializing param=model.layers.29.mamba.conv1d.bias]
Loading weights:  73%|███████████████████████████████████████▌              | 341/466 [00:00<00:00, 578.27it/s, Materializing param=model.layers.29.mamba.conv1d.bias]
Loading weights:  73%|██████████████████████████████████████▏             | 342/466 [00:00<00:00, 578.27it/s, Materializing param=model.layers.29.mamba.conv1d.weight]
Loading weights:  73%|██████████████████████████████████████▏             | 342/466 [00:00<00:00, 578.27it/s, Materializing param=model.layers.29.mamba.conv1d.weight]
Loading weights:  74%|██████████████████████████████████████████▋               | 343/466 [00:00<00:00, 578.27it/s, Materializing param=model.layers.29.mamba.dt_bias]
Loading weights:  74%|██████████████████████████████████████████▋               | 343/466 [00:00<00:00, 578.27it/s, Materializing param=model.layers.29.mamba.dt_bias]
Loading weights:  74%|█████████████████████████████████████▋             | 344/466 [00:00<00:00, 578.27it/s, Materializing param=model.layers.29.mamba.in_proj.weight]
Loading weights:  74%|█████████████████████████████████████▋             | 344/466 [00:00<00:00, 578.27it/s, Materializing param=model.layers.29.mamba.in_proj.weight]
Loading weights:  74%|███████████████████████████████████████▉              | 345/466 [00:00<00:00, 578.27it/s, Materializing param=model.layers.29.mamba.norm.weight]
Loading weights:  74%|███████████████████████████████████████▉              | 345/466 [00:00<00:00, 578.27it/s, Materializing param=model.layers.29.mamba.norm.weight]
Loading weights:  74%|█████████████████████████████████████             | 346/466 [00:00<00:00, 578.27it/s, Materializing param=model.layers.29.mamba.out_proj.weight]
Loading weights:  74%|█████████████████████████████████████             | 346/466 [00:00<00:00, 578.27it/s, Materializing param=model.layers.29.mamba.out_proj.weight]
Loading weights:  74%|█████████████████████████████▊          | 347/466 [00:00<00:00, 578.27it/s, Materializing param=model.layers.29.post_attention_layernorm.weight]
Loading weights:  74%|█████████████████████████████▊          | 347/466 [00:00<00:00, 578.27it/s, Materializing param=model.layers.29.post_attention_layernorm.weight]
Loading weights:  75%|██████████████████████████████▌          | 348/466 [00:00<00:00, 578.27it/s, Materializing param=model.layers.29.shared_mlp.input_linear.weight]
Loading weights:  75%|██████████████████████████████▌          | 348/466 [00:00<00:00, 578.27it/s, Materializing param=model.layers.29.shared_mlp.input_linear.weight]
Loading weights:  75%|█████████████████████████████▉          | 349/466 [00:00<00:00, 578.27it/s, Materializing param=model.layers.29.shared_mlp.output_linear.weight]
Loading weights:  75%|█████████████████████████████▉          | 349/466 [00:00<00:00, 578.27it/s, Materializing param=model.layers.29.shared_mlp.output_linear.weight]
Loading weights:  75%|████████████████████████████████████▊            | 350/466 [00:00<00:00, 578.27it/s, Materializing param=model.layers.30.input_layernorm.weight]
Loading weights:  75%|████████████████████████████████████▊            | 350/466 [00:00<00:00, 578.27it/s, Materializing param=model.layers.30.input_layernorm.weight]
Loading weights:  75%|█████████████████████████████████████████████▏              | 351/466 [00:00<00:00, 578.27it/s, Materializing param=model.layers.30.mamba.A_log]
Loading weights:  75%|█████████████████████████████████████████████▏              | 351/466 [00:00<00:00, 578.27it/s, Materializing param=model.layers.30.mamba.A_log]
Loading weights:  76%|████████████████████████████████████████████████▎               | 352/466 [00:00<00:00, 578.27it/s, Materializing param=model.layers.30.mamba.D]
Loading weights:  76%|████████████████████████████████████████████████▎               | 352/466 [00:00<00:00, 578.27it/s, Materializing param=model.layers.30.mamba.D]
Loading weights:  76%|████████████████████████████████████████▉             | 353/466 [00:00<00:00, 578.27it/s, Materializing param=model.layers.30.mamba.conv1d.bias]
Loading weights:  76%|████████████████████████████████████████▉             | 353/466 [00:00<00:00, 578.27it/s, Materializing param=model.layers.30.mamba.conv1d.bias]
Loading weights:  76%|███████████████████████████████████████▌            | 354/466 [00:00<00:00, 578.27it/s, Materializing param=model.layers.30.mamba.conv1d.weight]
Loading weights:  76%|███████████████████████████████████████▌            | 354/466 [00:00<00:00, 578.27it/s, Materializing param=model.layers.30.mamba.conv1d.weight]
Loading weights:  76%|████████████████████████████████████████████▏             | 355/466 [00:00<00:00, 578.27it/s, Materializing param=model.layers.30.mamba.dt_bias]
Loading weights:  76%|████████████████████████████████████████████▏             | 355/466 [00:00<00:00, 578.27it/s, Materializing param=model.layers.30.mamba.dt_bias]
Loading weights:  76%|██████████████████████████████████████▉            | 356/466 [00:00<00:00, 578.27it/s, Materializing param=model.layers.30.mamba.in_proj.weight]
Loading weights:  76%|██████████████████████████████████████▉            | 356/466 [00:00<00:00, 578.27it/s, Materializing param=model.layers.30.mamba.in_proj.weight]
Loading weights:  77%|█████████████████████████████████████████▎            | 357/466 [00:00<00:00, 578.27it/s, Materializing param=model.layers.30.mamba.norm.weight]
Loading weights:  77%|█████████████████████████████████████████▎            | 357/466 [00:00<00:00, 578.27it/s, Materializing param=model.layers.30.mamba.norm.weight]
Loading weights:  77%|██████████████████████████████████████▍           | 358/466 [00:00<00:00, 578.27it/s, Materializing param=model.layers.30.mamba.out_proj.weight]
Loading weights:  77%|██████████████████████████████████████▍           | 358/466 [00:00<00:00, 578.27it/s, Materializing param=model.layers.30.mamba.out_proj.weight]
Loading weights:  77%|██████████████████████████████▊         | 359/466 [00:00<00:00, 578.27it/s, Materializing param=model.layers.30.post_attention_layernorm.weight]
Loading weights:  77%|██████████████████████████████▊         | 359/466 [00:00<00:00, 578.27it/s, Materializing param=model.layers.30.post_attention_layernorm.weight]
Loading weights:  77%|███████████████████████████████▋         | 360/466 [00:00<00:00, 578.27it/s, Materializing param=model.layers.30.shared_mlp.input_linear.weight]
Loading weights:  77%|███████████████████████████████▋         | 360/466 [00:00<00:00, 578.27it/s, Materializing param=model.layers.30.shared_mlp.input_linear.weight]
Loading weights:  77%|██████████████████████████████▉         | 361/466 [00:00<00:00, 578.27it/s, Materializing param=model.layers.30.shared_mlp.output_linear.weight]
Loading weights:  77%|██████████████████████████████▉         | 361/466 [00:00<00:00, 578.27it/s, Materializing param=model.layers.30.shared_mlp.output_linear.weight]
Loading weights:  78%|██████████████████████████████████████           | 362/466 [00:00<00:00, 578.27it/s, Materializing param=model.layers.31.input_layernorm.weight]
Loading weights:  78%|██████████████████████████████████████           | 362/466 [00:00<00:00, 578.27it/s, Materializing param=model.layers.31.input_layernorm.weight]
Loading weights:  78%|██████████████████████████████████████████████▋             | 363/466 [00:00<00:00, 578.27it/s, Materializing param=model.layers.31.mamba.A_log]
Loading weights:  78%|██████████████████████████████████████████████▋             | 363/466 [00:00<00:00, 578.27it/s, Materializing param=model.layers.31.mamba.A_log]
Loading weights:  78%|█████████████████████████████████████████████████▉              | 364/466 [00:00<00:00, 578.27it/s, Materializing param=model.layers.31.mamba.D]
Loading weights:  78%|█████████████████████████████████████████████████▉              | 364/466 [00:00<00:00, 578.27it/s, Materializing param=model.layers.31.mamba.D]
Loading weights:  78%|██████████████████████████████████████████▎           | 365/466 [00:00<00:00, 578.27it/s, Materializing param=model.layers.31.mamba.conv1d.bias]
Loading weights:  78%|██████████████████████████████████████████▎           | 365/466 [00:00<00:00, 578.27it/s, Materializing param=model.layers.31.mamba.conv1d.bias]
Loading weights:  79%|████████████████████████████████████████▊           | 366/466 [00:00<00:00, 578.27it/s, Materializing param=model.layers.31.mamba.conv1d.weight]
Loading weights:  79%|████████████████████████████████████████▊           | 366/466 [00:00<00:00, 578.27it/s, Materializing param=model.layers.31.mamba.conv1d.weight]
Loading weights:  79%|█████████████████████████████████████████████▋            | 367/466 [00:00<00:00, 578.27it/s, Materializing param=model.layers.31.mamba.dt_bias]
Loading weights:  79%|█████████████████████████████████████████████▋            | 367/466 [00:00<00:00, 578.27it/s, Materializing param=model.layers.31.mamba.dt_bias]
Loading weights:  79%|████████████████████████████████████████▎          | 368/466 [00:00<00:00, 578.27it/s, Materializing param=model.layers.31.mamba.in_proj.weight]
Loading weights:  79%|████████████████████████████████████████▎          | 368/466 [00:00<00:00, 578.27it/s, Materializing param=model.layers.31.mamba.in_proj.weight]
Loading weights:  79%|██████████████████████████████████████████▊           | 369/466 [00:00<00:00, 578.27it/s, Materializing param=model.layers.31.mamba.norm.weight]
Loading weights:  79%|██████████████████████████████████████████▊           | 369/466 [00:00<00:00, 578.27it/s, Materializing param=model.layers.31.mamba.norm.weight]
Loading weights:  79%|███████████████████████████████████████▋          | 370/466 [00:00<00:00, 578.27it/s, Materializing param=model.layers.31.mamba.out_proj.weight]
Loading weights:  79%|███████████████████████████████████████▋          | 370/466 [00:00<00:00, 578.27it/s, Materializing param=model.layers.31.mamba.out_proj.weight]
Loading weights:  80%|███████████████████████████████▊        | 371/466 [00:00<00:00, 578.27it/s, Materializing param=model.layers.31.post_attention_layernorm.weight]
Loading weights:  80%|███████████████████████████████▊        | 371/466 [00:00<00:00, 578.27it/s, Materializing param=model.layers.31.post_attention_layernorm.weight]
Loading weights:  80%|████████████████████████████████▋        | 372/466 [00:00<00:00, 578.27it/s, Materializing param=model.layers.31.shared_mlp.input_linear.weight]
Loading weights:  80%|████████████████████████████████▋        | 372/466 [00:00<00:00, 578.27it/s, Materializing param=model.layers.31.shared_mlp.input_linear.weight]
Loading weights:  80%|████████████████████████████████▊        | 373/466 [00:00<00:00, 575.99it/s, Materializing param=model.layers.31.shared_mlp.input_linear.weight]
Loading weights:  80%|████████████████████████████████        | 373/466 [00:00<00:00, 575.99it/s, Materializing param=model.layers.31.shared_mlp.output_linear.weight]
Loading weights:  80%|████████████████████████████████        | 373/466 [00:00<00:00, 575.99it/s, Materializing param=model.layers.31.shared_mlp.output_linear.weight]
Loading weights:  80%|███████████████████████████████████████▎         | 374/466 [00:00<00:00, 575.99it/s, Materializing param=model.layers.32.input_layernorm.weight]
Loading weights:  80%|███████████████████████████████████████▎         | 374/466 [00:00<00:00, 575.99it/s, Materializing param=model.layers.32.input_layernorm.weight]
Loading weights:  80%|████████████████████████████████████████████████▎           | 375/466 [00:00<00:00, 575.99it/s, Materializing param=model.layers.32.mamba.A_log]
Loading weights:  80%|████████████████████████████████████████████████▎           | 375/466 [00:00<00:00, 575.99it/s, Materializing param=model.layers.32.mamba.A_log]
Loading weights:  81%|███████████████████████████████████████████████████▋            | 376/466 [00:00<00:00, 575.99it/s, Materializing param=model.layers.32.mamba.D]
Loading weights:  81%|███████████████████████████████████████████████████▋            | 376/466 [00:00<00:00, 575.99it/s, Materializing param=model.layers.32.mamba.D]
Loading weights:  81%|███████████████████████████████████████████▋          | 377/466 [00:00<00:00, 575.99it/s, Materializing param=model.layers.32.mamba.conv1d.bias]
Loading weights:  81%|███████████████████████████████████████████▋          | 377/466 [00:00<00:00, 575.99it/s, Materializing param=model.layers.32.mamba.conv1d.bias]
Loading weights:  81%|██████████████████████████████████████████▏         | 378/466 [00:00<00:00, 575.99it/s, Materializing param=model.layers.32.mamba.conv1d.weight]
Loading weights:  81%|██████████████████████████████████████████▏         | 378/466 [00:00<00:00, 575.99it/s, Materializing param=model.layers.32.mamba.conv1d.weight]
Loading weights:  81%|███████████████████████████████████████████████▏          | 379/466 [00:00<00:00, 575.99it/s, Materializing param=model.layers.32.mamba.dt_bias]
Loading weights:  81%|███████████████████████████████████████████████▏          | 379/466 [00:00<00:00, 575.99it/s, Materializing param=model.layers.32.mamba.dt_bias]
Loading weights:  82%|█████████████████████████████████████████▌         | 380/466 [00:00<00:00, 575.99it/s, Materializing param=model.layers.32.mamba.in_proj.weight]
Loading weights:  82%|█████████████████████████████████████████▌         | 380/466 [00:00<00:00, 575.99it/s, Materializing param=model.layers.32.mamba.in_proj.weight]
Loading weights:  82%|████████████████████████████████████████████▏         | 381/466 [00:00<00:00, 575.99it/s, Materializing param=model.layers.32.mamba.norm.weight]
Loading weights:  82%|████████████████████████████████████████████▏         | 381/466 [00:00<00:00, 575.99it/s, Materializing param=model.layers.32.mamba.norm.weight]
Loading weights:  82%|████████████████████████████████████████▉         | 382/466 [00:00<00:00, 575.99it/s, Materializing param=model.layers.32.mamba.out_proj.weight]
Loading weights:  82%|████████████████████████████████████████▉         | 382/466 [00:00<00:00, 575.99it/s, Materializing param=model.layers.32.mamba.out_proj.weight]
Loading weights:  82%|████████████████████████████████▉       | 383/466 [00:00<00:00, 575.99it/s, Materializing param=model.layers.32.post_attention_layernorm.weight]
Loading weights:  82%|████████████████████████████████▉       | 383/466 [00:00<00:00, 575.99it/s, Materializing param=model.layers.32.post_attention_layernorm.weight]
Loading weights:  82%|█████████████████████████████████▊       | 384/466 [00:00<00:00, 575.99it/s, Materializing param=model.layers.32.shared_mlp.input_linear.weight]
Loading weights:  82%|█████████████████████████████████▊       | 384/466 [00:00<00:00, 575.99it/s, Materializing param=model.layers.32.shared_mlp.input_linear.weight]
Loading weights:  83%|█████████████████████████████████       | 385/466 [00:00<00:00, 575.99it/s, Materializing param=model.layers.32.shared_mlp.output_linear.weight]
Loading weights:  83%|█████████████████████████████████       | 385/466 [00:00<00:00, 575.99it/s, Materializing param=model.layers.32.shared_mlp.output_linear.weight]
Loading weights:  83%|████████████████████████████████████████▌        | 386/466 [00:00<00:00, 575.99it/s, Materializing param=model.layers.33.input_layernorm.weight]
Loading weights:  83%|████████████████████████████████████████▌        | 386/466 [00:00<00:00, 575.99it/s, Materializing param=model.layers.33.input_layernorm.weight]
Loading weights:  83%|█████████████████████████████████████████████████▊          | 387/466 [00:00<00:00, 575.99it/s, Materializing param=model.layers.33.mamba.A_log]
Loading weights:  83%|█████████████████████████████████████████████████▊          | 387/466 [00:00<00:00, 575.99it/s, Materializing param=model.layers.33.mamba.A_log]
Loading weights:  83%|█████████████████████████████████████████████████████▎          | 388/466 [00:00<00:00, 575.99it/s, Materializing param=model.layers.33.mamba.D]
Loading weights:  83%|█████████████████████████████████████████████████████▎          | 388/466 [00:00<00:00, 575.99it/s, Materializing param=model.layers.33.mamba.D]
Loading weights:  83%|█████████████████████████████████████████████         | 389/466 [00:00<00:00, 575.99it/s, Materializing param=model.layers.33.mamba.conv1d.bias]
Loading weights:  83%|█████████████████████████████████████████████         | 389/466 [00:00<00:00, 575.99it/s, Materializing param=model.layers.33.mamba.conv1d.bias]
Loading weights:  84%|███████████████████████████████████████████▌        | 390/466 [00:00<00:00, 575.99it/s, Materializing param=model.layers.33.mamba.conv1d.weight]
Loading weights:  84%|███████████████████████████████████████████▌        | 390/466 [00:00<00:00, 575.99it/s, Materializing param=model.layers.33.mamba.conv1d.weight]
Loading weights:  84%|████████████████████████████████████████████████▋         | 391/466 [00:00<00:00, 575.99it/s, Materializing param=model.layers.33.mamba.dt_bias]
Loading weights:  84%|████████████████████████████████████████████████▋         | 391/466 [00:00<00:00, 575.99it/s, Materializing param=model.layers.33.mamba.dt_bias]
Loading weights:  84%|██████████████████████████████████████████▉        | 392/466 [00:00<00:00, 575.99it/s, Materializing param=model.layers.33.mamba.in_proj.weight]
Loading weights:  84%|██████████████████████████████████████████▉        | 392/466 [00:00<00:00, 575.99it/s, Materializing param=model.layers.33.mamba.in_proj.weight]
Loading weights:  84%|█████████████████████████████████████████████▌        | 393/466 [00:00<00:00, 575.99it/s, Materializing param=model.layers.33.mamba.norm.weight]
Loading weights:  84%|█████████████████████████████████████████████▌        | 393/466 [00:00<00:00, 575.99it/s, Materializing param=model.layers.33.mamba.norm.weight]
Loading weights:  85%|██████████████████████████████████████████▎       | 394/466 [00:00<00:00, 575.99it/s, Materializing param=model.layers.33.mamba.out_proj.weight]
Loading weights:  85%|██████████████████████████████████████████▎       | 394/466 [00:00<00:00, 575.99it/s, Materializing param=model.layers.33.mamba.out_proj.weight]
Loading weights:  85%|█████████████████████████████████▉      | 395/466 [00:00<00:00, 575.99it/s, Materializing param=model.layers.33.post_attention_layernorm.weight]
Loading weights:  85%|█████████████████████████████████▉      | 395/466 [00:00<00:00, 575.99it/s, Materializing param=model.layers.33.post_attention_layernorm.weight]
Loading weights:  85%|██████████████████████████████████▊      | 396/466 [00:00<00:00, 575.99it/s, Materializing param=model.layers.33.shared_mlp.input_linear.weight]
Loading weights:  85%|██████████████████████████████████▊      | 396/466 [00:00<00:00, 575.99it/s, Materializing param=model.layers.33.shared_mlp.input_linear.weight]
Loading weights:  85%|██████████████████████████████████      | 397/466 [00:00<00:00, 575.99it/s, Materializing param=model.layers.33.shared_mlp.output_linear.weight]
Loading weights:  85%|██████████████████████████████████      | 397/466 [00:00<00:00, 575.99it/s, Materializing param=model.layers.33.shared_mlp.output_linear.weight]
Loading weights:  85%|█████████████████████████████████████████▊       | 398/466 [00:00<00:00, 575.99it/s, Materializing param=model.layers.34.input_layernorm.weight]
Loading weights:  85%|█████████████████████████████████████████▊       | 398/466 [00:00<00:00, 575.99it/s, Materializing param=model.layers.34.input_layernorm.weight]
Loading weights:  86%|███████████████████████████████████████████████████▎        | 399/466 [00:00<00:00, 575.99it/s, Materializing param=model.layers.34.mamba.A_log]
Loading weights:  86%|███████████████████████████████████████████████████▎        | 399/466 [00:00<00:00, 575.99it/s, Materializing param=model.layers.34.mamba.A_log]
Loading weights:  86%|██████████████████████████████████████████████████████▉         | 400/466 [00:00<00:00, 575.99it/s, Materializing param=model.layers.34.mamba.D]
Loading weights:  86%|██████████████████████████████████████████████████████▉         | 400/466 [00:00<00:00, 575.99it/s, Materializing param=model.layers.34.mamba.D]
Loading weights:  86%|██████████████████████████████████████████████▍       | 401/466 [00:00<00:00, 575.99it/s, Materializing param=model.layers.34.mamba.conv1d.bias]
Loading weights:  86%|██████████████████████████████████████████████▍       | 401/466 [00:00<00:00, 575.99it/s, Materializing param=model.layers.34.mamba.conv1d.bias]
Loading weights:  86%|████████████████████████████████████████████▊       | 402/466 [00:00<00:00, 575.99it/s, Materializing param=model.layers.34.mamba.conv1d.weight]
Loading weights:  86%|████████████████████████████████████████████▊       | 402/466 [00:00<00:00, 575.99it/s, Materializing param=model.layers.34.mamba.conv1d.weight]
Loading weights:  86%|██████████████████████████████████████████████████▏       | 403/466 [00:00<00:00, 575.99it/s, Materializing param=model.layers.34.mamba.dt_bias]
Loading weights:  86%|██████████████████████████████████████████████████▏       | 403/466 [00:00<00:00, 575.99it/s, Materializing param=model.layers.34.mamba.dt_bias]
Loading weights:  87%|████████████████████████████████████████████▏      | 404/466 [00:00<00:00, 575.99it/s, Materializing param=model.layers.34.mamba.in_proj.weight]
Loading weights:  87%|████████████████████████████████████████████▏      | 404/466 [00:00<00:00, 575.99it/s, Materializing param=model.layers.34.mamba.in_proj.weight]
Loading weights:  87%|██████████████████████████████████████████████▉       | 405/466 [00:00<00:00, 575.99it/s, Materializing param=model.layers.34.mamba.norm.weight]
Loading weights:  87%|██████████████████████████████████████████████▉       | 405/466 [00:00<00:00, 575.99it/s, Materializing param=model.layers.34.mamba.norm.weight]
Loading weights:  87%|███████████████████████████████████████████▌      | 406/466 [00:00<00:00, 575.99it/s, Materializing param=model.layers.34.mamba.out_proj.weight]
Loading weights:  87%|███████████████████████████████████████████▌      | 406/466 [00:00<00:00, 575.99it/s, Materializing param=model.layers.34.mamba.out_proj.weight]
Loading weights:  87%|██████████████████████████████████▉     | 407/466 [00:00<00:00, 575.99it/s, Materializing param=model.layers.34.post_attention_layernorm.weight]
Loading weights:  87%|██████████████████████████████████▉     | 407/466 [00:00<00:00, 575.99it/s, Materializing param=model.layers.34.post_attention_layernorm.weight]
Loading weights:  88%|███████████████████████████████████▉     | 408/466 [00:00<00:00, 575.99it/s, Materializing param=model.layers.34.shared_mlp.input_linear.weight]
Loading weights:  88%|███████████████████████████████████▉     | 408/466 [00:00<00:00, 575.99it/s, Materializing param=model.layers.34.shared_mlp.input_linear.weight]
Loading weights:  88%|███████████████████████████████████     | 409/466 [00:00<00:00, 575.99it/s, Materializing param=model.layers.34.shared_mlp.output_linear.weight]
Loading weights:  88%|███████████████████████████████████     | 409/466 [00:00<00:00, 575.99it/s, Materializing param=model.layers.34.shared_mlp.output_linear.weight]
Loading weights:  88%|███████████████████████████████████████████      | 410/466 [00:00<00:00, 575.99it/s, Materializing param=model.layers.35.input_layernorm.weight]
Loading weights:  88%|███████████████████████████████████████████      | 410/466 [00:00<00:00, 575.99it/s, Materializing param=model.layers.35.input_layernorm.weight]
Loading weights:  88%|███████████████████████████████████▎    | 411/466 [00:00<00:00, 575.99it/s, Materializing param=model.layers.35.post_attention_layernorm.weight]
Loading weights:  88%|███████████████████████████████████▎    | 411/466 [00:00<00:00, 575.99it/s, Materializing param=model.layers.35.post_attention_layernorm.weight]
Loading weights:  88%|██████████████████████████████████████████▍     | 412/466 [00:00<00:00, 575.99it/s, Materializing param=model.layers.35.self_attn.k_proj.weight]
Loading weights:  88%|██████████████████████████████████████████▍     | 412/466 [00:00<00:00, 575.99it/s, Materializing param=model.layers.35.self_attn.k_proj.weight]
Loading weights:  89%|██████████████████████████████████████████▌     | 413/466 [00:00<00:00, 575.99it/s, Materializing param=model.layers.35.self_attn.o_proj.weight]
Loading weights:  89%|██████████████████████████████████████████▌     | 413/466 [00:00<00:00, 575.99it/s, Materializing param=model.layers.35.self_attn.o_proj.weight]
Loading weights:  89%|██████████████████████████████████████████▋     | 414/466 [00:00<00:00, 575.99it/s, Materializing param=model.layers.35.self_attn.q_proj.weight]
Loading weights:  89%|██████████████████████████████████████████▋     | 414/466 [00:00<00:00, 575.99it/s, Materializing param=model.layers.35.self_attn.q_proj.weight]
Loading weights:  89%|██████████████████████████████████████████▋     | 415/466 [00:00<00:00, 575.99it/s, Materializing param=model.layers.35.self_attn.v_proj.weight]
Loading weights:  89%|██████████████████████████████████████████▋     | 415/466 [00:00<00:00, 575.99it/s, Materializing param=model.layers.35.self_attn.v_proj.weight]
Loading weights:  89%|████████████████████████████████████▌    | 416/466 [00:00<00:00, 575.99it/s, Materializing param=model.layers.35.shared_mlp.input_linear.weight]
Loading weights:  89%|████████████████████████████████████▌    | 416/466 [00:00<00:00, 575.99it/s, Materializing param=model.layers.35.shared_mlp.input_linear.weight]
Loading weights:  89%|███████████████████████████████████▊    | 417/466 [00:00<00:00, 575.99it/s, Materializing param=model.layers.35.shared_mlp.output_linear.weight]
Loading weights:  89%|███████████████████████████████████▊    | 417/466 [00:00<00:00, 575.99it/s, Materializing param=model.layers.35.shared_mlp.output_linear.weight]
Loading weights:  90%|███████████████████████████████████████████▉     | 418/466 [00:00<00:00, 575.99it/s, Materializing param=model.layers.36.input_layernorm.weight]
Loading weights:  90%|███████████████████████████████████████████▉     | 418/466 [00:00<00:00, 575.99it/s, Materializing param=model.layers.36.input_layernorm.weight]
Loading weights:  90%|█████████████████████████████████████████████████████▉      | 419/466 [00:00<00:00, 575.99it/s, Materializing param=model.layers.36.mamba.A_log]
Loading weights:  90%|█████████████████████████████████████████████████████▉      | 419/466 [00:00<00:00, 575.99it/s, Materializing param=model.layers.36.mamba.A_log]
Loading weights:  90%|█████████████████████████████████████████████████████████▋      | 420/466 [00:00<00:00, 575.99it/s, Materializing param=model.layers.36.mamba.D]
Loading weights:  90%|█████████████████████████████████████████████████████████▋      | 420/466 [00:00<00:00, 575.99it/s, Materializing param=model.layers.36.mamba.D]
Loading weights:  90%|████████████████████████████████████████████████▊     | 421/466 [00:00<00:00, 575.99it/s, Materializing param=model.layers.36.mamba.conv1d.bias]
Loading weights:  90%|████████████████████████████████████████████████▊     | 421/466 [00:00<00:00, 575.99it/s, Materializing param=model.layers.36.mamba.conv1d.bias]
Loading weights:  91%|███████████████████████████████████████████████     | 422/466 [00:00<00:00, 575.99it/s, Materializing param=model.layers.36.mamba.conv1d.weight]
Loading weights:  91%|███████████████████████████████████████████████     | 422/466 [00:00<00:00, 575.99it/s, Materializing param=model.layers.36.mamba.conv1d.weight]
Loading weights:  91%|████████████████████████████████████████████████████▋     | 423/466 [00:00<00:00, 575.99it/s, Materializing param=model.layers.36.mamba.dt_bias]
Loading weights:  91%|████████████████████████████████████████████████████▋     | 423/466 [00:00<00:00, 575.99it/s, Materializing param=model.layers.36.mamba.dt_bias]
Loading weights:  91%|██████████████████████████████████████████████▍    | 424/466 [00:00<00:00, 575.99it/s, Materializing param=model.layers.36.mamba.in_proj.weight]
Loading weights:  91%|██████████████████████████████████████████████▍    | 424/466 [00:00<00:00, 575.99it/s, Materializing param=model.layers.36.mamba.in_proj.weight]
Loading weights:  91%|█████████████████████████████████████████████████▏    | 425/466 [00:00<00:00, 575.99it/s, Materializing param=model.layers.36.mamba.norm.weight]
Loading weights:  91%|█████████████████████████████████████████████████▏    | 425/466 [00:00<00:00, 575.99it/s, Materializing param=model.layers.36.mamba.norm.weight]
Loading weights:  91%|█████████████████████████████████████████████▋    | 426/466 [00:00<00:00, 575.99it/s, Materializing param=model.layers.36.mamba.out_proj.weight]
Loading weights:  91%|█████████████████████████████████████████████▋    | 426/466 [00:00<00:00, 575.99it/s, Materializing param=model.layers.36.mamba.out_proj.weight]
Loading weights:  92%|████████████████████████████████████▋   | 427/466 [00:00<00:00, 575.99it/s, Materializing param=model.layers.36.post_attention_layernorm.weight]
Loading weights:  92%|████████████████████████████████████▋   | 427/466 [00:00<00:00, 575.99it/s, Materializing param=model.layers.36.post_attention_layernorm.weight]
Loading weights:  92%|█████████████████████████████████████▋   | 428/466 [00:00<00:00, 575.99it/s, Materializing param=model.layers.36.shared_mlp.input_linear.weight]
Loading weights:  92%|█████████████████████████████████████▋   | 428/466 [00:00<00:00, 575.99it/s, Materializing param=model.layers.36.shared_mlp.input_linear.weight]
Loading weights:  92%|████████████████████████████████████▊   | 429/466 [00:00<00:00, 575.99it/s, Materializing param=model.layers.36.shared_mlp.output_linear.weight]
Loading weights:  92%|████████████████████████████████████▊   | 429/466 [00:00<00:00, 575.99it/s, Materializing param=model.layers.36.shared_mlp.output_linear.weight]
Loading weights:  92%|█████████████████████████████████████████████▏   | 430/466 [00:00<00:00, 575.99it/s, Materializing param=model.layers.37.input_layernorm.weight]
Loading weights:  92%|█████████████████████████████████████████████▏   | 430/466 [00:00<00:00, 575.99it/s, Materializing param=model.layers.37.input_layernorm.weight]
Loading weights:  92%|█████████████████████████████████████████████▎   | 431/466 [00:00<00:00, 573.73it/s, Materializing param=model.layers.37.input_layernorm.weight]
Loading weights:  92%|███████████████████████████████████████████████████████▍    | 431/466 [00:00<00:00, 573.73it/s, Materializing param=model.layers.37.mamba.A_log]
Loading weights:  92%|███████████████████████████████████████████████████████▍    | 431/466 [00:00<00:00, 573.73it/s, Materializing param=model.layers.37.mamba.A_log]
Loading weights:  93%|███████████████████████████████████████████████████████████▎    | 432/466 [00:00<00:00, 573.73it/s, Materializing param=model.layers.37.mamba.D]
Loading weights:  93%|███████████████████████████████████████████████████████████▎    | 432/466 [00:00<00:00, 573.73it/s, Materializing param=model.layers.37.mamba.D]
Loading weights:  93%|██████████████████████████████████████████████████▏   | 433/466 [00:00<00:00, 573.73it/s, Materializing param=model.layers.37.mamba.conv1d.bias]
Loading weights:  93%|██████████████████████████████████████████████████▏   | 433/466 [00:00<00:00, 573.73it/s, Materializing param=model.layers.37.mamba.conv1d.bias]
Loading weights:  93%|████████████████████████████████████████████████▍   | 434/466 [00:00<00:00, 573.73it/s, Materializing param=model.layers.37.mamba.conv1d.weight]
Loading weights:  93%|████████████████████████████████████████████████▍   | 434/466 [00:00<00:00, 573.73it/s, Materializing param=model.layers.37.mamba.conv1d.weight]
Loading weights:  93%|██████████████████████████████████████████████████████▏   | 435/466 [00:00<00:00, 573.73it/s, Materializing param=model.layers.37.mamba.dt_bias]
Loading weights:  93%|██████████████████████████████████████████████████████▏   | 435/466 [00:00<00:00, 573.73it/s, Materializing param=model.layers.37.mamba.dt_bias]
Loading weights:  94%|███████████████████████████████████████████████▋   | 436/466 [00:00<00:00, 573.73it/s, Materializing param=model.layers.37.mamba.in_proj.weight]
Loading weights:  94%|███████████████████████████████████████████████▋   | 436/466 [00:00<00:00, 573.73it/s, Materializing param=model.layers.37.mamba.in_proj.weight]
Loading weights:  94%|██████████████████████████████████████████████████▋   | 437/466 [00:00<00:00, 573.73it/s, Materializing param=model.layers.37.mamba.norm.weight]
Loading weights:  94%|██████████████████████████████████████████████████▋   | 437/466 [00:00<00:00, 573.73it/s, Materializing param=model.layers.37.mamba.norm.weight]
Loading weights:  94%|██████████████████████████████████████████████▉   | 438/466 [00:00<00:00, 573.73it/s, Materializing param=model.layers.37.mamba.out_proj.weight]
Loading weights:  94%|██████████████████████████████████████████████▉   | 438/466 [00:00<00:00, 573.73it/s, Materializing param=model.layers.37.mamba.out_proj.weight]
Loading weights:  94%|█████████████████████████████████████▋  | 439/466 [00:00<00:00, 573.73it/s, Materializing param=model.layers.37.post_attention_layernorm.weight]
Loading weights:  94%|█████████████████████████████████████▋  | 439/466 [00:00<00:00, 573.73it/s, Materializing param=model.layers.37.post_attention_layernorm.weight]
Loading weights:  94%|██████████████████████████████████████▋  | 440/466 [00:00<00:00, 573.73it/s, Materializing param=model.layers.37.shared_mlp.input_linear.weight]
Loading weights:  94%|██████████████████████████████████████▋  | 440/466 [00:00<00:00, 573.73it/s, Materializing param=model.layers.37.shared_mlp.input_linear.weight]
Loading weights:  95%|█████████████████████████████████████▊  | 441/466 [00:00<00:00, 573.73it/s, Materializing param=model.layers.37.shared_mlp.output_linear.weight]
Loading weights:  95%|█████████████████████████████████████▊  | 441/466 [00:00<00:00, 573.73it/s, Materializing param=model.layers.37.shared_mlp.output_linear.weight]
Loading weights:  95%|██████████████████████████████████████████████▍  | 442/466 [00:00<00:00, 573.73it/s, Materializing param=model.layers.38.input_layernorm.weight]
Loading weights:  95%|██████████████████████████████████████████████▍  | 442/466 [00:00<00:00, 573.73it/s, Materializing param=model.layers.38.input_layernorm.weight]
Loading weights:  95%|█████████████████████████████████████████████████████████   | 443/466 [00:00<00:00, 573.73it/s, Materializing param=model.layers.38.mamba.A_log]
Loading weights:  95%|█████████████████████████████████████████████████████████   | 443/466 [00:00<00:00, 573.73it/s, Materializing param=model.layers.38.mamba.A_log]
Loading weights:  95%|████████████████████████████████████████████████████████████▉   | 444/466 [00:00<00:00, 573.73it/s, Materializing param=model.layers.38.mamba.D]
Loading weights:  95%|████████████████████████████████████████████████████████████▉   | 444/466 [00:00<00:00, 573.73it/s, Materializing param=model.layers.38.mamba.D]
Loading weights:  95%|███████████████████████████████████████████████████▌  | 445/466 [00:00<00:00, 573.73it/s, Materializing param=model.layers.38.mamba.conv1d.bias]
Loading weights:  95%|███████████████████████████████████████████████████▌  | 445/466 [00:00<00:00, 573.73it/s, Materializing param=model.layers.38.mamba.conv1d.bias]
Loading weights:  96%|█████████████████████████████████████████████████▊  | 446/466 [00:00<00:00, 573.73it/s, Materializing param=model.layers.38.mamba.conv1d.weight]
Loading weights:  96%|█████████████████████████████████████████████████▊  | 446/466 [00:00<00:00, 573.73it/s, Materializing param=model.layers.38.mamba.conv1d.weight]
Loading weights:  96%|███████████████████████████████████████████████████████▋  | 447/466 [00:00<00:00, 573.73it/s, Materializing param=model.layers.38.mamba.dt_bias]
Loading weights:  96%|███████████████████████████████████████████████████████▋  | 447/466 [00:00<00:00, 573.73it/s, Materializing param=model.layers.38.mamba.dt_bias]
Loading weights:  96%|█████████████████████████████████████████████████  | 448/466 [00:00<00:00, 573.73it/s, Materializing param=model.layers.38.mamba.in_proj.weight]
Loading weights:  96%|█████████████████████████████████████████████████  | 448/466 [00:00<00:00, 573.73it/s, Materializing param=model.layers.38.mamba.in_proj.weight]
Loading weights:  96%|████████████████████████████████████████████████████  | 449/466 [00:00<00:00, 573.73it/s, Materializing param=model.layers.38.mamba.norm.weight]
Loading weights:  96%|████████████████████████████████████████████████████  | 449/466 [00:00<00:00, 573.73it/s, Materializing param=model.layers.38.mamba.norm.weight]
Loading weights:  97%|████████████████████████████████████████████████▎ | 450/466 [00:00<00:00, 573.73it/s, Materializing param=model.layers.38.mamba.out_proj.weight]
Loading weights:  97%|████████████████████████████████████████████████▎ | 450/466 [00:00<00:00, 573.73it/s, Materializing param=model.layers.38.mamba.out_proj.weight]
Loading weights:  97%|██████████████████████████████████████▋ | 451/466 [00:00<00:00, 573.73it/s, Materializing param=model.layers.38.post_attention_layernorm.weight]
Loading weights:  97%|██████████████████████████████████████▋ | 451/466 [00:00<00:00, 573.73it/s, Materializing param=model.layers.38.post_attention_layernorm.weight]
Loading weights:  97%|███████████████████████████████████████▊ | 452/466 [00:00<00:00, 573.73it/s, Materializing param=model.layers.38.shared_mlp.input_linear.weight]
Loading weights:  97%|███████████████████████████████████████▊ | 452/466 [00:00<00:00, 573.73it/s, Materializing param=model.layers.38.shared_mlp.input_linear.weight]
Loading weights:  97%|██████████████████████████████████████▉ | 453/466 [00:00<00:00, 573.73it/s, Materializing param=model.layers.38.shared_mlp.output_linear.weight]
Loading weights:  97%|██████████████████████████████████████▉ | 453/466 [00:00<00:00, 573.73it/s, Materializing param=model.layers.38.shared_mlp.output_linear.weight]
Loading weights:  97%|███████████████████████████████████████████████▋ | 454/466 [00:00<00:00, 573.73it/s, Materializing param=model.layers.39.input_layernorm.weight]
Loading weights:  97%|███████████████████████████████████████████████▋ | 454/466 [00:00<00:00, 573.73it/s, Materializing param=model.layers.39.input_layernorm.weight]
Loading weights:  98%|██████████████████████████████████████████████████████████▌ | 455/466 [00:00<00:00, 573.73it/s, Materializing param=model.layers.39.mamba.A_log]
Loading weights:  98%|██████████████████████████████████████████████████████████▌ | 455/466 [00:00<00:00, 573.73it/s, Materializing param=model.layers.39.mamba.A_log]
Loading weights:  98%|██████████████████████████████████████████████████████████████▋ | 456/466 [00:00<00:00, 573.73it/s, Materializing param=model.layers.39.mamba.D]
Loading weights:  98%|██████████████████████████████████████████████████████████████▋ | 456/466 [00:00<00:00, 573.73it/s, Materializing param=model.layers.39.mamba.D]
Loading weights:  98%|████████████████████████████████████████████████████▉ | 457/466 [00:00<00:00, 573.73it/s, Materializing param=model.layers.39.mamba.conv1d.bias]
Loading weights:  98%|████████████████████████████████████████████████████▉ | 457/466 [00:00<00:00, 573.73it/s, Materializing param=model.layers.39.mamba.conv1d.bias]
Loading weights:  98%|███████████████████████████████████████████████████ | 458/466 [00:00<00:00, 573.73it/s, Materializing param=model.layers.39.mamba.conv1d.weight]
Loading weights:  98%|███████████████████████████████████████████████████ | 458/466 [00:00<00:00, 573.73it/s, Materializing param=model.layers.39.mamba.conv1d.weight]
Loading weights:  98%|█████████████████████████████████████████████████████████▏| 459/466 [00:00<00:00, 573.73it/s, Materializing param=model.layers.39.mamba.dt_bias]
Loading weights:  98%|█████████████████████████████████████████████████████████▏| 459/466 [00:00<00:00, 573.73it/s, Materializing param=model.layers.39.mamba.dt_bias]
Loading weights:  99%|██████████████████████████████████████████████████▎| 460/466 [00:00<00:00, 573.73it/s, Materializing param=model.layers.39.mamba.in_proj.weight]
Loading weights:  99%|██████████████████████████████████████████████████▎| 460/466 [00:00<00:00, 573.73it/s, Materializing param=model.layers.39.mamba.in_proj.weight]
Loading weights:  99%|█████████████████████████████████████████████████████▍| 461/466 [00:00<00:00, 573.73it/s, Materializing param=model.layers.39.mamba.norm.weight]
Loading weights:  99%|█████████████████████████████████████████████████████▍| 461/466 [00:00<00:00, 573.73it/s, Materializing param=model.layers.39.mamba.norm.weight]
Loading weights:  99%|█████████████████████████████████████████████████▌| 462/466 [00:00<00:00, 573.73it/s, Materializing param=model.layers.39.mamba.out_proj.weight]
Loading weights:  99%|█████████████████████████████████████████████████▌| 462/466 [00:00<00:00, 573.73it/s, Materializing param=model.layers.39.mamba.out_proj.weight]
Loading weights:  99%|███████████████████████████████████████▋| 463/466 [00:00<00:00, 573.73it/s, Materializing param=model.layers.39.post_attention_layernorm.weight]
Loading weights:  99%|███████████████████████████████████████▋| 463/466 [00:00<00:00, 573.73it/s, Materializing param=model.layers.39.post_attention_layernorm.weight]
Loading weights: 100%|████████████████████████████████████████▊| 464/466 [00:00<00:00, 573.73it/s, Materializing param=model.layers.39.shared_mlp.input_linear.weight]
Loading weights: 100%|████████████████████████████████████████▊| 464/466 [00:00<00:00, 573.73it/s, Materializing param=model.layers.39.shared_mlp.input_linear.weight]
Loading weights: 100%|███████████████████████████████████████▉| 465/466 [00:00<00:00, 573.73it/s, Materializing param=model.layers.39.shared_mlp.output_linear.weight]
Loading weights: 100%|███████████████████████████████████████▉| 465/466 [00:00<00:00, 573.73it/s, Materializing param=model.layers.39.shared_mlp.output_linear.weight]
Loading weights: 100%|██████████████████████████████████████████████████████████████████████| 466/466 [00:00<00:00, 573.73it/s, Materializing param=model.norm.weight]
Loading weights: 100%|██████████████████████████████████████████████████████████████████████| 466/466 [00:00<00:00, 573.73it/s, Materializing param=model.norm.weight]
Loading weights: 100%|██████████████████████████████████████████████████████████████████████| 466/466 [00:00<00:00, 583.58it/s, Materializing param=model.norm.weight]
01:02:10 INFO: HTTP Request: HEAD https://huggingface.co/ibm-granite/granite-4.0-h-micro/resolve/main/generation_config.json "HTTP/1.1 307 Temporary Redirect"
01:02:10 INFO: HTTP Request: HEAD https://huggingface.co/api/resolve-cache/models/ibm-granite/granite-4.0-h-micro/d5f01a3ea75f088947be3aae039f4ad52837dfde/generation_config.json "HTTP/1.1 200 OK"
01:02:10 INFO: HTTP Request: HEAD https://huggingface.co/ibm-granite/granite-4.0-h-micro/resolve/main/custom_generate/generate.py "HTTP/1.1 404 Not Found"
01:02:10 INFO: HTTP Request: HEAD https://huggingface.co/ibm-granite/granite-4.0-h-micro/resolve/main/config.json "HTTP/1.1 307 Temporary Redirect"
01:02:10 INFO: HTTP Request: HEAD https://huggingface.co/api/resolve-cache/models/ibm-granite/granite-4.0-h-micro/d5f01a3ea75f088947be3aae039f4ad52837dfde/config.json "HTTP/1.1 200 OK"
01:02:10 INFO: HTTP Request: HEAD https://huggingface.co/ibm-granite/granite-4.0-h-micro/resolve/main/tokenizer_config.json "HTTP/1.1 307 Temporary Redirect"
01:02:10 INFO: HTTP Request: HEAD https://huggingface.co/api/resolve-cache/models/ibm-granite/granite-4.0-h-micro/d5f01a3ea75f088947be3aae039f4ad52837dfde/tokenizer_config.json "HTTP/1.1 200 OK"
01:02:10 INFO: HTTP Request: GET https://huggingface.co/api/models/ibm-granite/granite-4.0-h-micro/tree/main/additional_chat_templates?recursive=false&expand=false "HTTP/1.1 404 Not Found"
01:02:10 INFO: HTTP Request: GET https://huggingface.co/api/models/ibm-granite/granite-4.0-h-micro/tree/main?recursive=true&expand=false "HTTP/1.1 200 OK"
01:02:11 INFO: HTTP Request: GET https://huggingface.co/api/models/ibm-granite/granite-4.0-h-micro "HTTP/1.1 200 OK"
trainable params: 28,823,552 || all params: 3,220,219,648 || trainable%: 0.8951
warmup_ratio is deprecated and will be removed in v5.2. Use `warmup_steps` instead.
01:02:12 WARNING: Padding-free training is enabled, but the attention implementation is not set to a supported flash attention variant. Padding-free training flattens batches into a single sequence, and only the following implementations are known to reliably support this: flash_attention_2, flash_attention_3, kernels-community/flash-attn2, kernels-community/flash-attn3, kernels-community/vllm-flash-attn3. Using other implementations may lead to unexpected behavior. To ensure compatibility, set `attn_implementation` in the model configuration to one of these supported options or verify that your attention mechanism can handle flattened sequences.
01:02:12 WARNING: You are using packing, but the attention implementation is not set to a supported flash attention variant. Packing gathers multiple samples into a single sequence, and only the following implementations are known to reliably support this: flash_attention_2, flash_attention_3, kernels-community/flash-attn2, kernels-community/flash-attn3, kernels-community/vllm-flash-attn3. Using other implementations may lead to cross-contamination between samples. To avoid this, either disable packing by setting `packing=False`, or set `attn_implementation` in the model configuration to one of these supported options.

Adding EOS to train dataset:   0%|                                                                                                   | 0/13699 [00:00<?, ? examples/s]
Adding EOS to train dataset:  48%|█████████████████████████████████████████                                            | 6619/13699 [00:00<00:00, 66038.28 examples/s]
Adding EOS to train dataset:  97%|█████████████████████████████████████████████████████████████████████████████████▍  | 13287/13699 [00:00<00:00, 66410.23 examples/s]
Adding EOS to train dataset: 100%|████████████████████████████████████████████████████████████████████████████████████| 13699/13699 [00:00<00:00, 66135.24 examples/s]

Tokenizing train dataset:   0%|                                                                                                      | 0/13699 [00:00<?, ? examples/s]
Tokenizing train dataset:   3%|██▋                                                                                       | 409/13699 [00:00<00:03, 4061.70 examples/s]
Tokenizing train dataset:   6%|█████▌                                                                                    | 841/13699 [00:00<00:03, 4204.61 examples/s]
Tokenizing train dataset:  10%|█████████▏                                                                               | 1418/13699 [00:00<00:03, 3973.89 examples/s]
Tokenizing train dataset:  14%|████████████                                                                             | 1858/13699 [00:00<00:02, 4117.34 examples/s]
Tokenizing train dataset:  18%|███████████████▋                                                                         | 2423/13699 [00:00<00:02, 3961.96 examples/s]
Tokenizing train dataset:  21%|██████████████████▌                                                                      | 2856/13699 [00:00<00:02, 4060.61 examples/s]
Tokenizing train dataset:  25%|██████████████████████▎                                                                  | 3435/13699 [00:00<00:02, 3981.55 examples/s]
Tokenizing train dataset:  28%|█████████████████████████                                                                | 3862/13699 [00:00<00:02, 4057.69 examples/s]
Tokenizing train dataset:  32%|████████████████████████████▊                                                            | 4431/13699 [00:01<00:02, 3954.89 examples/s]
Tokenizing train dataset:  35%|███████████████████████████████▌                                                         | 4862/13699 [00:01<00:02, 4042.98 examples/s]
Tokenizing train dataset:  40%|███████████████████████████████████▎                                                     | 5435/13699 [00:01<00:02, 3958.64 examples/s]
Tokenizing train dataset:  43%|██████████████████████████████████████▏                                                  | 5874/13699 [00:01<00:01, 4065.64 examples/s]
Tokenizing train dataset:  47%|█████████████████████████████████████████▉                                               | 6451/13699 [00:01<00:01, 3985.87 examples/s]
Tokenizing train dataset:  50%|████████████████████████████████████████████▌                                            | 6861/13699 [00:01<00:01, 4013.58 examples/s]
Tokenizing train dataset:  54%|████████████████████████████████████████████████▏                                        | 7417/13699 [00:01<00:01, 3900.09 examples/s]
Tokenizing train dataset:  57%|███████████████████████████████████████████████████                                      | 7856/13699 [00:01<00:01, 4016.75 examples/s]
Tokenizing train dataset:  61%|██████████████████████████████████████████████████████▋                                  | 8412/13699 [00:02<00:01, 3872.53 examples/s]
Tokenizing train dataset:  65%|█████████████████████████████████████████████████████████▌                               | 8851/13699 [00:02<00:01, 3996.73 examples/s]
Tokenizing train dataset:  69%|█████████████████████████████████████████████████████████████▎                           | 9435/13699 [00:02<00:01, 3956.04 examples/s]
Tokenizing train dataset:  72%|████████████████████████████████████████████████████████████████▏                        | 9874/13699 [00:02<00:00, 4061.56 examples/s]
Tokenizing train dataset:  76%|██████████████████████████████████████████████████████████████████▉                     | 10424/13699 [00:02<00:00, 3923.13 examples/s]
Tokenizing train dataset:  79%|█████████████████████████████████████████████████████████████████████▊                  | 10865/13699 [00:02<00:00, 4041.79 examples/s]
Tokenizing train dataset:  83%|█████████████████████████████████████████████████████████████████████████▎              | 11418/13699 [00:02<00:00, 3916.31 examples/s]
Tokenizing train dataset:  87%|████████████████████████████████████████████████████████████████████████████▏           | 11856/13699 [00:02<00:00, 4028.78 examples/s]
Tokenizing train dataset:  91%|███████████████████████████████████████████████████████████████████████████████▋        | 12405/13699 [00:03<00:00, 3896.60 examples/s]
Tokenizing train dataset:  94%|██████████████████████████████████████████████████████████████████████████████████▍     | 12837/13699 [00:03<00:00, 3998.65 examples/s]
Tokenizing train dataset:  98%|██████████████████████████████████████████████████████████████████████████████████████  | 13406/13699 [00:03<00:00, 3895.16 examples/s]
Tokenizing train dataset: 100%|████████████████████████████████████████████████████████████████████████████████████████| 13699/13699 [00:03<00:00, 3972.39 examples/s]

Packing train dataset:   0%|                                                                                                         | 0/13699 [00:00<?, ? examples/s]
Packing train dataset: 100%|█████████████████████████████████████████████████████████████████████████████████████████| 13699/13699 [00:00<00:00, 140948.44 examples/s]

Adding EOS to eval dataset:   0%|                                                                                                     | 0/1523 [00:00<?, ? examples/s]
Adding EOS to eval dataset: 100%|███████████████████████████████████████████████████████████████████████████████████████| 1523/1523 [00:00<00:00, 64435.33 examples/s]

Tokenizing eval dataset:   0%|                                                                                                        | 0/1523 [00:00<?, ? examples/s]
Tokenizing eval dataset:  26%|████████████████████████▎                                                                   | 403/1523 [00:00<00:00, 3994.92 examples/s]
Tokenizing eval dataset:  55%|██████████████████████████████████████████████████▎                                         | 833/1523 [00:00<00:00, 4167.63 examples/s]
Tokenizing eval dataset:  94%|█████████████████████████████████████████████████████████████████████████████████████▎     | 1427/1523 [00:00<00:00, 3934.40 examples/s]
Tokenizing eval dataset: 100%|███████████████████████████████████████████████████████████████████████████████████████████| 1523/1523 [00:00<00:00, 3897.88 examples/s]

Packing eval dataset:   0%|                                                                                                           | 0/1523 [00:00<?, ? examples/s]
Packing eval dataset: 100%|████████████████████████████████████████████████████████████████████████████████████████████| 1523/1523 [00:00<00:00, 130371.14 examples/s]
01:02:17 INFO: Starting training for task 'mapping'...

  0%|                                                                                                                                         | 0/273 [00:00<?, ?it/s]
  0%|▍                                                                                                                                | 1/273 [00:06<28:21,  6.25s/it]
  1%|▉                                                                                                                                | 2/273 [00:12<28:31,  6.31s/it]
  1%|█▍                                                                                                                               | 3/273 [00:18<28:13,  6.27s/it]
  1%|█▉                                                                                                                               | 4/273 [00:25<28:03,  6.26s/it]
  2%|██▎                                                                                                                              | 5/273 [00:31<27:53,  6.24s/it]
  2%|██▊                                                                                                                              | 6/273 [00:37<27:34,  6.20s/it]
  3%|███▎                                                                                                                             | 7/273 [00:43<27:31,  6.21s/it]
  3%|███▊                                                                                                                             | 8/273 [00:49<27:27,  6.22s/it]
  3%|████▎                                                                                                                            | 9/273 [00:56<27:22,  6.22s/it]
  4%|████▋                                                                                                                           | 10/273 [01:02<27:19,  6.24s/it]
                                                                                                                                                                      
{'loss': '1.917', 'grad_norm': '1.258', 'learning_rate': '0.0001059', 'entropy': '0.6916', 'num_tokens': '4.049e+05', 'mean_token_accuracy': '0.7528', 'epoch': '0.1099'}

  4%|████▋                                                                                                                           | 10/273 [01:02<27:19,  6.24s/it]
  4%|█████▏                                                                                                                          | 11/273 [01:08<27:14,  6.24s/it]
  4%|█████▋                                                                                                                          | 12/273 [01:14<27:06,  6.23s/it]
  5%|██████                                                                                                                          | 13/273 [01:21<27:12,  6.28s/it]
  5%|██████▌                                                                                                                         | 14/273 [01:27<27:15,  6.31s/it]
  5%|███████                                                                                                                         | 15/273 [01:33<26:57,  6.27s/it]
  6%|███████▌                                                                                                                        | 16/273 [01:39<26:47,  6.26s/it]
  6%|███████▉                                                                                                                        | 17/273 [01:46<26:41,  6.25s/it]
  7%|████████▍                                                                                                                       | 18/273 [01:52<26:32,  6.24s/it]
  7%|████████▉                                                                                                                       | 19/273 [01:58<26:26,  6.25s/it]
  7%|█████████▍                                                                                                                      | 20/273 [02:04<26:00,  6.17s/it]
                                                                                                                                                                      
{'loss': '0.7453', 'grad_norm': '0.3742', 'learning_rate': '0.0002', 'entropy': '0.5625', 'num_tokens': '8.092e+05', 'mean_token_accuracy': '0.8599', 'epoch': '0.2198'}

  7%|█████████▍                                                                                                                      | 20/273 [02:04<26:00,  6.17s/it]
  8%|█████████▊                                                                                                                      | 21/273 [02:10<26:00,  6.19s/it]
  8%|██████████▎                                                                                                                     | 22/273 [02:17<25:56,  6.20s/it]
  8%|██████████▊                                                                                                                     | 23/273 [02:23<25:42,  6.17s/it]
  9%|███████████▎                                                                                                                    | 24/273 [02:29<25:44,  6.20s/it]
  9%|███████████▋                                                                                                                    | 25/273 [02:35<25:18,  6.12s/it]
 10%|████████████▏                                                                                                                   | 26/273 [02:41<25:18,  6.15s/it]
 10%|████████████▋                                                                                                                   | 27/273 [02:47<25:21,  6.19s/it]
 10%|█████████████▏                                                                                                                  | 28/273 [02:54<25:19,  6.20s/it]
 11%|█████████████▌                                                                                                                  | 29/273 [03:00<25:16,  6.21s/it]
 11%|██████████████                                                                                                                  | 30/273 [03:06<25:12,  6.22s/it]
                                                                                                                                                                      
{'loss': '0.5727', 'grad_norm': '0.1458', 'learning_rate': '0.0001989', 'entropy': '0.6183', 'num_tokens': '1.212e+06', 'mean_token_accuracy': '0.88', 'epoch': '0.3297'}

 11%|██████████████                                                                                                                  | 30/273 [03:06<25:12,  6.22s/it]
 11%|██████████████▌                                                                                                                 | 31/273 [03:12<25:05,  6.22s/it]
 12%|███████████████                                                                                                                 | 32/273 [03:19<25:01,  6.23s/it]
 12%|███████████████▍                                                                                                                | 33/273 [03:25<24:55,  6.23s/it]
 12%|███████████████▉                                                                                                                | 34/273 [03:31<24:50,  6.24s/it]
 13%|████████████████▍                                                                                                               | 35/273 [03:37<24:35,  6.20s/it]
 13%|████████████████▉                                                                                                               | 36/273 [03:44<24:34,  6.22s/it]
 14%|█████████████████▎                                                                                                              | 37/273 [03:50<24:27,  6.22s/it]
 14%|█████████████████▊                                                                                                              | 38/273 [03:56<24:22,  6.22s/it]
 14%|██████████████████▎                                                                                                             | 39/273 [04:02<24:17,  6.23s/it]
 15%|██████████████████▊                                                                                                             | 40/273 [04:08<24:11,  6.23s/it]
                                                                                                                                                                      
{'loss': '0.523', 'grad_norm': '0.1093', 'learning_rate': '0.0001964', 'entropy': '0.5493', 'num_tokens': '1.617e+06', 'mean_token_accuracy': '0.8847', 'epoch': '0.4396'}

 15%|██████████████████▊                                                                                                             | 40/273 [04:08<24:11,  6.23s/it]
 15%|███████████████████▏                                                                                                            | 41/273 [04:15<24:06,  6.23s/it]
 15%|███████████████████▋                                                                                                            | 42/273 [04:21<23:58,  6.23s/it]
 16%|████████████████████▏                                                                                                           | 43/273 [04:27<23:53,  6.23s/it]
 16%|████████████████████▋                                                                                                           | 44/273 [04:33<23:46,  6.23s/it]
 16%|█████████████████████                                                                                                           | 45/273 [04:40<23:39,  6.23s/it]
 17%|█████████████████████▌                                                                                                          | 46/273 [04:46<23:37,  6.24s/it]
 17%|██████████████████████                                                                                                          | 47/273 [04:52<23:27,  6.23s/it]
 18%|██████████████████████▌                                                                                                         | 48/273 [04:58<23:22,  6.23s/it]
 18%|██████████████████████▉                                                                                                         | 49/273 [05:05<23:15,  6.23s/it]
 18%|███████████████████████▍                                                                                                        | 50/273 [05:11<23:09,  6.23s/it]
                                                                                                                                                                      
{'loss': '0.4852', 'grad_norm': '0.1107', 'learning_rate': '0.0001924', 'entropy': '0.5383', 'num_tokens': '2.023e+06', 'mean_token_accuracy': '0.8925', 'epoch': '0.5495'}

 18%|███████████████████████▍                                                                                                        | 50/273 [05:11<23:09,  6.23s/it]

  0%|                                                                                                                                          | 0/11 [00:00<?, ?it/s][A

 18%|███████████████████████▋                                                                                                          | 2/11 [00:02<00:09,  1.06s/it][A

 27%|███████████████████████████████████▍                                                                                              | 3/11 [00:04<00:12,  1.55s/it][A

 36%|███████████████████████████████████████████████▎                                                                                  | 4/11 [00:06<00:12,  1.76s/it][A

 45%|███████████████████████████████████████████████████████████                                                                       | 5/11 [00:08<00:11,  1.89s/it][A

 55%|██████████████████████████████████████████████████████████████████████▉                                                           | 6/11 [00:10<00:09,  1.97s/it][A

 64%|██████████████████████████████████████████████████████████████████████████████████▋                                               | 7/11 [00:12<00:08,  2.01s/it][A

 73%|██████████████████████████████████████████████████████████████████████████████████████████████▌                                   | 8/11 [00:14<00:06,  2.05s/it][A

 82%|██████████████████████████████████████████████████████████████████████████████████████████████████████████▎                       | 9/11 [00:17<00:04,  2.07s/it][A

 91%|█████████████████████████████████████████████████████████████████████████████████████████████████████████████████████▎           | 10/11 [00:19<00:02,  2.08s/it][A

100%|█████████████████████████████████████████████████████████████████████████████████████████████████████████████████████████████████| 11/11 [00:19<00:00,  1.57s/it][A
                                                                                                                                                                      

                                                                                                                                                                      
[A{'eval_loss': '0.4207', 'eval_runtime': '21.73', 'eval_samples_per_second': '15.09', 'eval_steps_per_second': '0.506', 'eval_entropy': '0.4732', 'eval_num_tokens': '2.023e+06', 'eval_mean_token_accuracy': '0.9088', 'epoch': '0.5495'}

 18%|███████████████████████▍                                                                                                        | 50/273 [05:33<23:09,  6.23s/it]

100%|█████████████████████████████████████████████████████████████████████████████████████████████████████████████████████████████████| 11/11 [00:19<00:00,  1.57s/it][A

                                                                                                                                                                      [A
 19%|███████████████████████▉                                                                                                        | 51/273 [05:39<47:11, 12.76s/it]
 19%|████████████████████████▍                                                                                                       | 52/273 [05:45<39:47, 10.80s/it]
 19%|████████████████████████▊                                                                                                       | 53/273 [05:51<34:36,  9.44s/it]
 20%|█████████████████████████▎                                                                                                      | 54/273 [05:57<30:54,  8.47s/it]
 20%|█████████████████████████▊                                                                                                      | 55/273 [06:04<28:21,  7.80s/it]
 21%|██████████████████████████▎                                                                                                     | 56/273 [06:10<26:31,  7.33s/it]
 21%|██████████████████████████▋                                                                                                     | 57/273 [06:16<24:50,  6.90s/it]
 21%|███████████████████████████▏                                                                                                    | 58/273 [06:22<23:49,  6.65s/it]
 22%|███████████████████████████▋                                                                                                    | 59/273 [06:28<23:07,  6.49s/it]
 22%|████████████████████████████▏                                                                                                   | 60/273 [06:34<22:46,  6.41s/it]
                                                                                                                                                                      
{'loss': '0.4523', 'grad_norm': '0.1347', 'learning_rate': '0.000187', 'entropy': '0.5002', 'num_tokens': '2.425e+06', 'mean_token_accuracy': '0.9029', 'epoch': '0.6593'}

 22%|████████████████████████████▏                                                                                                   | 60/273 [06:34<22:46,  6.41s/it]
 22%|████████████████████████████▌                                                                                                   | 61/273 [06:40<22:29,  6.36s/it]
 23%|█████████████████████████████                                                                                                   | 62/273 [06:47<22:12,  6.32s/it]
 23%|█████████████████████████████▌                                                                                                  | 63/273 [06:53<22:00,  6.29s/it]
 23%|██████████████████████████████                                                                                                  | 64/273 [06:59<21:51,  6.28s/it]
 24%|██████████████████████████████▍                                                                                                 | 65/273 [07:05<21:41,  6.26s/it]
 24%|██████████████████████████████▉                                                                                                 | 66/273 [07:12<21:33,  6.25s/it]
 25%|███████████████████████████████▍                                                                                                | 67/273 [07:18<21:27,  6.25s/it]
 25%|███████████████████████████████▉                                                                                                | 68/273 [07:24<21:22,  6.25s/it]
 25%|████████████████████████████████▎                                                                                               | 69/273 [07:30<21:16,  6.26s/it]
 26%|████████████████████████████████▊                                                                                               | 70/273 [07:37<21:10,  6.26s/it]
                                                                                                                                                                      
{'loss': '0.4158', 'grad_norm': '0.1433', 'learning_rate': '0.0001803', 'entropy': '0.465', 'num_tokens': '2.831e+06', 'mean_token_accuracy': '0.9087', 'epoch': '0.7692'}

 26%|████████████████████████████████▊                                                                                               | 70/273 [07:37<21:10,  6.26s/it]
 26%|█████████████████████████████████▎                                                                                              | 71/273 [07:43<21:01,  6.24s/it]
 26%|█████████████████████████████████▊                                                                                              | 72/273 [07:49<20:55,  6.24s/it]
 27%|██████████████████████████████████▏                                                                                             | 73/273 [07:55<20:45,  6.23s/it]
 27%|██████████████████████████████████▋                                                                                             | 74/273 [08:02<20:40,  6.23s/it]
 27%|███████████████████████████████████▏                                                                                            | 75/273 [08:08<20:34,  6.23s/it]
 28%|███████████████████████████████████▋                                                                                            | 76/273 [08:14<20:28,  6.24s/it]
 28%|████████████████████████████████████                                                                                            | 77/273 [08:20<20:22,  6.24s/it]
 29%|████████████████████████████████████▌                                                                                           | 78/273 [08:27<20:16,  6.24s/it]
 29%|█████████████████████████████████████                                                                                           | 79/273 [08:33<20:08,  6.23s/it]
 29%|█████████████████████████████████████▌                                                                                          | 80/273 [08:39<20:00,  6.22s/it]
                                                                                                                                                                      
{'loss': '0.3909', 'grad_norm': '0.1682', 'learning_rate': '0.0001724', 'entropy': '0.4455', 'num_tokens': '3.236e+06', 'mean_token_accuracy': '0.9118', 'epoch': '0.8791'}

 29%|█████████████████████████████████████▌                                                                                          | 80/273 [08:39<20:00,  6.22s/it]
 30%|█████████████████████████████████████▉                                                                                          | 81/273 [08:45<19:55,  6.23s/it]
 30%|██████████████████████████████████████▍                                                                                         | 82/273 [08:51<19:50,  6.23s/it]
 30%|██████████████████████████████████████▉                                                                                         | 83/273 [08:58<19:43,  6.23s/it]
 31%|███████████████████████████████████████▍                                                                                        | 84/273 [09:04<19:38,  6.23s/it]
 31%|███████████████████████████████████████▊                                                                                        | 85/273 [09:10<19:33,  6.24s/it]
 32%|████████████████████████████████████████▎                                                                                       | 86/273 [09:16<19:28,  6.25s/it]
 32%|████████████████████████████████████████▊                                                                                       | 87/273 [09:23<19:22,  6.25s/it]
 32%|█████████████████████████████████████████▎                                                                                      | 88/273 [09:29<19:13,  6.24s/it]
 33%|█████████████████████████████████████████▋                                                                                      | 89/273 [09:35<19:06,  6.23s/it]
 33%|██████████████████████████████████████████▏                                                                                     | 90/273 [09:41<18:58,  6.22s/it]
                                                                                                                                                                      
{'loss': '0.3673', 'grad_norm': '0.199', 'learning_rate': '0.0001634', 'entropy': '0.4194', 'num_tokens': '3.641e+06', 'mean_token_accuracy': '0.9156', 'epoch': '0.989'}

 33%|██████████████████████████████████████████▏                                                                                     | 90/273 [09:41<18:58,  6.22s/it]
 33%|██████████████████████████████████████████▋                                                                                     | 91/273 [09:46<17:44,  5.85s/it]
 34%|███████████████████████████████████████████▏                                                                                    | 92/273 [09:53<18:01,  5.98s/it]
 34%|███████████████████████████████████████████▌                                                                                    | 93/273 [09:59<18:09,  6.05s/it]
 34%|████████████████████████████████████████████                                                                                    | 94/273 [10:05<18:13,  6.11s/it]
 35%|████████████████████████████████████████████▌                                                                                   | 95/273 [10:11<18:10,  6.13s/it]
 35%|█████████████████████████████████████████████                                                                                   | 96/273 [10:17<18:08,  6.15s/it]
 36%|█████████████████████████████████████████████▍                                                                                  | 97/273 [10:24<18:08,  6.18s/it]
 36%|█████████████████████████████████████████████▉                                                                                  | 98/273 [10:30<18:05,  6.20s/it]
 36%|██████████████████████████████████████████████▍                                                                                 | 99/273 [10:36<18:01,  6.21s/it]
 37%|██████████████████████████████████████████████▌                                                                                | 100/273 [10:42<17:47,  6.17s/it]
                                                                                                                                                                      
{'loss': '0.3295', 'grad_norm': '0.2612', 'learning_rate': '0.0001535', 'entropy': '0.3879', 'num_tokens': '4.038e+06', 'mean_token_accuracy': '0.9231', 'epoch': '1.099'}

 37%|██████████████████████████████████████████████▌                                                                                | 100/273 [10:42<17:47,  6.17s/it]

  0%|                                                                                                                                          | 0/11 [00:00<?, ?it/s][A

 18%|███████████████████████▋                                                                                                          | 2/11 [00:02<00:09,  1.06s/it][A

 27%|███████████████████████████████████▍                                                                                              | 3/11 [00:04<00:12,  1.51s/it][A

 36%|███████████████████████████████████████████████▎                                                                                  | 4/11 [00:06<00:12,  1.74s/it][A

 45%|███████████████████████████████████████████████████████████                                                                       | 5/11 [00:08<00:11,  1.88s/it][A

 55%|██████████████████████████████████████████████████████████████████████▉                                                           | 6/11 [00:10<00:09,  1.95s/it][A

 64%|██████████████████████████████████████████████████████████████████████████████████▋                                               | 7/11 [00:12<00:07,  2.00s/it][A

 73%|██████████████████████████████████████████████████████████████████████████████████████████████▌                                   | 8/11 [00:14<00:06,  2.04s/it][A

 82%|██████████████████████████████████████████████████████████████████████████████████████████████████████████▎                       | 9/11 [00:16<00:04,  2.07s/it][A

 91%|█████████████████████████████████████████████████████████████████████████████████████████████████████████████████████▎           | 10/11 [00:19<00:02,  2.08s/it][A

100%|█████████████████████████████████████████████████████████████████████████████████████████████████████████████████████████████████| 11/11 [00:19<00:00,  1.57s/it][A
                                                                                                                                                                      

                                                                                                                                                                      
[A{'eval_loss': '0.3056', 'eval_runtime': '21.64', 'eval_samples_per_second': '15.15', 'eval_steps_per_second': '0.508', 'eval_entropy': '0.3467', 'eval_num_tokens': '4.038e+06', 'eval_mean_token_accuracy': '0.9271', 'epoch': '1.099'}

 37%|██████████████████████████████████████████████▌                                                                                | 100/273 [11:04<17:47,  6.17s/it]

100%|█████████████████████████████████████████████████████████████████████████████████████████████████████████████████████████████████| 11/11 [00:19<00:00,  1.57s/it][A

                                                                                                                                                                      [A
 37%|██████████████████████████████████████████████▉                                                                                | 101/273 [11:10<36:17, 12.66s/it]
 37%|███████████████████████████████████████████████▍                                                                               | 102/273 [11:16<30:34, 10.73s/it]
 38%|███████████████████████████████████████████████▉                                                                               | 103/273 [11:22<26:33,  9.37s/it]
 38%|████████████████████████████████████████████████▍                                                                              | 104/273 [11:29<23:47,  8.44s/it]
 38%|████████████████████████████████████████████████▊                                                                              | 105/273 [11:35<21:47,  7.78s/it]
 39%|█████████████████████████████████████████████████▎                                                                             | 106/273 [11:41<20:20,  7.31s/it]
 39%|█████████████████████████████████████████████████▊                                                                             | 107/273 [11:47<19:18,  6.98s/it]
 40%|██████████████████████████████████████████████████▏                                                                            | 108/273 [11:54<18:36,  6.77s/it]
 40%|██████████████████████████████████████████████████▋                                                                            | 109/273 [12:00<18:03,  6.61s/it]
 40%|███████████████████████████████████████████████████▏                                                                           | 110/273 [12:06<17:38,  6.49s/it]
                                                                                                                                                                      
{'loss': '0.3116', 'grad_norm': '0.2586', 'learning_rate': '0.0001428', 'entropy': '0.3695', 'num_tokens': '4.443e+06', 'mean_token_accuracy': '0.926', 'epoch': '1.209'}

 40%|███████████████████████████████████████████████████▏                                                                           | 110/273 [12:06<17:38,  6.49s/it]
 41%|███████████████████████████████████████████████████▋                                                                           | 111/273 [12:12<17:20,  6.42s/it]
 41%|████████████████████████████████████████████████████                                                                           | 112/273 [12:19<17:05,  6.37s/it]
 41%|████████████████████████████████████████████████████▌                                                                          | 113/273 [12:25<16:53,  6.33s/it]
 42%|█████████████████████████████████████████████████████                                                                          | 114/273 [12:31<16:42,  6.30s/it]
 42%|█████████████████████████████████████████████████████▍                                                                         | 115/273 [12:37<16:32,  6.28s/it]
 42%|█████████████████████████████████████████████████████▉                                                                         | 116/273 [12:44<16:23,  6.26s/it]
 43%|██████████████████████████████████████████████████████▍                                                                        | 117/273 [12:50<16:15,  6.25s/it]
 43%|██████████████████████████████████████████████████████▉                                                                        | 118/273 [12:56<16:08,  6.25s/it]
 44%|███████████████████████████████████████████████████████▎                                                                       | 119/273 [13:02<16:02,  6.25s/it]
 44%|███████████████████████████████████████████████████████▊                                                                       | 120/273 [13:08<15:55,  6.25s/it]
                                                                                                                                                                      
{'loss': '0.2965', 'grad_norm': '0.2682', 'learning_rate': '0.0001314', 'entropy': '0.355', 'num_tokens': '4.849e+06', 'mean_token_accuracy': '0.9296', 'epoch': '1.319'}

 44%|███████████████████████████████████████████████████████▊                                                                       | 120/273 [13:08<15:55,  6.25s/it]
 44%|████████████████████████████████████████████████████████▎                                                                      | 121/273 [13:15<15:48,  6.24s/it]
 45%|████████████████████████████████████████████████████████▊                                                                      | 122/273 [13:21<15:40,  6.23s/it]
 45%|█████████████████████████████████████████████████████████▏                                                                     | 123/273 [13:27<15:36,  6.25s/it]
 45%|█████████████████████████████████████████████████████████▋                                                                     | 124/273 [13:33<15:29,  6.24s/it]
 46%|██████████████████████████████████████████████████████████▏                                                                    | 125/273 [13:39<15:15,  6.18s/it]
 46%|██████████████████████████████████████████████████████████▌                                                                    | 126/273 [13:46<15:09,  6.19s/it]
 47%|███████████████████████████████████████████████████████████                                                                    | 127/273 [13:52<15:04,  6.19s/it]
 47%|███████████████████████████████████████████████████████████▌                                                                   | 128/273 [13:58<14:53,  6.16s/it]
 47%|████████████████████████████████████████████████████████████                                                                   | 129/273 [14:04<14:50,  6.19s/it]
 48%|████████████████████████████████████████████████████████████▍                                                                  | 130/273 [14:10<14:46,  6.20s/it]
                                                                                                                                                                      
{'loss': '0.2769', 'grad_norm': '0.331', 'learning_rate': '0.0001195', 'entropy': '0.334', 'num_tokens': '5.252e+06', 'mean_token_accuracy': '0.9342', 'epoch': '1.429'}

 48%|████████████████████████████████████████████████████████████▍                                                                  | 130/273 [14:10<14:46,  6.20s/it]
 48%|████████████████████████████████████████████████████████████▉                                                                  | 131/273 [14:17<14:40,  6.20s/it]
 48%|█████████████████████████████████████████████████████████████▍                                                                 | 132/273 [14:23<14:36,  6.22s/it]
 49%|█████████████████████████████████████████████████████████████▊                                                                 | 133/273 [14:29<14:26,  6.19s/it]
 49%|██████████████████████████████████████████████████████████████▎                                                                | 134/273 [14:35<14:22,  6.21s/it]
 49%|██████████████████████████████████████████████████████████████▊                                                                | 135/273 [14:41<14:16,  6.21s/it]
 50%|███████████████████████████████████████████████████████████████▎                                                               | 136/273 [14:48<14:11,  6.21s/it]
 50%|███████████████████████████████████████████████████████████████▋                                                               | 137/273 [14:54<14:03,  6.20s/it]
 51%|████████████████████████████████████████████████████████████████▏                                                              | 138/273 [15:00<13:53,  6.17s/it]
 51%|████████████████████████████████████████████████████████████████▋                                                              | 139/273 [15:06<13:47,  6.18s/it]
 51%|█████████████████████████████████████████████████████████████████▏                                                             | 140/273 [15:12<13:38,  6.15s/it]
                                                                                                                                                                      
{'loss': '0.2681', 'grad_norm': '0.2996', 'learning_rate': '0.0001074', 'entropy': '0.3326', 'num_tokens': '5.654e+06', 'mean_token_accuracy': '0.9361', 'epoch': '1.538'}

 51%|█████████████████████████████████████████████████████████████████▏                                                             | 140/273 [15:12<13:38,  6.15s/it]
 52%|█████████████████████████████████████████████████████████████████▌                                                             | 141/273 [15:19<13:36,  6.18s/it]
 52%|██████████████████████████████████████████████████████████████████                                                             | 142/273 [15:25<13:32,  6.20s/it]
 52%|██████████████████████████████████████████████████████████████████▌                                                            | 143/273 [15:31<13:27,  6.21s/it]
 53%|██████████████████████████████████████████████████████████████████▉                                                            | 144/273 [15:37<13:22,  6.22s/it]
 53%|███████████████████████████████████████████████████████████████████▍                                                           | 145/273 [15:43<13:16,  6.22s/it]
 53%|███████████████████████████████████████████████████████████████████▉                                                           | 146/273 [15:50<13:10,  6.23s/it]
 54%|████████████████████████████████████████████████████████████████████▍                                                          | 147/273 [15:56<13:05,  6.23s/it]
 54%|████████████████████████████████████████████████████████████████████▊                                                          | 148/273 [16:02<12:59,  6.24s/it]
 55%|█████████████████████████████████████████████████████████████████████▎                                                         | 149/273 [16:08<12:53,  6.24s/it]
 55%|█████████████████████████████████████████████████████████████████████▊                                                         | 150/273 [16:15<12:46,  6.23s/it]
                                                                                                                                                                      
{'loss': '0.2566', 'grad_norm': '0.3192', 'learning_rate': '9.509e-05', 'entropy': '0.32', 'num_tokens': '6.06e+06', 'mean_token_accuracy': '0.9391', 'epoch': '1.648'}

 55%|█████████████████████████████████████████████████████████████████████▊                                                         | 150/273 [16:15<12:46,  6.23s/it]

  0%|                                                                                                                                          | 0/11 [00:00<?, ?it/s][A

 18%|███████████████████████▋                                                                                                          | 2/11 [00:02<00:09,  1.06s/it][A

 27%|███████████████████████████████████▍                                                                                              | 3/11 [00:04<00:12,  1.51s/it][A

 36%|███████████████████████████████████████████████▎                                                                                  | 4/11 [00:06<00:12,  1.74s/it][A

 45%|███████████████████████████████████████████████████████████                                                                       | 5/11 [00:08<00:11,  1.88s/it][A

 55%|██████████████████████████████████████████████████████████████████████▉                                                           | 6/11 [00:10<00:09,  1.95s/it][A

 64%|██████████████████████████████████████████████████████████████████████████████████▋                                               | 7/11 [00:12<00:07,  2.00s/it][A

 73%|██████████████████████████████████████████████████████████████████████████████████████████████▌                                   | 8/11 [00:14<00:06,  2.04s/it][A

 82%|██████████████████████████████████████████████████████████████████████████████████████████████████████████▎                       | 9/11 [00:16<00:04,  2.07s/it][A

 91%|█████████████████████████████████████████████████████████████████████████████████████████████████████████████████████▎           | 10/11 [00:19<00:02,  2.08s/it][A

100%|█████████████████████████████████████████████████████████████████████████████████████████████████████████████████████████████████| 11/11 [00:19<00:00,  1.57s/it][A
                                                                                                                                                                      

                                                                                                                                                                      
[A{'eval_loss': '0.2377', 'eval_runtime': '21.66', 'eval_samples_per_second': '15.15', 'eval_steps_per_second': '0.508', 'eval_entropy': '0.3132', 'eval_num_tokens': '6.06e+06', 'eval_mean_token_accuracy': '0.9416', 'epoch': '1.648'}

 55%|█████████████████████████████████████████████████████████████████████▊                                                         | 150/273 [16:36<12:46,  6.23s/it]

100%|█████████████████████████████████████████████████████████████████████████████████████████████████████████████████████████████████| 11/11 [00:19<00:00,  1.57s/it][A

                                                                                                                                                                      [A
 55%|██████████████████████████████████████████████████████████████████████▏                                                        | 151/273 [16:43<25:52, 12.73s/it]
 56%|██████████████████████████████████████████████████████████████████████▋                                                        | 152/273 [16:49<21:45, 10.79s/it]
 56%|███████████████████████████████████████████████████████████████████████▏                                                       | 153/273 [16:55<18:50,  9.42s/it]
 56%|███████████████████████████████████████████████████████████████████████▋                                                       | 154/273 [17:01<16:46,  8.46s/it]
 57%|████████████████████████████████████████████████████████████████████████                                                       | 155/273 [17:07<15:19,  7.80s/it]
 57%|████████████████████████████████████████████████████████████████████████▌                                                      | 156/273 [17:14<14:16,  7.32s/it]
 58%|█████████████████████████████████████████████████████████████████████████                                                      | 157/273 [17:20<13:30,  6.99s/it]
 58%|█████████████████████████████████████████████████████████████████████████▌                                                     | 158/273 [17:26<12:58,  6.77s/it]
 58%|█████████████████████████████████████████████████████████████████████████▉                                                     | 159/273 [17:32<12:33,  6.61s/it]
 59%|██████████████████████████████████████████████████████████████████████████▍                                                    | 160/273 [17:39<12:14,  6.50s/it]
                                                                                                                                                                      
{'loss': '0.2518', 'grad_norm': '0.2947', 'learning_rate': '8.29e-05', 'entropy': '0.319', 'num_tokens': '6.465e+06', 'mean_token_accuracy': '0.9399', 'epoch': '1.758'}

 59%|██████████████████████████████████████████████████████████████████████████▍                                                    | 160/273 [17:39<12:14,  6.50s/it]
 59%|██████████████████████████████████████████████████████████████████████████▉                                                    | 161/273 [17:45<11:59,  6.42s/it]
 59%|███████████████████████████████████████████████████████████████████████████▎                                                   | 162/273 [17:51<11:46,  6.36s/it]
 60%|███████████████████████████████████████████████████████████████████████████▊                                                   | 163/273 [17:57<11:36,  6.33s/it]
 60%|████████████████████████████████████████████████████████████████████████████▎                                                  | 164/273 [18:04<11:26,  6.30s/it]
 60%|████████████████████████████████████████████████████████████████████████████▊                                                  | 165/273 [18:10<11:15,  6.25s/it]
 61%|█████████████████████████████████████████████████████████████████████████████▏                                                 | 166/273 [18:16<11:08,  6.25s/it]
 61%|█████████████████████████████████████████████████████████████████████████████▋                                                 | 167/273 [18:22<11:02,  6.25s/it]
 62%|██████████████████████████████████████████████████████████████████████████████▏                                                | 168/273 [18:28<10:54,  6.24s/it]
 62%|██████████████████████████████████████████████████████████████████████████████▌                                                | 169/273 [18:35<10:48,  6.23s/it]
 62%|███████████████████████████████████████████████████████████████████████████████                                                | 170/273 [18:41<10:42,  6.24s/it]
                                                                                                                                                                      
{'loss': '0.2355', 'grad_norm': '0.2795', 'learning_rate': '7.097e-05', 'entropy': '0.298', 'num_tokens': '6.87e+06', 'mean_token_accuracy': '0.9439', 'epoch': '1.868'}

 62%|███████████████████████████████████████████████████████████████████████████████                                                | 170/273 [18:41<10:42,  6.24s/it]
 63%|███████████████████████████████████████████████████████████████████████████████▌                                               | 171/273 [18:47<10:32,  6.21s/it]
 63%|████████████████████████████████████████████████████████████████████████████████                                               | 172/273 [18:53<10:27,  6.21s/it]
 63%|████████████████████████████████████████████████████████████████████████████████▍                                              | 173/273 [19:00<10:23,  6.23s/it]
 64%|████████████████████████████████████████████████████████████████████████████████▉                                              | 174/273 [19:06<10:18,  6.24s/it]
 64%|█████████████████████████████████████████████████████████████████████████████████▍                                             | 175/273 [19:12<10:11,  6.24s/it]
 64%|█████████████████████████████████████████████████████████████████████████████████▉                                             | 176/273 [19:18<10:04,  6.23s/it]
 65%|██████████████████████████████████████████████████████████████████████████████████▎                                            | 177/273 [19:25<09:58,  6.24s/it]
 65%|██████████████████████████████████████████████████████████████████████████████████▊                                            | 178/273 [19:31<09:52,  6.24s/it]
 66%|███████████████████████████████████████████████████████████████████████████████████▎                                           | 179/273 [19:37<09:47,  6.25s/it]
 66%|███████████████████████████████████████████████████████████████████████████████████▋                                           | 180/273 [19:43<09:40,  6.25s/it]
                                                                                                                                                                      
{'loss': '0.2279', 'grad_norm': '0.3127', 'learning_rate': '5.948e-05', 'entropy': '0.2895', 'num_tokens': '7.275e+06', 'mean_token_accuracy': '0.9462', 'epoch': '1.978'}

 66%|███████████████████████████████████████████████████████████████████████████████████▋                                           | 180/273 [19:43<09:40,  6.25s/it]
 66%|████████████████████████████████████████████████████████████████████████████████████▏                                          | 181/273 [19:49<09:34,  6.24s/it]
 67%|████████████████████████████████████████████████████████████████████████████████████▋                                          | 182/273 [19:54<08:54,  5.87s/it]
 67%|█████████████████████████████████████████████████████████████████████████████████████▏                                         | 183/273 [20:01<08:58,  5.98s/it]
 67%|█████████████████████████████████████████████████████████████████████████████████████▌                                         | 184/273 [20:07<08:59,  6.06s/it]
 68%|██████████████████████████████████████████████████████████████████████████████████████                                         | 185/273 [20:13<08:58,  6.12s/it]
 68%|██████████████████████████████████████████████████████████████████████████████████████▌                                        | 186/273 [20:20<08:56,  6.16s/it]
 68%|██████████████████████████████████████████████████████████████████████████████████████▉                                        | 187/273 [20:26<08:52,  6.19s/it]
 69%|███████████████████████████████████████████████████████████████████████████████████████▍                                       | 188/273 [20:32<08:47,  6.20s/it]
 69%|███████████████████████████████████████████████████████████████████████████████████████▉                                       | 189/273 [20:38<08:41,  6.21s/it]
 70%|████████████████████████████████████████████████████████████████████████████████████████▍                                      | 190/273 [20:44<08:35,  6.21s/it]
                                                                                                                                                                      
{'loss': '0.214', 'grad_norm': '0.2787', 'learning_rate': '4.859e-05', 'entropy': '0.278', 'num_tokens': '7.673e+06', 'mean_token_accuracy': '0.9493', 'epoch': '2.088'}

 70%|████████████████████████████████████████████████████████████████████████████████████████▍                                      | 190/273 [20:44<08:35,  6.21s/it]
 70%|████████████████████████████████████████████████████████████████████████████████████████▊                                      | 191/273 [20:51<08:30,  6.22s/it]
 70%|█████████████████████████████████████████████████████████████████████████████████████████▎                                     | 192/273 [20:57<08:24,  6.23s/it]
 71%|█████████████████████████████████████████████████████████████████████████████████████████▊                                     | 193/273 [21:03<08:18,  6.23s/it]
 71%|██████████████████████████████████████████████████████████████████████████████████████████▏                                    | 194/273 [21:09<08:13,  6.24s/it]
 71%|██████████████████████████████████████████████████████████████████████████████████████████▋                                    | 195/273 [21:16<08:04,  6.21s/it]
 72%|███████████████████████████████████████████████████████████████████████████████████████████▏                                   | 196/273 [21:22<07:58,  6.22s/it]
 72%|███████████████████████████████████████████████████████████████████████████████████████████▋                                   | 197/273 [21:28<07:53,  6.23s/it]
 73%|████████████████████████████████████████████████████████████████████████████████████████████                                   | 198/273 [21:34<07:46,  6.23s/it]
 73%|████████████████████████████████████████████████████████████████████████████████████████████▌                                  | 199/273 [21:41<07:41,  6.23s/it]
 73%|█████████████████████████████████████████████████████████████████████████████████████████████                                  | 200/273 [21:47<07:35,  6.24s/it]
                                                                                                                                                                      
{'loss': '0.2042', 'grad_norm': '0.2563', 'learning_rate': '3.848e-05', 'entropy': '0.2663', 'num_tokens': '8.079e+06', 'mean_token_accuracy': '0.9513', 'epoch': '2.198'}

 73%|█████████████████████████████████████████████████████████████████████████████████████████████                                  | 200/273 [21:47<07:35,  6.24s/it]

  0%|                                                                                                                                          | 0/11 [00:00<?, ?it/s][A

 18%|███████████████████████▋                                                                                                          | 2/11 [00:02<00:09,  1.06s/it][A

 27%|███████████████████████████████████▍                                                                                              | 3/11 [00:04<00:12,  1.51s/it][A

 36%|███████████████████████████████████████████████▎                                                                                  | 4/11 [00:06<00:12,  1.74s/it][A

 45%|███████████████████████████████████████████████████████████                                                                       | 5/11 [00:08<00:11,  1.88s/it][A

 55%|██████████████████████████████████████████████████████████████████████▉                                                           | 6/11 [00:10<00:09,  1.96s/it][A

 64%|██████████████████████████████████████████████████████████████████████████████████▋                                               | 7/11 [00:12<00:08,  2.00s/it][A

 73%|██████████████████████████████████████████████████████████████████████████████████████████████▌                                   | 8/11 [00:14<00:06,  2.04s/it][A

 82%|██████████████████████████████████████████████████████████████████████████████████████████████████████████▎                       | 9/11 [00:16<00:04,  2.07s/it][A

 91%|█████████████████████████████████████████████████████████████████████████████████████████████████████████████████████▎           | 10/11 [00:19<00:02,  2.08s/it][A

100%|█████████████████████████████████████████████████████████████████████████████████████████████████████████████████████████████████| 11/11 [00:19<00:00,  1.57s/it][A
                                                                                                                                                                      

                                                                                                                                                                      
[A{'eval_loss': '0.2119', 'eval_runtime': '21.66', 'eval_samples_per_second': '15.14', 'eval_steps_per_second': '0.508', 'eval_entropy': '0.2735', 'eval_num_tokens': '8.079e+06', 'eval_mean_token_accuracy': '0.9481', 'epoch': '2.198'}

 73%|█████████████████████████████████████████████████████████████████████████████████████████████                                  | 200/273 [22:08<07:35,  6.24s/it]

100%|█████████████████████████████████████████████████████████████████████████████████████████████████████████████████████████████████| 11/11 [00:19<00:00,  1.57s/it][A

                                                                                                                                                                      [A01:24:26 INFO: HTTP Request: HEAD https://huggingface.co/ibm-granite/granite-4.0-h-micro/resolve/main/config.json "HTTP/1.1 307 Temporary Redirect"
01:24:26 INFO: HTTP Request: HEAD https://huggingface.co/api/resolve-cache/models/ibm-granite/granite-4.0-h-micro/d5f01a3ea75f088947be3aae039f4ad52837dfde/config.json "HTTP/1.1 200 OK"
01:24:27 INFO: HTTP Request: HEAD https://huggingface.co/ibm-granite/granite-4.0-h-micro/resolve/main/config.json "HTTP/1.1 307 Temporary Redirect"
01:24:27 INFO: HTTP Request: HEAD https://huggingface.co/api/resolve-cache/models/ibm-granite/granite-4.0-h-micro/d5f01a3ea75f088947be3aae039f4ad52837dfde/config.json "HTTP/1.1 200 OK"

 74%|█████████████████████████████████████████████████████████████████████████████████████████████▌                                 | 201/273 [22:15<15:27, 12.88s/it]
 74%|█████████████████████████████████████████████████████████████████████████████████████████████▉                                 | 202/273 [22:21<12:52, 10.89s/it]
 74%|██████████████████████████████████████████████████████████████████████████████████████████████▍                                | 203/273 [22:28<11:04,  9.49s/it]
 75%|██████████████████████████████████████████████████████████████████████████████████████████████▉                                | 204/273 [22:34<09:47,  8.51s/it]
 75%|███████████████████████████████████████████████████████████████████████████████████████████████▎                               | 205/273 [22:40<08:52,  7.83s/it]
 75%|███████████████████████████████████████████████████████████████████████████████████████████████▊                               | 206/273 [22:46<08:12,  7.35s/it]
 76%|████████████████████████████████████████████████████████████████████████████████████████████████▎                              | 207/273 [22:53<07:43,  7.03s/it]
 76%|████████████████████████████████████████████████████████████████████████████████████████████████▊                              | 208/273 [22:59<07:21,  6.78s/it]
 77%|█████████████████████████████████████████████████████████████████████████████████████████████████▏                             | 209/273 [23:05<07:03,  6.62s/it]
 77%|█████████████████████████████████████████████████████████████████████████████████████████████████▋                             | 210/273 [23:11<06:49,  6.50s/it]
                                                                                                                                                                      
{'loss': '0.2087', 'grad_norm': '0.262', 'learning_rate': '2.929e-05', 'entropy': '0.2742', 'num_tokens': '8.485e+06', 'mean_token_accuracy': '0.9503', 'epoch': '2.308'}

 77%|█████████████████████████████████████████████████████████████████████████████████████████████████▋                             | 210/273 [23:11<06:49,  6.50s/it]
 77%|██████████████████████████████████████████████████████████████████████████████████████████████████▏                            | 211/273 [23:18<06:38,  6.42s/it]
 78%|██████████████████████████████████████████████████████████████████████████████████████████████████▌                            | 212/273 [23:24<06:28,  6.36s/it]
 78%|███████████████████████████████████████████████████████████████████████████████████████████████████                            | 213/273 [23:30<06:18,  6.32s/it]
 78%|███████████████████████████████████████████████████████████████████████████████████████████████████▌                           | 214/273 [23:36<06:09,  6.26s/it]
 79%|████████████████████████████████████████████████████████████████████████████████████████████████████                           | 215/273 [23:42<06:02,  6.25s/it]
 79%|████████████████████████████████████████████████████████████████████████████████████████████████████▍                          | 216/273 [23:48<05:55,  6.23s/it]
 79%|████████████████████████████████████████████████████████████████████████████████████████████████████▉                          | 217/273 [23:55<05:48,  6.22s/it]
 80%|█████████████████████████████████████████████████████████████████████████████████████████████████████▍                         | 218/273 [24:01<05:42,  6.22s/it]
 80%|█████████████████████████████████████████████████████████████████████████████████████████████████████▉                         | 219/273 [24:07<05:34,  6.20s/it]
 81%|██████████████████████████████████████████████████████████████████████████████████████████████████████▎                        | 220/273 [24:13<05:28,  6.21s/it]
                                                                                                                                                                      
{'loss': '0.2096', 'grad_norm': '0.2795', 'learning_rate': '2.117e-05', 'entropy': '0.2766', 'num_tokens': '8.888e+06', 'mean_token_accuracy': '0.9493', 'epoch': '2.418'}

 81%|██████████████████████████████████████████████████████████████████████████████████████████████████████▎                        | 220/273 [24:13<05:28,  6.21s/it]
 81%|██████████████████████████████████████████████████████████████████████████████████████████████████████▊                        | 221/273 [24:19<05:22,  6.21s/it]
 81%|███████████████████████████████████████████████████████████████████████████████████████████████████████▎                       | 222/273 [24:26<05:16,  6.21s/it]
 82%|███████████████████████████████████████████████████████████████████████████████████████████████████████▋                       | 223/273 [24:32<05:09,  6.19s/it]
 82%|████████████████████████████████████████████████████████████████████████████████████████████████████████▏                      | 224/273 [24:38<05:04,  6.22s/it]
 82%|████████████████████████████████████████████████████████████████████████████████████████████████████████▋                      | 225/273 [24:44<04:58,  6.22s/it]
 83%|█████████████████████████████████████████████████████████████████████████████████████████████████████████▏                     | 226/273 [24:51<04:52,  6.23s/it]
 83%|█████████████████████████████████████████████████████████████████████████████████████████████████████████▌                     | 227/273 [24:57<04:46,  6.24s/it]
 84%|██████████████████████████████████████████████████████████████████████████████████████████████████████████                     | 228/273 [25:03<04:40,  6.23s/it]
 84%|██████████████████████████████████████████████████████████████████████████████████████████████████████████▌                    | 229/273 [25:09<04:34,  6.24s/it]
 84%|██████████████████████████████████████████████████████████████████████████████████████████████████████████▉                    | 230/273 [25:16<04:28,  6.24s/it]
                                                                                                                                                                      
{'loss': '0.2018', 'grad_norm': '0.2676', 'learning_rate': '1.423e-05', 'entropy': '0.266', 'num_tokens': '9.293e+06', 'mean_token_accuracy': '0.9516', 'epoch': '2.527'}

 84%|██████████████████████████████████████████████████████████████████████████████████████████████████████████▉                    | 230/273 [25:16<04:28,  6.24s/it]
 85%|███████████████████████████████████████████████████████████████████████████████████████████████████████████▍                   | 231/273 [25:22<04:22,  6.24s/it]
 85%|███████████████████████████████████████████████████████████████████████████████████████████████████████████▉                   | 232/273 [25:28<04:15,  6.24s/it]
 85%|████████████████████████████████████████████████████████████████████████████████████████████████████████████▍                  | 233/273 [25:34<04:09,  6.24s/it]
 86%|████████████████████████████████████████████████████████████████████████████████████████████████████████████▊                  | 234/273 [25:41<04:03,  6.23s/it]
 86%|█████████████████████████████████████████████████████████████████████████████████████████████████████████████▎                 | 235/273 [25:47<03:57,  6.25s/it]
 86%|█████████████████████████████████████████████████████████████████████████████████████████████████████████████▊                 | 236/273 [25:53<03:50,  6.24s/it]
 87%|██████████████████████████████████████████████████████████████████████████████████████████████████████████████▎                | 237/273 [25:59<03:44,  6.24s/it]
 87%|██████████████████████████████████████████████████████████████████████████████████████████████████████████████▋                | 238/273 [26:06<03:38,  6.24s/it]
 88%|███████████████████████████████████████████████████████████████████████████████████████████████████████████████▏               | 239/273 [26:12<03:32,  6.24s/it]
 88%|███████████████████████████████████████████████████████████████████████████████████████████████████████████████▋               | 240/273 [26:18<03:22,  6.15s/it]
                                                                                                                                                                      
{'loss': '0.2022', 'grad_norm': '0.2632', 'learning_rate': '8.579e-06', 'entropy': '0.266', 'num_tokens': '9.697e+06', 'mean_token_accuracy': '0.9521', 'epoch': '2.637'}

 88%|███████████████████████████████████████████████████████████████████████████████████████████████████████████████▋               | 240/273 [26:18<03:22,  6.15s/it]
 88%|████████████████████████████████████████████████████████████████████████████████████████████████████████████████               | 241/273 [26:24<03:17,  6.18s/it]
 89%|████████████████████████████████████████████████████████████████████████████████████████████████████████████████▌              | 242/273 [26:30<03:11,  6.19s/it]
 89%|█████████████████████████████████████████████████████████████████████████████████████████████████████████████████              | 243/273 [26:36<03:05,  6.20s/it]
 89%|█████████████████████████████████████████████████████████████████████████████████████████████████████████████████▌             | 244/273 [26:43<02:59,  6.21s/it]
 90%|█████████████████████████████████████████████████████████████████████████████████████████████████████████████████▉             | 245/273 [26:49<02:53,  6.21s/it]
 90%|██████████████████████████████████████████████████████████████████████████████████████████████████████████████████▍            | 246/273 [26:55<02:47,  6.21s/it]
 90%|██████████████████████████████████████████████████████████████████████████████████████████████████████████████████▉            | 247/273 [27:01<02:41,  6.21s/it]
 91%|███████████████████████████████████████████████████████████████████████████████████████████████████████████████████▎           | 248/273 [27:07<02:35,  6.23s/it]
 91%|███████████████████████████████████████████████████████████████████████████████████████████████████████████████████▊           | 249/273 [27:14<02:29,  6.23s/it]
 92%|████████████████████████████████████████████████████████████████████████████████████████████████████████████████████▎          | 250/273 [27:20<02:22,  6.19s/it]
                                                                                                                                                                      
{'loss': '0.2046', 'grad_norm': '0.2638', 'learning_rate': '4.306e-06', 'entropy': '0.2704', 'num_tokens': '1.01e+07', 'mean_token_accuracy': '0.9509', 'epoch': '2.747'}

 92%|████████████████████████████████████████████████████████████████████████████████████████████████████████████████████▎          | 250/273 [27:20<02:22,  6.19s/it]

  0%|                                                                                                                                          | 0/11 [00:00<?, ?it/s][A

 18%|███████████████████████▋                                                                                                          | 2/11 [00:02<00:09,  1.06s/it][A

 27%|███████████████████████████████████▍                                                                                              | 3/11 [00:04<00:12,  1.51s/it][A

 36%|███████████████████████████████████████████████▎                                                                                  | 4/11 [00:06<00:12,  1.74s/it][A

 45%|███████████████████████████████████████████████████████████                                                                       | 5/11 [00:08<00:11,  1.88s/it][A

 55%|██████████████████████████████████████████████████████████████████████▉                                                           | 6/11 [00:10<00:09,  1.95s/it][A

 64%|██████████████████████████████████████████████████████████████████████████████████▋                                               | 7/11 [00:12<00:07,  2.00s/it][A

 73%|██████████████████████████████████████████████████████████████████████████████████████████████▌                                   | 8/11 [00:14<00:06,  2.04s/it][A

 82%|██████████████████████████████████████████████████████████████████████████████████████████████████████████▎                       | 9/11 [00:16<00:04,  2.07s/it][A

 91%|█████████████████████████████████████████████████████████████████████████████████████████████████████████████████████▎           | 10/11 [00:19<00:02,  2.08s/it][A

100%|█████████████████████████████████████████████████████████████████████████████████████████████████████████████████████████████████| 11/11 [00:19<00:00,  1.57s/it][A
                                                                                                                                                                      

                                                                                                                                                                      
[A{'eval_loss': '0.2054', 'eval_runtime': '21.64', 'eval_samples_per_second': '15.15', 'eval_steps_per_second': '0.508', 'eval_entropy': '0.2664', 'eval_num_tokens': '1.01e+07', 'eval_mean_token_accuracy': '0.9499', 'epoch': '2.747'}

 92%|████████████████████████████████████████████████████████████████████████████████████████████████████████████████████▎          | 250/273 [27:41<02:22,  6.19s/it]

100%|█████████████████████████████████████████████████████████████████████████████████████████████████████████████████████████████████| 11/11 [00:19<00:00,  1.57s/it][A

                                                                                                                                                                      [A
 92%|████████████████████████████████████████████████████████████████████████████████████████████████████████████████████▊          | 251/273 [27:48<04:39, 12.69s/it]
 92%|█████████████████████████████████████████████████████████████████████████████████████████████████████████████████████▏         | 252/273 [27:54<03:45, 10.76s/it]
 93%|█████████████████████████████████████████████████████████████████████████████████████████████████████████████████████▋         | 253/273 [28:00<03:08,  9.41s/it]
 93%|██████████████████████████████████████████████████████████████████████████████████████████████████████████████████████▏        | 254/273 [28:06<02:40,  8.43s/it]
 93%|██████████████████████████████████████████████████████████████████████████████████████████████████████████████████████▋        | 255/273 [28:13<02:20,  7.78s/it]
 94%|███████████████████████████████████████████████████████████████████████████████████████████████████████████████████████        | 256/273 [28:19<02:04,  7.31s/it]
 94%|███████████████████████████████████████████████████████████████████████████████████████████████████████████████████████▌       | 257/273 [28:25<01:51,  6.99s/it]
 95%|████████████████████████████████████████████████████████████████████████████████████████████████████████████████████████       | 258/273 [28:31<01:41,  6.77s/it]
 95%|████████████████████████████████████████████████████████████████████████████████████████████████████████████████████████▍      | 259/273 [28:38<01:32,  6.61s/it]
 95%|████████████████████████████████████████████████████████████████████████████████████████████████████████████████████████▉      | 260/273 [28:44<01:24,  6.50s/it]
                                                                                                                                                                      
{'loss': '0.1996', 'grad_norm': '0.2539', 'learning_rate': '1.472e-06', 'entropy': '0.2632', 'num_tokens': '1.051e+07', 'mean_token_accuracy': '0.9526', 'epoch': '2.857'}

 95%|████████████████████████████████████████████████████████████████████████████████████████████████████████████████████████▉      | 260/273 [28:44<01:24,  6.50s/it]
 96%|█████████████████████████████████████████████████████████████████████████████████████████████████████████████████████████▍     | 261/273 [28:50<01:16,  6.39s/it]
 96%|█████████████████████████████████████████████████████████████████████████████████████████████████████████████████████████▉     | 262/273 [28:56<01:09,  6.35s/it]
 96%|██████████████████████████████████████████████████████████████████████████████████████████████████████████████████████████▎    | 263/273 [29:02<01:03,  6.31s/it]
 97%|██████████████████████████████████████████████████████████████████████████████████████████████████████████████████████████▊    | 264/273 [29:08<00:55,  6.16s/it]
 97%|███████████████████████████████████████████████████████████████████████████████████████████████████████████████████████████▎   | 265/273 [29:14<00:49,  6.17s/it]
 97%|███████████████████████████████████████████████████████████████████████████████████████████████████████████████████████████▋   | 266/273 [29:21<00:43,  6.19s/it]
 98%|████████████████████████████████████████████████████████████████████████████████████████████████████████████████████████████▏  | 267/273 [29:27<00:37,  6.21s/it]
 98%|████████████████████████████████████████████████████████████████████████████████████████████████████████████████████████████▋  | 268/273 [29:33<00:31,  6.23s/it]
 99%|█████████████████████████████████████████████████████████████████████████████████████████████████████████████████████████████▏ | 269/273 [29:39<00:24,  6.24s/it]
 99%|█████████████████████████████████████████████████████████████████████████████████████████████████████████████████████████████▌ | 270/273 [29:46<00:18,  6.24s/it]
                                                                                                                                                                      
{'loss': '0.2011', 'grad_norm': '0.2357', 'learning_rate': '1.205e-07', 'entropy': '0.2654', 'num_tokens': '1.091e+07', 'mean_token_accuracy': '0.9522', 'epoch': '2.967'}

 99%|█████████████████████████████████████████████████████████████████████████████████████████████████████████████████████████████▌ | 270/273 [29:46<00:18,  6.24s/it]
 99%|██████████████████████████████████████████████████████████████████████████████████████████████████████████████████████████████ | 271/273 [29:52<00:12,  6.25s/it]
100%|██████████████████████████████████████████████████████████████████████████████████████████████████████████████████████████████▌| 272/273 [29:58<00:06,  6.19s/it]
100%|███████████████████████████████████████████████████████████████████████████████████████████████████████████████████████████████| 273/273 [30:03<00:00,  5.85s/it]01:32:21 INFO: HTTP Request: HEAD https://huggingface.co/ibm-granite/granite-4.0-h-micro/resolve/main/config.json "HTTP/1.1 307 Temporary Redirect"
01:32:21 INFO: HTTP Request: HEAD https://huggingface.co/api/resolve-cache/models/ibm-granite/granite-4.0-h-micro/d5f01a3ea75f088947be3aae039f4ad52837dfde/config.json "HTTP/1.1 200 OK"
01:32:21 INFO: HTTP Request: HEAD https://huggingface.co/ibm-granite/granite-4.0-h-micro/resolve/main/config.json "HTTP/1.1 307 Temporary Redirect"
01:32:21 INFO: HTTP Request: HEAD https://huggingface.co/api/resolve-cache/models/ibm-granite/granite-4.0-h-micro/d5f01a3ea75f088947be3aae039f4ad52837dfde/config.json "HTTP/1.1 200 OK"

                                                                                                                                                                      
{'train_runtime': '1804', 'train_samples_per_second': '4.832', 'train_steps_per_second': '0.151', 'train_loss': '0.3747', 'epoch': '3'}

100%|███████████████████████████████████████████████████████████████████████████████████████████████████████████████████████████████| 273/273 [30:04<00:00,  5.85s/it]
100%|███████████████████████████████████████████████████████████████████████████████████████████████████████████████████████████████| 273/273 [30:04<00:00,  6.61s/it]
01:32:21 INFO: HTTP Request: HEAD https://huggingface.co/ibm-granite/granite-4.0-h-micro/resolve/main/config.json "HTTP/1.1 307 Temporary Redirect"
01:32:21 INFO: HTTP Request: HEAD https://huggingface.co/api/resolve-cache/models/ibm-granite/granite-4.0-h-micro/d5f01a3ea75f088947be3aae039f4ad52837dfde/config.json "HTTP/1.1 200 OK"
01:32:22 INFO: HTTP Request: HEAD https://huggingface.co/ibm-granite/granite-4.0-h-micro/resolve/main/config.json "HTTP/1.1 307 Temporary Redirect"
01:32:22 INFO: HTTP Request: HEAD https://huggingface.co/api/resolve-cache/models/ibm-granite/granite-4.0-h-micro/d5f01a3ea75f088947be3aae039f4ad52837dfde/config.json "HTTP/1.1 200 OK"
01:32:22 INFO: Saved adapter to /workspace/output_original/assessos-mapping-20260225_010209/final

  0%|                                                                                                                                          | 0/11 [00:00<?, ?it/s]
 18%|███████████████████████▋                                                                                                          | 2/11 [00:02<00:09,  1.06s/it]
 27%|███████████████████████████████████▍                                                                                              | 3/11 [00:04<00:12,  1.51s/it]
 36%|███████████████████████████████████████████████▎                                                                                  | 4/11 [00:06<00:12,  1.74s/it]
 45%|███████████████████████████████████████████████████████████                                                                       | 5/11 [00:08<00:11,  1.88s/it]
 55%|██████████████████████████████████████████████████████████████████████▉                                                           | 6/11 [00:10<00:09,  1.95s/it]
 64%|██████████████████████████████████████████████████████████████████████████████████▋                                               | 7/11 [00:12<00:07,  2.00s/it]
 73%|██████████████████████████████████████████████████████████████████████████████████████████████▌                                   | 8/11 [00:14<00:06,  2.04s/it]
 82%|██████████████████████████████████████████████████████████████████████████████████████████████████████████▎                       | 9/11 [00:16<00:04,  2.07s/it]
 91%|█████████████████████████████████████████████████████████████████████████████████████████████████████████████████████▎           | 10/11 [00:19<00:02,  2.08s/it]
100%|█████████████████████████████████████████████████████████████████████████████████████████████████████████████████████████████████| 11/11 [00:19<00:00,  1.57s/it]
100%|█████████████████████████████████████████████████████████████████████████████████████████████████████████████████████████████████| 11/11 [00:19<00:00,  1.77s/it]
01:32:43 INFO: Eval loss: 0.21186912059783936
01:32:43 INFO: Task 'mapping' training complete!
01:32:43 INFO: 
============================================================
01:32:43 INFO: Training LoRA adapter: rule_generation
01:32:43 INFO: ============================================================
01:32:43 INFO: Loaded 9165 training examples for task 'rule_generation'
01:32:43 INFO: Train: 8248, Eval: 917
Loading model: ibm-granite/granite-4.0-h-micro
01:32:44 INFO: HTTP Request: HEAD https://huggingface.co/ibm-granite/granite-4.0-h-micro/resolve/main/config.json "HTTP/1.1 307 Temporary Redirect"
01:32:44 INFO: HTTP Request: HEAD https://huggingface.co/api/resolve-cache/models/ibm-granite/granite-4.0-h-micro/d5f01a3ea75f088947be3aae039f4ad52837dfde/config.json "HTTP/1.1 200 OK"
01:32:44 INFO: HTTP Request: HEAD https://huggingface.co/ibm-granite/granite-4.0-h-micro/resolve/main/config.json "HTTP/1.1 307 Temporary Redirect"
01:32:44 INFO: HTTP Request: HEAD https://huggingface.co/api/resolve-cache/models/ibm-granite/granite-4.0-h-micro/d5f01a3ea75f088947be3aae039f4ad52837dfde/config.json "HTTP/1.1 200 OK"

Loading weights:   0%|                                                                                                                        | 0/466 [00:00<?, ?it/s]
Loading weights:   0%|▏                                                             | 1/466 [00:00<00:00, 57456.22it/s, Materializing param=model.embed_tokens.weight]
Loading weights:   0%|▏                                                             | 1/466 [00:00<00:00, 14074.85it/s, Materializing param=model.embed_tokens.weight]
Loading weights:   0%|▏                                                    | 2/466 [00:00<00:07, 59.08it/s, Materializing param=model.layers.0.input_layernorm.weight]
Loading weights:   0%|▏                                                    | 2/466 [00:00<00:07, 58.98it/s, Materializing param=model.layers.0.input_layernorm.weight]
Loading weights:   1%|▍                                                               | 3/466 [00:00<00:05, 88.23it/s, Materializing param=model.layers.0.mamba.A_log]
Loading weights:   1%|▍                                                               | 3/466 [00:00<00:05, 88.14it/s, Materializing param=model.layers.0.mamba.A_log]
Loading weights:   1%|▌                                                                  | 4/466 [00:00<00:03, 116.13it/s, Materializing param=model.layers.0.mamba.D]
Loading weights:   1%|▌                                                                  | 4/466 [00:00<00:03, 116.01it/s, Materializing param=model.layers.0.mamba.D]
Loading weights:   1%|▌                                                        | 5/466 [00:00<00:03, 144.79it/s, Materializing param=model.layers.0.mamba.conv1d.bias]
Loading weights:   1%|▌                                                        | 5/466 [00:00<00:03, 144.66it/s, Materializing param=model.layers.0.mamba.conv1d.bias]
Loading weights:   1%|▋                                                      | 6/466 [00:00<00:02, 173.10it/s, Materializing param=model.layers.0.mamba.conv1d.weight]
Loading weights:   1%|▋                                                      | 6/466 [00:00<00:02, 172.93it/s, Materializing param=model.layers.0.mamba.conv1d.weight]
Loading weights:   2%|▉                                                            | 7/466 [00:00<00:02, 201.44it/s, Materializing param=model.layers.0.mamba.dt_bias]
Loading weights:   2%|▉                                                            | 7/466 [00:00<00:02, 201.26it/s, Materializing param=model.layers.0.mamba.dt_bias]
Loading weights:   2%|▉                                                     | 8/466 [00:00<00:02, 216.89it/s, Materializing param=model.layers.0.mamba.in_proj.weight]
Loading weights:   2%|▉                                                     | 8/466 [00:00<00:02, 216.69it/s, Materializing param=model.layers.0.mamba.in_proj.weight]
Loading weights:   2%|█                                                        | 9/466 [00:00<00:01, 243.43it/s, Materializing param=model.layers.0.mamba.norm.weight]
Loading weights:   2%|█                                                        | 9/466 [00:00<00:01, 243.22it/s, Materializing param=model.layers.0.mamba.norm.weight]
Loading weights:   2%|█                                                   | 10/466 [00:00<00:01, 259.45it/s, Materializing param=model.layers.0.mamba.out_proj.weight]
Loading weights:   2%|█                                                   | 10/466 [00:00<00:01, 259.21it/s, Materializing param=model.layers.0.mamba.out_proj.weight]
Loading weights:   2%|▉                                         | 11/466 [00:00<00:01, 284.75it/s, Materializing param=model.layers.0.post_attention_layernorm.weight]
Loading weights:   2%|▉                                         | 11/466 [00:00<00:01, 284.52it/s, Materializing param=model.layers.0.post_attention_layernorm.weight]
Loading weights:   3%|█                                          | 12/466 [00:00<00:01, 309.98it/s, Materializing param=model.layers.0.shared_mlp.input_linear.weight]
Loading weights:   3%|█                                          | 12/466 [00:00<00:01, 309.74it/s, Materializing param=model.layers.0.shared_mlp.input_linear.weight]
Loading weights:   3%|█▏                                        | 13/466 [00:00<00:01, 284.74it/s, Materializing param=model.layers.0.shared_mlp.output_linear.weight]
Loading weights:   3%|█▏                                        | 13/466 [00:00<00:01, 284.40it/s, Materializing param=model.layers.0.shared_mlp.output_linear.weight]
Loading weights:   3%|█▌                                                 | 14/466 [00:00<00:01, 292.11it/s, Materializing param=model.layers.1.input_layernorm.weight]
Loading weights:   3%|█▌                                                 | 14/466 [00:00<00:01, 291.78it/s, Materializing param=model.layers.1.input_layernorm.weight]
Loading weights:   3%|█▉                                                            | 15/466 [00:00<00:01, 311.83it/s, Materializing param=model.layers.1.mamba.A_log]
Loading weights:   3%|█▉                                                            | 15/466 [00:00<00:01, 311.60it/s, Materializing param=model.layers.1.mamba.A_log]
Loading weights:   3%|██▎                                                               | 16/466 [00:00<00:01, 330.78it/s, Materializing param=model.layers.1.mamba.D]
Loading weights:   3%|██▎                                                               | 16/466 [00:00<00:01, 330.53it/s, Materializing param=model.layers.1.mamba.D]
Loading weights:   4%|██                                                      | 17/466 [00:00<00:01, 350.81it/s, Materializing param=model.layers.1.mamba.conv1d.bias]
Loading weights:   4%|██                                                      | 17/466 [00:00<00:01, 350.58it/s, Materializing param=model.layers.1.mamba.conv1d.bias]
Loading weights:   4%|██                                                    | 18/466 [00:00<00:01, 370.79it/s, Materializing param=model.layers.1.mamba.conv1d.weight]
Loading weights:   4%|██                                                    | 18/466 [00:00<00:01, 370.55it/s, Materializing param=model.layers.1.mamba.conv1d.weight]
Loading weights:   4%|██▍                                                         | 19/466 [00:00<00:01, 373.14it/s, Materializing param=model.layers.1.mamba.dt_bias]
Loading weights:   4%|██▍                                                         | 19/466 [00:00<00:01, 372.88it/s, Materializing param=model.layers.1.mamba.dt_bias]
Loading weights:   4%|██▎                                                  | 20/466 [00:00<00:01, 390.59it/s, Materializing param=model.layers.1.mamba.in_proj.weight]
Loading weights:   4%|██▎                                                  | 20/466 [00:00<00:01, 390.32it/s, Materializing param=model.layers.1.mamba.in_proj.weight]
Loading weights:   5%|██▌                                                     | 21/466 [00:00<00:01, 409.43it/s, Materializing param=model.layers.1.mamba.norm.weight]
Loading weights:   5%|██▌                                                     | 21/466 [00:00<00:01, 409.18it/s, Materializing param=model.layers.1.mamba.norm.weight]
Loading weights:   5%|██▍                                                 | 22/466 [00:00<00:01, 428.24it/s, Materializing param=model.layers.1.mamba.out_proj.weight]
Loading weights:   5%|██▍                                                 | 22/466 [00:00<00:01, 427.97it/s, Materializing param=model.layers.1.mamba.out_proj.weight]
Loading weights:   5%|██                                        | 23/466 [00:00<00:01, 440.05it/s, Materializing param=model.layers.1.post_attention_layernorm.weight]
Loading weights:   5%|██                                        | 23/466 [00:00<00:01, 439.77it/s, Materializing param=model.layers.1.post_attention_layernorm.weight]
Loading weights:   5%|██▏                                        | 24/466 [00:00<00:01, 399.41it/s, Materializing param=model.layers.1.shared_mlp.input_linear.weight]
Loading weights:   5%|██▏                                        | 24/466 [00:00<00:01, 398.74it/s, Materializing param=model.layers.1.shared_mlp.input_linear.weight]
Loading weights:   5%|██▎                                       | 25/466 [00:00<00:01, 414.89it/s, Materializing param=model.layers.1.shared_mlp.output_linear.weight]
Loading weights:   5%|██▎                                       | 25/466 [00:00<00:01, 414.66it/s, Materializing param=model.layers.1.shared_mlp.output_linear.weight]
Loading weights:   6%|██▊                                                | 26/466 [00:00<00:01, 405.28it/s, Materializing param=model.layers.2.input_layernorm.weight]
Loading weights:   6%|██▊                                                | 26/466 [00:00<00:01, 405.06it/s, Materializing param=model.layers.2.input_layernorm.weight]
Loading weights:   6%|███▌                                                          | 27/466 [00:00<00:01, 420.32it/s, Materializing param=model.layers.2.mamba.A_log]
Loading weights:   6%|███▌                                                          | 27/466 [00:00<00:01, 420.12it/s, Materializing param=model.layers.2.mamba.A_log]
Loading weights:   6%|███▉                                                              | 28/466 [00:00<00:01, 434.78it/s, Materializing param=model.layers.2.mamba.D]
Loading weights:   6%|███▉                                                              | 28/466 [00:00<00:01, 434.56it/s, Materializing param=model.layers.2.mamba.D]
Loading weights:   6%|███▍                                                    | 29/466 [00:00<00:00, 449.29it/s, Materializing param=model.layers.2.mamba.conv1d.bias]
Loading weights:   6%|███▍                                                    | 29/466 [00:00<00:00, 449.06it/s, Materializing param=model.layers.2.mamba.conv1d.bias]
Loading weights:   6%|███▍                                                  | 30/466 [00:00<00:00, 463.19it/s, Materializing param=model.layers.2.mamba.conv1d.weight]
Loading weights:   6%|███▍                                                  | 30/466 [00:00<00:00, 462.95it/s, Materializing param=model.layers.2.mamba.conv1d.weight]
Loading weights:   7%|███▉                                                        | 31/466 [00:00<00:00, 478.02it/s, Materializing param=model.layers.2.mamba.dt_bias]
Loading weights:   7%|███▉                                                        | 31/466 [00:00<00:00, 477.80it/s, Materializing param=model.layers.2.mamba.dt_bias]
Loading weights:   7%|███▋                                                 | 32/466 [00:00<00:00, 492.41it/s, Materializing param=model.layers.2.mamba.in_proj.weight]
Loading weights:   7%|███▋                                                 | 32/466 [00:00<00:00, 492.17it/s, Materializing param=model.layers.2.mamba.in_proj.weight]
Loading weights:   7%|███▉                                                    | 33/466 [00:00<00:00, 481.66it/s, Materializing param=model.layers.2.mamba.norm.weight]
Loading weights:   7%|███▉                                                    | 33/466 [00:00<00:00, 481.33it/s, Materializing param=model.layers.2.mamba.norm.weight]
Loading weights:   7%|███▊                                                | 34/466 [00:00<00:00, 495.52it/s, Materializing param=model.layers.2.mamba.out_proj.weight]
Loading weights:   7%|███▊                                                | 34/466 [00:00<00:00, 495.29it/s, Materializing param=model.layers.2.mamba.out_proj.weight]
Loading weights:   8%|███▏                                      | 35/466 [00:00<00:00, 497.81it/s, Materializing param=model.layers.2.post_attention_layernorm.weight]
Loading weights:   8%|███▏                                      | 35/466 [00:00<00:00, 497.58it/s, Materializing param=model.layers.2.post_attention_layernorm.weight]
Loading weights:   8%|███▎                                       | 36/466 [00:00<00:00, 510.88it/s, Materializing param=model.layers.2.shared_mlp.input_linear.weight]
Loading weights:   8%|███▎                                       | 36/466 [00:00<00:00, 510.64it/s, Materializing param=model.layers.2.shared_mlp.input_linear.weight]
Loading weights:   8%|███▎                                      | 37/466 [00:00<00:00, 464.50it/s, Materializing param=model.layers.2.shared_mlp.output_linear.weight]
Loading weights:   8%|███▎                                      | 37/466 [00:00<00:00, 463.61it/s, Materializing param=model.layers.2.shared_mlp.output_linear.weight]
Loading weights:   8%|████▏                                              | 38/466 [00:00<00:00, 475.72it/s, Materializing param=model.layers.3.input_layernorm.weight]
Loading weights:   8%|████▏                                              | 38/466 [00:00<00:00, 475.51it/s, Materializing param=model.layers.3.input_layernorm.weight]
Loading weights:   8%|█████▏                                                        | 39/466 [00:00<00:00, 487.69it/s, Materializing param=model.layers.3.mamba.A_log]
Loading weights:   8%|█████▏                                                        | 39/466 [00:00<00:00, 487.50it/s, Materializing param=model.layers.3.mamba.A_log]
Loading weights:   9%|█████▋                                                            | 40/466 [00:00<00:00, 498.42it/s, Materializing param=model.layers.3.mamba.D]
Loading weights:   9%|█████▋                                                            | 40/466 [00:00<00:00, 498.21it/s, Materializing param=model.layers.3.mamba.D]
Loading weights:   9%|████▉                                                   | 41/466 [00:00<00:00, 510.22it/s, Materializing param=model.layers.3.mamba.conv1d.bias]
Loading weights:   9%|████▉                                                   | 41/466 [00:00<00:00, 509.65it/s, Materializing param=model.layers.3.mamba.conv1d.bias]
Loading weights:   9%|████▊                                                 | 42/466 [00:00<00:00, 521.05it/s, Materializing param=model.layers.3.mamba.conv1d.weight]
Loading weights:   9%|████▊                                                 | 42/466 [00:00<00:00, 520.46it/s, Materializing param=model.layers.3.mamba.conv1d.weight]
Loading weights:   9%|█████▌                                                      | 43/466 [00:00<00:00, 531.17it/s, Materializing param=model.layers.3.mamba.dt_bias]
Loading weights:   9%|█████▌                                                      | 43/466 [00:00<00:00, 530.57it/s, Materializing param=model.layers.3.mamba.dt_bias]
Loading weights:   9%|█████                                                | 44/466 [00:00<00:00, 528.90it/s, Materializing param=model.layers.3.mamba.in_proj.weight]
Loading weights:   9%|█████                                                | 44/466 [00:00<00:00, 528.09it/s, Materializing param=model.layers.3.mamba.in_proj.weight]
Loading weights:  10%|█████▍                                                  | 45/466 [00:00<00:00, 539.17it/s, Materializing param=model.layers.3.mamba.norm.weight]
Loading weights:  10%|█████▍                                                  | 45/466 [00:00<00:00, 538.58it/s, Materializing param=model.layers.3.mamba.norm.weight]
Loading weights:  10%|█████▏                                              | 46/466 [00:00<00:00, 549.24it/s, Materializing param=model.layers.3.mamba.out_proj.weight]
Loading weights:  10%|█████▏                                              | 46/466 [00:00<00:00, 548.64it/s, Materializing param=model.layers.3.mamba.out_proj.weight]
Loading weights:  10%|████▏                                     | 47/466 [00:00<00:00, 551.68it/s, Materializing param=model.layers.3.post_attention_layernorm.weight]
Loading weights:  10%|████▏                                     | 47/466 [00:00<00:00, 551.07it/s, Materializing param=model.layers.3.post_attention_layernorm.weight]
Loading weights:  10%|████▍                                      | 48/466 [00:00<00:00, 518.19it/s, Materializing param=model.layers.3.shared_mlp.input_linear.weight]
Loading weights:  10%|████▍                                      | 48/466 [00:00<00:00, 516.96it/s, Materializing param=model.layers.3.shared_mlp.input_linear.weight]
Loading weights:  11%|████▍                                     | 49/466 [00:00<00:00, 526.68it/s, Materializing param=model.layers.3.shared_mlp.output_linear.weight]
Loading weights:  11%|████▍                                     | 49/466 [00:00<00:00, 526.11it/s, Materializing param=model.layers.3.shared_mlp.output_linear.weight]
Loading weights:  11%|█████▍                                             | 50/466 [00:00<00:00, 518.85it/s, Materializing param=model.layers.4.input_layernorm.weight]
Loading weights:  11%|█████▍                                             | 50/466 [00:00<00:00, 517.60it/s, Materializing param=model.layers.4.input_layernorm.weight]
Loading weights:  11%|██████▊                                                       | 51/466 [00:00<00:00, 525.98it/s, Materializing param=model.layers.4.mamba.A_log]
Loading weights:  11%|██████▊                                                       | 51/466 [00:00<00:00, 525.25it/s, Materializing param=model.layers.4.mamba.A_log]
Loading weights:  11%|███████▎                                                          | 52/466 [00:00<00:00, 534.69it/s, Materializing param=model.layers.4.mamba.D]
Loading weights:  11%|███████▎                                                          | 52/466 [00:00<00:00, 534.18it/s, Materializing param=model.layers.4.mamba.D]
Loading weights:  11%|██████▎                                                 | 53/466 [00:00<00:00, 543.08it/s, Materializing param=model.layers.4.mamba.conv1d.bias]
Loading weights:  11%|██████▎                                                 | 53/466 [00:00<00:00, 541.78it/s, Materializing param=model.layers.4.mamba.conv1d.bias]
Loading weights:  12%|██████▎                                               | 54/466 [00:00<00:00, 551.14it/s, Materializing param=model.layers.4.mamba.conv1d.weight]
Loading weights:  12%|██████▎                                               | 54/466 [00:00<00:00, 550.62it/s, Materializing param=model.layers.4.mamba.conv1d.weight]
Loading weights:  12%|███████                                                     | 55/466 [00:00<00:00, 560.03it/s, Materializing param=model.layers.4.mamba.dt_bias]
Loading weights:  12%|███████                                                     | 55/466 [00:00<00:00, 559.51it/s, Materializing param=model.layers.4.mamba.dt_bias]
Loading weights:  12%|██████▎                                              | 56/466 [00:00<00:00, 568.61it/s, Materializing param=model.layers.4.mamba.in_proj.weight]
Loading weights:  12%|██████▎                                              | 56/466 [00:00<00:00, 568.08it/s, Materializing param=model.layers.4.mamba.in_proj.weight]
Loading weights:  12%|██████▍                                              | 57/466 [00:00<00:00, 557.62it/s, Materializing param=model.layers.4.mamba.in_proj.weight]
Loading weights:  12%|██████▊                                                 | 57/466 [00:00<00:00, 557.62it/s, Materializing param=model.layers.4.mamba.norm.weight]
Loading weights:  12%|██████▊                                                 | 57/466 [00:00<00:00, 557.62it/s, Materializing param=model.layers.4.mamba.norm.weight]
Loading weights:  12%|██████▍                                             | 58/466 [00:00<00:00, 557.62it/s, Materializing param=model.layers.4.mamba.out_proj.weight]
Loading weights:  12%|██████▍                                             | 58/466 [00:00<00:00, 557.62it/s, Materializing param=model.layers.4.mamba.out_proj.weight]
Loading weights:  13%|█████▎                                    | 59/466 [00:00<00:00, 557.62it/s, Materializing param=model.layers.4.post_attention_layernorm.weight]
Loading weights:  13%|█████▎                                    | 59/466 [00:00<00:00, 557.62it/s, Materializing param=model.layers.4.post_attention_layernorm.weight]
Loading weights:  13%|█████▌                                     | 60/466 [00:00<00:00, 557.62it/s, Materializing param=model.layers.4.shared_mlp.input_linear.weight]
Loading weights:  13%|█████▌                                     | 60/466 [00:00<00:00, 557.62it/s, Materializing param=model.layers.4.shared_mlp.input_linear.weight]
Loading weights:  13%|█████▍                                    | 61/466 [00:00<00:00, 557.62it/s, Materializing param=model.layers.4.shared_mlp.output_linear.weight]
Loading weights:  13%|█████▍                                    | 61/466 [00:00<00:00, 557.62it/s, Materializing param=model.layers.4.shared_mlp.output_linear.weight]
Loading weights:  13%|██████▊                                            | 62/466 [00:00<00:00, 557.62it/s, Materializing param=model.layers.5.input_layernorm.weight]
Loading weights:  13%|██████▊                                            | 62/466 [00:00<00:00, 557.62it/s, Materializing param=model.layers.5.input_layernorm.weight]
Loading weights:  14%|█████▋                                    | 63/466 [00:00<00:00, 557.62it/s, Materializing param=model.layers.5.post_attention_layernorm.weight]
Loading weights:  14%|█████▋                                    | 63/466 [00:00<00:00, 557.62it/s, Materializing param=model.layers.5.post_attention_layernorm.weight]
Loading weights:  14%|██████▊                                           | 64/466 [00:00<00:00, 557.62it/s, Materializing param=model.layers.5.self_attn.k_proj.weight]
Loading weights:  14%|██████▊                                           | 64/466 [00:00<00:00, 557.62it/s, Materializing param=model.layers.5.self_attn.k_proj.weight]
Loading weights:  14%|██████▉                                           | 65/466 [00:00<00:00, 557.62it/s, Materializing param=model.layers.5.self_attn.o_proj.weight]
Loading weights:  14%|██████▉                                           | 65/466 [00:00<00:00, 557.62it/s, Materializing param=model.layers.5.self_attn.o_proj.weight]
Loading weights:  14%|███████                                           | 66/466 [00:00<00:00, 557.62it/s, Materializing param=model.layers.5.self_attn.q_proj.weight]
Loading weights:  14%|███████                                           | 66/466 [00:00<00:00, 557.62it/s, Materializing param=model.layers.5.self_attn.q_proj.weight]
Loading weights:  14%|███████▏                                          | 67/466 [00:00<00:00, 557.62it/s, Materializing param=model.layers.5.self_attn.v_proj.weight]
Loading weights:  14%|███████▏                                          | 67/466 [00:00<00:00, 557.62it/s, Materializing param=model.layers.5.self_attn.v_proj.weight]
Loading weights:  15%|██████▎                                    | 68/466 [00:00<00:00, 557.62it/s, Materializing param=model.layers.5.shared_mlp.input_linear.weight]
Loading weights:  15%|██████▎                                    | 68/466 [00:00<00:00, 557.62it/s, Materializing param=model.layers.5.shared_mlp.input_linear.weight]
Loading weights:  15%|██████▏                                   | 69/466 [00:00<00:00, 557.62it/s, Materializing param=model.layers.5.shared_mlp.output_linear.weight]
Loading weights:  15%|██████▏                                   | 69/466 [00:00<00:00, 557.62it/s, Materializing param=model.layers.5.shared_mlp.output_linear.weight]
Loading weights:  15%|███████▋                                           | 70/466 [00:00<00:00, 557.62it/s, Materializing param=model.layers.6.input_layernorm.weight]
Loading weights:  15%|███████▋                                           | 70/466 [00:00<00:00, 557.62it/s, Materializing param=model.layers.6.input_layernorm.weight]
Loading weights:  15%|█████████▍                                                    | 71/466 [00:00<00:00, 557.62it/s, Materializing param=model.layers.6.mamba.A_log]
Loading weights:  15%|█████████▍                                                    | 71/466 [00:00<00:00, 557.62it/s, Materializing param=model.layers.6.mamba.A_log]
Loading weights:  15%|██████████▏                                                       | 72/466 [00:00<00:00, 557.62it/s, Materializing param=model.layers.6.mamba.D]
Loading weights:  15%|██████████▏                                                       | 72/466 [00:00<00:00, 557.62it/s, Materializing param=model.layers.6.mamba.D]
Loading weights:  16%|████████▊                                               | 73/466 [00:00<00:00, 557.62it/s, Materializing param=model.layers.6.mamba.conv1d.bias]
Loading weights:  16%|████████▊                                               | 73/466 [00:00<00:00, 557.62it/s, Materializing param=model.layers.6.mamba.conv1d.bias]
Loading weights:  16%|████████▌                                             | 74/466 [00:00<00:00, 557.62it/s, Materializing param=model.layers.6.mamba.conv1d.weight]
Loading weights:  16%|████████▌                                             | 74/466 [00:00<00:00, 557.62it/s, Materializing param=model.layers.6.mamba.conv1d.weight]
Loading weights:  16%|█████████▋                                                  | 75/466 [00:00<00:00, 557.62it/s, Materializing param=model.layers.6.mamba.dt_bias]
Loading weights:  16%|█████████▋                                                  | 75/466 [00:00<00:00, 557.62it/s, Materializing param=model.layers.6.mamba.dt_bias]
Loading weights:  16%|████████▋                                            | 76/466 [00:00<00:00, 557.62it/s, Materializing param=model.layers.6.mamba.in_proj.weight]
Loading weights:  16%|████████▋                                            | 76/466 [00:00<00:00, 557.62it/s, Materializing param=model.layers.6.mamba.in_proj.weight]
Loading weights:  17%|█████████▎                                              | 77/466 [00:00<00:00, 557.62it/s, Materializing param=model.layers.6.mamba.norm.weight]
Loading weights:  17%|█████████▎                                              | 77/466 [00:00<00:00, 557.62it/s, Materializing param=model.layers.6.mamba.norm.weight]
Loading weights:  17%|████████▋                                           | 78/466 [00:00<00:00, 557.62it/s, Materializing param=model.layers.6.mamba.out_proj.weight]
Loading weights:  17%|████████▋                                           | 78/466 [00:00<00:00, 557.62it/s, Materializing param=model.layers.6.mamba.out_proj.weight]
Loading weights:  17%|███████                                   | 79/466 [00:00<00:00, 557.62it/s, Materializing param=model.layers.6.post_attention_layernorm.weight]
Loading weights:  17%|███████                                   | 79/466 [00:00<00:00, 557.62it/s, Materializing param=model.layers.6.post_attention_layernorm.weight]
Loading weights:  17%|███████▍                                   | 80/466 [00:00<00:00, 557.62it/s, Materializing param=model.layers.6.shared_mlp.input_linear.weight]
Loading weights:  17%|███████▍                                   | 80/466 [00:00<00:00, 557.62it/s, Materializing param=model.layers.6.shared_mlp.input_linear.weight]
Loading weights:  17%|███████▎                                  | 81/466 [00:00<00:00, 557.62it/s, Materializing param=model.layers.6.shared_mlp.output_linear.weight]
Loading weights:  17%|███████▎                                  | 81/466 [00:00<00:00, 557.62it/s, Materializing param=model.layers.6.shared_mlp.output_linear.weight]
Loading weights:  18%|████████▉                                          | 82/466 [00:00<00:00, 557.62it/s, Materializing param=model.layers.7.input_layernorm.weight]
Loading weights:  18%|████████▉                                          | 82/466 [00:00<00:00, 557.62it/s, Materializing param=model.layers.7.input_layernorm.weight]
Loading weights:  18%|███████████                                                   | 83/466 [00:00<00:00, 557.62it/s, Materializing param=model.layers.7.mamba.A_log]
Loading weights:  18%|███████████                                                   | 83/466 [00:00<00:00, 557.62it/s, Materializing param=model.layers.7.mamba.A_log]
Loading weights:  18%|███████████▉                                                      | 84/466 [00:00<00:00, 557.62it/s, Materializing param=model.layers.7.mamba.D]
Loading weights:  18%|███████████▉                                                      | 84/466 [00:00<00:00, 557.62it/s, Materializing param=model.layers.7.mamba.D]
Loading weights:  18%|██████████▏                                             | 85/466 [00:00<00:00, 557.62it/s, Materializing param=model.layers.7.mamba.conv1d.bias]
Loading weights:  18%|██████████▏                                             | 85/466 [00:00<00:00, 557.62it/s, Materializing param=model.layers.7.mamba.conv1d.bias]
Loading weights:  18%|█████████▉                                            | 86/466 [00:00<00:00, 557.62it/s, Materializing param=model.layers.7.mamba.conv1d.weight]
Loading weights:  18%|█████████▉                                            | 86/466 [00:00<00:00, 557.62it/s, Materializing param=model.layers.7.mamba.conv1d.weight]
Loading weights:  19%|███████████▏                                                | 87/466 [00:00<00:00, 557.62it/s, Materializing param=model.layers.7.mamba.dt_bias]
Loading weights:  19%|███████████▏                                                | 87/466 [00:00<00:00, 557.62it/s, Materializing param=model.layers.7.mamba.dt_bias]
Loading weights:  19%|██████████                                           | 88/466 [00:00<00:00, 557.62it/s, Materializing param=model.layers.7.mamba.in_proj.weight]
Loading weights:  19%|██████████                                           | 88/466 [00:00<00:00, 557.62it/s, Materializing param=model.layers.7.mamba.in_proj.weight]
Loading weights:  19%|██████████▋                                             | 89/466 [00:00<00:00, 557.62it/s, Materializing param=model.layers.7.mamba.norm.weight]
Loading weights:  19%|██████████▋                                             | 89/466 [00:00<00:00, 557.62it/s, Materializing param=model.layers.7.mamba.norm.weight]
Loading weights:  19%|██████████                                          | 90/466 [00:00<00:00, 557.62it/s, Materializing param=model.layers.7.mamba.out_proj.weight]
Loading weights:  19%|██████████                                          | 90/466 [00:00<00:00, 557.62it/s, Materializing param=model.layers.7.mamba.out_proj.weight]
Loading weights:  20%|████████▏                                 | 91/466 [00:00<00:00, 557.62it/s, Materializing param=model.layers.7.post_attention_layernorm.weight]
Loading weights:  20%|████████▏                                 | 91/466 [00:00<00:00, 557.62it/s, Materializing param=model.layers.7.post_attention_layernorm.weight]
Loading weights:  20%|████████▍                                  | 92/466 [00:00<00:00, 557.62it/s, Materializing param=model.layers.7.shared_mlp.input_linear.weight]
Loading weights:  20%|████████▍                                  | 92/466 [00:00<00:00, 557.62it/s, Materializing param=model.layers.7.shared_mlp.input_linear.weight]
Loading weights:  20%|████████▍                                 | 93/466 [00:00<00:00, 557.62it/s, Materializing param=model.layers.7.shared_mlp.output_linear.weight]
Loading weights:  20%|████████▍                                 | 93/466 [00:00<00:00, 557.62it/s, Materializing param=model.layers.7.shared_mlp.output_linear.weight]
Loading weights:  20%|██████████▎                                        | 94/466 [00:00<00:00, 557.62it/s, Materializing param=model.layers.8.input_layernorm.weight]
Loading weights:  20%|██████████▎                                        | 94/466 [00:00<00:00, 557.62it/s, Materializing param=model.layers.8.input_layernorm.weight]
Loading weights:  20%|████████████▋                                                 | 95/466 [00:00<00:00, 557.62it/s, Materializing param=model.layers.8.mamba.A_log]
Loading weights:  20%|████████████▋                                                 | 95/466 [00:00<00:00, 557.62it/s, Materializing param=model.layers.8.mamba.A_log]
Loading weights:  21%|█████████████▌                                                    | 96/466 [00:00<00:00, 557.62it/s, Materializing param=model.layers.8.mamba.D]
Loading weights:  21%|█████████████▌                                                    | 96/466 [00:00<00:00, 557.62it/s, Materializing param=model.layers.8.mamba.D]
Loading weights:  21%|███████████▋                                            | 97/466 [00:00<00:00, 557.62it/s, Materializing param=model.layers.8.mamba.conv1d.bias]
Loading weights:  21%|███████████▋                                            | 97/466 [00:00<00:00, 557.62it/s, Materializing param=model.layers.8.mamba.conv1d.bias]
Loading weights:  21%|███████████▎                                          | 98/466 [00:00<00:00, 557.62it/s, Materializing param=model.layers.8.mamba.conv1d.weight]
Loading weights:  21%|███████████▎                                          | 98/466 [00:00<00:00, 557.62it/s, Materializing param=model.layers.8.mamba.conv1d.weight]
Loading weights:  21%|████████████▋                                               | 99/466 [00:00<00:00, 557.62it/s, Materializing param=model.layers.8.mamba.dt_bias]
Loading weights:  21%|████████████▋                                               | 99/466 [00:00<00:00, 557.62it/s, Materializing param=model.layers.8.mamba.dt_bias]
Loading weights:  21%|███████████▏                                        | 100/466 [00:00<00:00, 557.62it/s, Materializing param=model.layers.8.mamba.in_proj.weight]
Loading weights:  21%|███████████▏                                        | 100/466 [00:00<00:00, 557.62it/s, Materializing param=model.layers.8.mamba.in_proj.weight]
Loading weights:  22%|███████████▉                                           | 101/466 [00:00<00:00, 557.62it/s, Materializing param=model.layers.8.mamba.norm.weight]
Loading weights:  22%|███████████▉                                           | 101/466 [00:00<00:00, 557.62it/s, Materializing param=model.layers.8.mamba.norm.weight]
Loading weights:  22%|███████████▏                                       | 102/466 [00:00<00:00, 557.62it/s, Materializing param=model.layers.8.mamba.out_proj.weight]
Loading weights:  22%|███████████▏                                       | 102/466 [00:00<00:00, 557.62it/s, Materializing param=model.layers.8.mamba.out_proj.weight]
Loading weights:  22%|█████████                                | 103/466 [00:00<00:00, 557.62it/s, Materializing param=model.layers.8.post_attention_layernorm.weight]
Loading weights:  22%|█████████                                | 103/466 [00:00<00:00, 557.62it/s, Materializing param=model.layers.8.post_attention_layernorm.weight]
Loading weights:  22%|█████████▎                                | 104/466 [00:00<00:00, 557.62it/s, Materializing param=model.layers.8.shared_mlp.input_linear.weight]
Loading weights:  22%|█████████▎                                | 104/466 [00:00<00:00, 557.62it/s, Materializing param=model.layers.8.shared_mlp.input_linear.weight]
Loading weights:  23%|█████████▏                               | 105/466 [00:00<00:00, 557.62it/s, Materializing param=model.layers.8.shared_mlp.output_linear.weight]
Loading weights:  23%|█████████▏                               | 105/466 [00:00<00:00, 557.62it/s, Materializing param=model.layers.8.shared_mlp.output_linear.weight]
Loading weights:  23%|███████████▎                                      | 106/466 [00:00<00:00, 557.62it/s, Materializing param=model.layers.9.input_layernorm.weight]
Loading weights:  23%|███████████▎                                      | 106/466 [00:00<00:00, 557.62it/s, Materializing param=model.layers.9.input_layernorm.weight]
Loading weights:  23%|██████████████                                               | 107/466 [00:00<00:00, 557.62it/s, Materializing param=model.layers.9.mamba.A_log]
Loading weights:  23%|██████████████                                               | 107/466 [00:00<00:00, 557.62it/s, Materializing param=model.layers.9.mamba.A_log]
Loading weights:  23%|███████████████                                                  | 108/466 [00:00<00:00, 557.62it/s, Materializing param=model.layers.9.mamba.D]
Loading weights:  23%|███████████████                                                  | 108/466 [00:00<00:00, 557.62it/s, Materializing param=model.layers.9.mamba.D]
Loading weights:  23%|████████████▊                                          | 109/466 [00:00<00:00, 557.62it/s, Materializing param=model.layers.9.mamba.conv1d.bias]
Loading weights:  23%|████████████▊                                          | 109/466 [00:00<00:00, 557.62it/s, Materializing param=model.layers.9.mamba.conv1d.bias]
Loading weights:  24%|████████████▌                                        | 110/466 [00:00<00:00, 557.62it/s, Materializing param=model.layers.9.mamba.conv1d.weight]
Loading weights:  24%|████████████▌                                        | 110/466 [00:00<00:00, 557.62it/s, Materializing param=model.layers.9.mamba.conv1d.weight]
Loading weights:  24%|██████████████                                             | 111/466 [00:00<00:00, 557.62it/s, Materializing param=model.layers.9.mamba.dt_bias]
Loading weights:  24%|██████████████                                             | 111/466 [00:00<00:00, 557.62it/s, Materializing param=model.layers.9.mamba.dt_bias]
Loading weights:  24%|████████████▍                                       | 112/466 [00:00<00:00, 557.62it/s, Materializing param=model.layers.9.mamba.in_proj.weight]
Loading weights:  24%|████████████▍                                       | 112/466 [00:00<00:00, 557.62it/s, Materializing param=model.layers.9.mamba.in_proj.weight]
Loading weights:  24%|█████████████▎                                         | 113/466 [00:00<00:00, 557.62it/s, Materializing param=model.layers.9.mamba.norm.weight]
Loading weights:  24%|█████████████▎                                         | 113/466 [00:00<00:00, 557.62it/s, Materializing param=model.layers.9.mamba.norm.weight]
Loading weights:  24%|████████████▍                                      | 114/466 [00:00<00:00, 557.62it/s, Materializing param=model.layers.9.mamba.out_proj.weight]
Loading weights:  24%|████████████▍                                      | 114/466 [00:00<00:00, 557.62it/s, Materializing param=model.layers.9.mamba.out_proj.weight]
Loading weights:  25%|██████████                               | 115/466 [00:00<00:00, 557.62it/s, Materializing param=model.layers.9.post_attention_layernorm.weight]
Loading weights:  25%|██████████                               | 115/466 [00:00<00:00, 557.62it/s, Materializing param=model.layers.9.post_attention_layernorm.weight]
Loading weights:  25%|██████████▍                               | 116/466 [00:00<00:00, 557.62it/s, Materializing param=model.layers.9.shared_mlp.input_linear.weight]
Loading weights:  25%|██████████▍                               | 116/466 [00:00<00:00, 557.62it/s, Materializing param=model.layers.9.shared_mlp.input_linear.weight]
Loading weights:  25%|██████████▌                               | 117/466 [00:00<00:00, 566.22it/s, Materializing param=model.layers.9.shared_mlp.input_linear.weight]
Loading weights:  25%|██████████▎                              | 117/466 [00:00<00:00, 566.22it/s, Materializing param=model.layers.9.shared_mlp.output_linear.weight]
Loading weights:  25%|██████████▎                              | 117/466 [00:00<00:00, 566.22it/s, Materializing param=model.layers.9.shared_mlp.output_linear.weight]
Loading weights:  25%|████████████▍                                    | 118/466 [00:00<00:00, 566.22it/s, Materializing param=model.layers.10.input_layernorm.weight]
Loading weights:  25%|████████████▍                                    | 118/466 [00:00<00:00, 566.22it/s, Materializing param=model.layers.10.input_layernorm.weight]
Loading weights:  26%|███████████████▎                                            | 119/466 [00:00<00:00, 566.22it/s, Materializing param=model.layers.10.mamba.A_log]
Loading weights:  26%|███████████████▎                                            | 119/466 [00:00<00:00, 566.22it/s, Materializing param=model.layers.10.mamba.A_log]
Loading weights:  26%|████████████████▍                                               | 120/466 [00:00<00:00, 566.22it/s, Materializing param=model.layers.10.mamba.D]
Loading weights:  26%|████████████████▍                                               | 120/466 [00:00<00:00, 566.22it/s, Materializing param=model.layers.10.mamba.D]
Loading weights:  26%|██████████████                                        | 121/466 [00:00<00:00, 566.22it/s, Materializing param=model.layers.10.mamba.conv1d.bias]
Loading weights:  26%|██████████████                                        | 121/466 [00:00<00:00, 566.22it/s, Materializing param=model.layers.10.mamba.conv1d.bias]
Loading weights:  26%|█████████████▌                                      | 122/466 [00:00<00:00, 566.22it/s, Materializing param=model.layers.10.mamba.conv1d.weight]
Loading weights:  26%|█████████████▌                                      | 122/466 [00:00<00:00, 566.22it/s, Materializing param=model.layers.10.mamba.conv1d.weight]
Loading weights:  26%|███████████████▎                                          | 123/466 [00:00<00:00, 566.22it/s, Materializing param=model.layers.10.mamba.dt_bias]
Loading weights:  26%|███████████████▎                                          | 123/466 [00:00<00:00, 566.22it/s, Materializing param=model.layers.10.mamba.dt_bias]
Loading weights:  27%|█████████████▌                                     | 124/466 [00:00<00:00, 566.22it/s, Materializing param=model.layers.10.mamba.in_proj.weight]
Loading weights:  27%|█████████████▌                                     | 124/466 [00:00<00:00, 566.22it/s, Materializing param=model.layers.10.mamba.in_proj.weight]
Loading weights:  27%|██████████████▍                                       | 125/466 [00:00<00:00, 566.22it/s, Materializing param=model.layers.10.mamba.norm.weight]
Loading weights:  27%|██████████████▍                                       | 125/466 [00:00<00:00, 566.22it/s, Materializing param=model.layers.10.mamba.norm.weight]
Loading weights:  27%|█████████████▌                                    | 126/466 [00:00<00:00, 566.22it/s, Materializing param=model.layers.10.mamba.out_proj.weight]
Loading weights:  27%|█████████████▌                                    | 126/466 [00:00<00:00, 566.22it/s, Materializing param=model.layers.10.mamba.out_proj.weight]
Loading weights:  27%|██████████▉                             | 127/466 [00:00<00:00, 566.22it/s, Materializing param=model.layers.10.post_attention_layernorm.weight]
Loading weights:  27%|██████████▉                             | 127/466 [00:00<00:00, 566.22it/s, Materializing param=model.layers.10.post_attention_layernorm.weight]
Loading weights:  27%|███████████▎                             | 128/466 [00:00<00:00, 566.22it/s, Materializing param=model.layers.10.shared_mlp.input_linear.weight]
Loading weights:  27%|███████████▎                             | 128/466 [00:00<00:00, 566.22it/s, Materializing param=model.layers.10.shared_mlp.input_linear.weight]
Loading weights:  28%|███████████                             | 129/466 [00:00<00:00, 566.22it/s, Materializing param=model.layers.10.shared_mlp.output_linear.weight]
Loading weights:  28%|███████████                             | 129/466 [00:00<00:00, 566.22it/s, Materializing param=model.layers.10.shared_mlp.output_linear.weight]
Loading weights:  28%|█████████████▋                                   | 130/466 [00:00<00:00, 566.22it/s, Materializing param=model.layers.11.input_layernorm.weight]
Loading weights:  28%|█████████████▋                                   | 130/466 [00:00<00:00, 566.22it/s, Materializing param=model.layers.11.input_layernorm.weight]
Loading weights:  28%|████████████████▊                                           | 131/466 [00:00<00:00, 566.22it/s, Materializing param=model.layers.11.mamba.A_log]
Loading weights:  28%|████████████████▊                                           | 131/466 [00:00<00:00, 566.22it/s, Materializing param=model.layers.11.mamba.A_log]
Loading weights:  28%|██████████████████▏                                             | 132/466 [00:00<00:00, 566.22it/s, Materializing param=model.layers.11.mamba.D]
Loading weights:  28%|██████████████████▏                                             | 132/466 [00:00<00:00, 566.22it/s, Materializing param=model.layers.11.mamba.D]
Loading weights:  29%|███████████████▍                                      | 133/466 [00:00<00:00, 566.22it/s, Materializing param=model.layers.11.mamba.conv1d.bias]
Loading weights:  29%|███████████████▍                                      | 133/466 [00:00<00:00, 566.22it/s, Materializing param=model.layers.11.mamba.conv1d.bias]
Loading weights:  29%|██████████████▉                                     | 134/466 [00:00<00:00, 566.22it/s, Materializing param=model.layers.11.mamba.conv1d.weight]
Loading weights:  29%|██████████████▉                                     | 134/466 [00:00<00:00, 566.22it/s, Materializing param=model.layers.11.mamba.conv1d.weight]
Loading weights:  29%|████████████████▊                                         | 135/466 [00:00<00:00, 566.22it/s, Materializing param=model.layers.11.mamba.dt_bias]
Loading weights:  29%|████████████████▊                                         | 135/466 [00:00<00:00, 566.22it/s, Materializing param=model.layers.11.mamba.dt_bias]
Loading weights:  29%|██████████████▉                                    | 136/466 [00:00<00:00, 566.22it/s, Materializing param=model.layers.11.mamba.in_proj.weight]
Loading weights:  29%|██████████████▉                                    | 136/466 [00:00<00:00, 566.22it/s, Materializing param=model.layers.11.mamba.in_proj.weight]
Loading weights:  29%|███████████████▉                                      | 137/466 [00:00<00:00, 566.22it/s, Materializing param=model.layers.11.mamba.norm.weight]
Loading weights:  29%|███████████████▉                                      | 137/466 [00:00<00:00, 566.22it/s, Materializing param=model.layers.11.mamba.norm.weight]
Loading weights:  30%|██████████████▊                                   | 138/466 [00:00<00:00, 566.22it/s, Materializing param=model.layers.11.mamba.out_proj.weight]
Loading weights:  30%|██████████████▊                                   | 138/466 [00:00<00:00, 566.22it/s, Materializing param=model.layers.11.mamba.out_proj.weight]
Loading weights:  30%|███████████▉                            | 139/466 [00:00<00:00, 566.22it/s, Materializing param=model.layers.11.post_attention_layernorm.weight]
Loading weights:  30%|███████████▉                            | 139/466 [00:00<00:00, 566.22it/s, Materializing param=model.layers.11.post_attention_layernorm.weight]
Loading weights:  30%|████████████▎                            | 140/466 [00:00<00:00, 566.22it/s, Materializing param=model.layers.11.shared_mlp.input_linear.weight]
Loading weights:  30%|████████████▎                            | 140/466 [00:00<00:00, 566.22it/s, Materializing param=model.layers.11.shared_mlp.input_linear.weight]
Loading weights:  30%|████████████                            | 141/466 [00:00<00:00, 566.22it/s, Materializing param=model.layers.11.shared_mlp.output_linear.weight]
Loading weights:  30%|████████████                            | 141/466 [00:00<00:00, 566.22it/s, Materializing param=model.layers.11.shared_mlp.output_linear.weight]
Loading weights:  30%|██████████████▉                                  | 142/466 [00:00<00:00, 566.22it/s, Materializing param=model.layers.12.input_layernorm.weight]
Loading weights:  30%|██████████████▉                                  | 142/466 [00:00<00:00, 566.22it/s, Materializing param=model.layers.12.input_layernorm.weight]
Loading weights:  31%|██████████████████▍                                         | 143/466 [00:00<00:00, 566.22it/s, Materializing param=model.layers.12.mamba.A_log]
Loading weights:  31%|██████████████████▍                                         | 143/466 [00:00<00:00, 566.22it/s, Materializing param=model.layers.12.mamba.A_log]
Loading weights:  31%|███████████████████▊                                            | 144/466 [00:00<00:00, 566.22it/s, Materializing param=model.layers.12.mamba.D]
Loading weights:  31%|███████████████████▊                                            | 144/466 [00:00<00:00, 566.22it/s, Materializing param=model.layers.12.mamba.D]
Loading weights:  31%|████████████████▊                                     | 145/466 [00:00<00:00, 566.22it/s, Materializing param=model.layers.12.mamba.conv1d.bias]
Loading weights:  31%|████████████████▊                                     | 145/466 [00:00<00:00, 566.22it/s, Materializing param=model.layers.12.mamba.conv1d.bias]
Loading weights:  31%|████████████████▎                                   | 146/466 [00:00<00:00, 566.22it/s, Materializing param=model.layers.12.mamba.conv1d.weight]
Loading weights:  31%|████████████████▎                                   | 146/466 [00:00<00:00, 566.22it/s, Materializing param=model.layers.12.mamba.conv1d.weight]
Loading weights:  32%|██████████████████▎                                       | 147/466 [00:00<00:00, 566.22it/s, Materializing param=model.layers.12.mamba.dt_bias]
Loading weights:  32%|██████████████████▎                                       | 147/466 [00:00<00:00, 566.22it/s, Materializing param=model.layers.12.mamba.dt_bias]
Loading weights:  32%|████████████████▏                                  | 148/466 [00:00<00:00, 566.22it/s, Materializing param=model.layers.12.mamba.in_proj.weight]
Loading weights:  32%|████████████████▏                                  | 148/466 [00:00<00:00, 566.22it/s, Materializing param=model.layers.12.mamba.in_proj.weight]
Loading weights:  32%|█████████████████▎                                    | 149/466 [00:00<00:00, 566.22it/s, Materializing param=model.layers.12.mamba.norm.weight]
Loading weights:  32%|█████████████████▎                                    | 149/466 [00:00<00:00, 566.22it/s, Materializing param=model.layers.12.mamba.norm.weight]
Loading weights:  32%|████████████████                                  | 150/466 [00:00<00:00, 566.22it/s, Materializing param=model.layers.12.mamba.out_proj.weight]
Loading weights:  32%|████████████████                                  | 150/466 [00:00<00:00, 566.22it/s, Materializing param=model.layers.12.mamba.out_proj.weight]
Loading weights:  32%|████████████▉                           | 151/466 [00:00<00:00, 566.22it/s, Materializing param=model.layers.12.post_attention_layernorm.weight]
Loading weights:  32%|████████████▉                           | 151/466 [00:00<00:00, 566.22it/s, Materializing param=model.layers.12.post_attention_layernorm.weight]
Loading weights:  33%|█████████████▎                           | 152/466 [00:00<00:00, 566.22it/s, Materializing param=model.layers.12.shared_mlp.input_linear.weight]
Loading weights:  33%|█████████████▎                           | 152/466 [00:00<00:00, 566.22it/s, Materializing param=model.layers.12.shared_mlp.input_linear.weight]
Loading weights:  33%|█████████████▏                          | 153/466 [00:00<00:00, 566.22it/s, Materializing param=model.layers.12.shared_mlp.output_linear.weight]
Loading weights:  33%|█████████████▏                          | 153/466 [00:00<00:00, 566.22it/s, Materializing param=model.layers.12.shared_mlp.output_linear.weight]
Loading weights:  33%|████████████████▏                                | 154/466 [00:00<00:00, 566.22it/s, Materializing param=model.layers.13.input_layernorm.weight]
Loading weights:  33%|████████████████▏                                | 154/466 [00:00<00:00, 566.22it/s, Materializing param=model.layers.13.input_layernorm.weight]
Loading weights:  33%|███████████████████▉                                        | 155/466 [00:00<00:00, 566.22it/s, Materializing param=model.layers.13.mamba.A_log]
Loading weights:  33%|███████████████████▉                                        | 155/466 [00:00<00:00, 566.22it/s, Materializing param=model.layers.13.mamba.A_log]
Loading weights:  33%|█████████████████████▍                                          | 156/466 [00:00<00:00, 566.22it/s, Materializing param=model.layers.13.mamba.D]
Loading weights:  33%|█████████████████████▍                                          | 156/466 [00:00<00:00, 566.22it/s, Materializing param=model.layers.13.mamba.D]
Loading weights:  34%|██████████████████▏                                   | 157/466 [00:00<00:00, 566.22it/s, Materializing param=model.layers.13.mamba.conv1d.bias]
Loading weights:  34%|██████████████████▏                                   | 157/466 [00:00<00:00, 566.22it/s, Materializing param=model.layers.13.mamba.conv1d.bias]
Loading weights:  34%|█████████████████▋                                  | 158/466 [00:00<00:00, 566.22it/s, Materializing param=model.layers.13.mamba.conv1d.weight]
Loading weights:  34%|█████████████████▋                                  | 158/466 [00:00<00:00, 566.22it/s, Materializing param=model.layers.13.mamba.conv1d.weight]
Loading weights:  34%|███████████████████▊                                      | 159/466 [00:00<00:00, 566.22it/s, Materializing param=model.layers.13.mamba.dt_bias]
Loading weights:  34%|███████████████████▊                                      | 159/466 [00:00<00:00, 566.22it/s, Materializing param=model.layers.13.mamba.dt_bias]
Loading weights:  34%|█████████████████▌                                 | 160/466 [00:00<00:00, 566.22it/s, Materializing param=model.layers.13.mamba.in_proj.weight]
Loading weights:  34%|█████████████████▌                                 | 160/466 [00:00<00:00, 566.22it/s, Materializing param=model.layers.13.mamba.in_proj.weight]
Loading weights:  35%|██████████████████▋                                   | 161/466 [00:00<00:00, 566.22it/s, Materializing param=model.layers.13.mamba.norm.weight]
Loading weights:  35%|██████████████████▋                                   | 161/466 [00:00<00:00, 566.22it/s, Materializing param=model.layers.13.mamba.norm.weight]
Loading weights:  35%|█████████████████▍                                | 162/466 [00:00<00:00, 566.22it/s, Materializing param=model.layers.13.mamba.out_proj.weight]
Loading weights:  35%|█████████████████▍                                | 162/466 [00:00<00:00, 566.22it/s, Materializing param=model.layers.13.mamba.out_proj.weight]
Loading weights:  35%|█████████████▉                          | 163/466 [00:00<00:00, 566.22it/s, Materializing param=model.layers.13.post_attention_layernorm.weight]
Loading weights:  35%|█████████████▉                          | 163/466 [00:00<00:00, 566.22it/s, Materializing param=model.layers.13.post_attention_layernorm.weight]
Loading weights:  35%|██████████████▍                          | 164/466 [00:00<00:00, 566.22it/s, Materializing param=model.layers.13.shared_mlp.input_linear.weight]
Loading weights:  35%|██████████████▍                          | 164/466 [00:00<00:00, 566.22it/s, Materializing param=model.layers.13.shared_mlp.input_linear.weight]
Loading weights:  35%|██████████████▏                         | 165/466 [00:00<00:00, 566.22it/s, Materializing param=model.layers.13.shared_mlp.output_linear.weight]
Loading weights:  35%|██████████████▏                         | 165/466 [00:00<00:00, 566.22it/s, Materializing param=model.layers.13.shared_mlp.output_linear.weight]
Loading weights:  36%|█████████████████▍                               | 166/466 [00:00<00:00, 566.22it/s, Materializing param=model.layers.14.input_layernorm.weight]
Loading weights:  36%|█████████████████▍                               | 166/466 [00:00<00:00, 566.22it/s, Materializing param=model.layers.14.input_layernorm.weight]
Loading weights:  36%|█████████████████████▌                                      | 167/466 [00:00<00:00, 566.22it/s, Materializing param=model.layers.14.mamba.A_log]
Loading weights:  36%|█████████████████████▌                                      | 167/466 [00:00<00:00, 566.22it/s, Materializing param=model.layers.14.mamba.A_log]
Loading weights:  36%|███████████████████████                                         | 168/466 [00:00<00:00, 566.22it/s, Materializing param=model.layers.14.mamba.D]
Loading weights:  36%|███████████████████████                                         | 168/466 [00:00<00:00, 566.22it/s, Materializing param=model.layers.14.mamba.D]
Loading weights:  36%|███████████████████▌                                  | 169/466 [00:00<00:00, 566.22it/s, Materializing param=model.layers.14.mamba.conv1d.bias]
Loading weights:  36%|███████████████████▌                                  | 169/466 [00:00<00:00, 566.22it/s, Materializing param=model.layers.14.mamba.conv1d.bias]
Loading weights:  36%|██████████████████▉                                 | 170/466 [00:00<00:00, 566.22it/s, Materializing param=model.layers.14.mamba.conv1d.weight]
Loading weights:  36%|██████████████████▉                                 | 170/466 [00:00<00:00, 566.22it/s, Materializing param=model.layers.14.mamba.conv1d.weight]
Loading weights:  37%|█████████████████████▎                                    | 171/466 [00:00<00:00, 566.22it/s, Materializing param=model.layers.14.mamba.dt_bias]
Loading weights:  37%|█████████████████████▎                                    | 171/466 [00:00<00:00, 566.22it/s, Materializing param=model.layers.14.mamba.dt_bias]
Loading weights:  37%|██████████████████▊                                | 172/466 [00:00<00:00, 566.22it/s, Materializing param=model.layers.14.mamba.in_proj.weight]
Loading weights:  37%|██████████████████▊                                | 172/466 [00:00<00:00, 566.22it/s, Materializing param=model.layers.14.mamba.in_proj.weight]
Loading weights:  37%|████████████████████                                  | 173/466 [00:00<00:00, 566.22it/s, Materializing param=model.layers.14.mamba.norm.weight]
Loading weights:  37%|████████████████████                                  | 173/466 [00:00<00:00, 566.22it/s, Materializing param=model.layers.14.mamba.norm.weight]
Loading weights:  37%|██████████████████▋                               | 174/466 [00:00<00:00, 566.22it/s, Materializing param=model.layers.14.mamba.out_proj.weight]
Loading weights:  37%|██████████████████▋                               | 174/466 [00:00<00:00, 566.22it/s, Materializing param=model.layers.14.mamba.out_proj.weight]
Loading weights:  38%|███████████████                         | 175/466 [00:00<00:00, 566.22it/s, Materializing param=model.layers.14.post_attention_layernorm.weight]
Loading weights:  38%|███████████████                         | 175/466 [00:00<00:00, 566.22it/s, Materializing param=model.layers.14.post_attention_layernorm.weight]
Loading weights:  38%|███████████████▍                         | 176/466 [00:00<00:00, 566.22it/s, Materializing param=model.layers.14.shared_mlp.input_linear.weight]
Loading weights:  38%|███████████████▍                         | 176/466 [00:00<00:00, 566.22it/s, Materializing param=model.layers.14.shared_mlp.input_linear.weight]
Loading weights:  38%|███████████████▌                         | 177/466 [00:00<00:00, 569.08it/s, Materializing param=model.layers.14.shared_mlp.input_linear.weight]
Loading weights:  38%|███████████████▏                        | 177/466 [00:00<00:00, 569.08it/s, Materializing param=model.layers.14.shared_mlp.output_linear.weight]
Loading weights:  38%|███████████████▏                        | 177/466 [00:00<00:00, 569.08it/s, Materializing param=model.layers.14.shared_mlp.output_linear.weight]
Loading weights:  38%|██████████████████▋                              | 178/466 [00:00<00:00, 569.08it/s, Materializing param=model.layers.15.input_layernorm.weight]
Loading weights:  38%|██████████████████▋                              | 178/466 [00:00<00:00, 569.08it/s, Materializing param=model.layers.15.input_layernorm.weight]
Loading weights:  38%|███████████████▎                        | 179/466 [00:00<00:00, 569.08it/s, Materializing param=model.layers.15.post_attention_layernorm.weight]
Loading weights:  38%|███████████████▎                        | 179/466 [00:00<00:00, 569.08it/s, Materializing param=model.layers.15.post_attention_layernorm.weight]
Loading weights:  39%|██████████████████▌                             | 180/466 [00:00<00:00, 569.08it/s, Materializing param=model.layers.15.self_attn.k_proj.weight]
Loading weights:  39%|██████████████████▌                             | 180/466 [00:00<00:00, 569.08it/s, Materializing param=model.layers.15.self_attn.k_proj.weight]
Loading weights:  39%|██████████████████▋                             | 181/466 [00:00<00:00, 569.08it/s, Materializing param=model.layers.15.self_attn.o_proj.weight]
Loading weights:  39%|██████████████████▋                             | 181/466 [00:00<00:00, 569.08it/s, Materializing param=model.layers.15.self_attn.o_proj.weight]
Loading weights:  39%|██████████████████▋                             | 182/466 [00:00<00:00, 569.08it/s, Materializing param=model.layers.15.self_attn.q_proj.weight]
Loading weights:  39%|██████████████████▋                             | 182/466 [00:00<00:00, 569.08it/s, Materializing param=model.layers.15.self_attn.q_proj.weight]
Loading weights:  39%|██████████████████▊                             | 183/466 [00:00<00:00, 569.08it/s, Materializing param=model.layers.15.self_attn.v_proj.weight]
Loading weights:  39%|██████████████████▊                             | 183/466 [00:00<00:00, 569.08it/s, Materializing param=model.layers.15.self_attn.v_proj.weight]
Loading weights:  39%|████████████████▏                        | 184/466 [00:00<00:00, 569.08it/s, Materializing param=model.layers.15.shared_mlp.input_linear.weight]
Loading weights:  39%|████████████████▏                        | 184/466 [00:00<00:00, 569.08it/s, Materializing param=model.layers.15.shared_mlp.input_linear.weight]
Loading weights:  40%|███████████████▉                        | 185/466 [00:00<00:00, 569.08it/s, Materializing param=model.layers.15.shared_mlp.output_linear.weight]
Loading weights:  40%|███████████████▉                        | 185/466 [00:00<00:00, 569.08it/s, Materializing param=model.layers.15.shared_mlp.output_linear.weight]
Loading weights:  40%|███████████████████▌                             | 186/466 [00:00<00:00, 569.08it/s, Materializing param=model.layers.16.input_layernorm.weight]
Loading weights:  40%|███████████████████▌                             | 186/466 [00:00<00:00, 569.08it/s, Materializing param=model.layers.16.input_layernorm.weight]
Loading weights:  40%|████████████████████████                                    | 187/466 [00:00<00:00, 569.08it/s, Materializing param=model.layers.16.mamba.A_log]
Loading weights:  40%|████████████████████████                                    | 187/466 [00:00<00:00, 569.08it/s, Materializing param=model.layers.16.mamba.A_log]
Loading weights:  40%|█████████████████████████▊                                      | 188/466 [00:00<00:00, 569.08it/s, Materializing param=model.layers.16.mamba.D]
Loading weights:  40%|█████████████████████████▊                                      | 188/466 [00:00<00:00, 569.08it/s, Materializing param=model.layers.16.mamba.D]
Loading weights:  41%|█████████████████████▉                                | 189/466 [00:00<00:00, 569.08it/s, Materializing param=model.layers.16.mamba.conv1d.bias]
Loading weights:  41%|█████████████████████▉                                | 189/466 [00:00<00:00, 569.08it/s, Materializing param=model.layers.16.mamba.conv1d.bias]
Loading weights:  41%|█████████████████████▏                              | 190/466 [00:00<00:00, 569.08it/s, Materializing param=model.layers.16.mamba.conv1d.weight]
Loading weights:  41%|█████████████████████▏                              | 190/466 [00:00<00:00, 569.08it/s, Materializing param=model.layers.16.mamba.conv1d.weight]
Loading weights:  41%|███████████████████████▊                                  | 191/466 [00:00<00:00, 569.08it/s, Materializing param=model.layers.16.mamba.dt_bias]
Loading weights:  41%|███████████████████████▊                                  | 191/466 [00:00<00:00, 569.08it/s, Materializing param=model.layers.16.mamba.dt_bias]
Loading weights:  41%|█████████████████████                              | 192/466 [00:00<00:00, 569.08it/s, Materializing param=model.layers.16.mamba.in_proj.weight]
Loading weights:  41%|█████████████████████                              | 192/466 [00:00<00:00, 569.08it/s, Materializing param=model.layers.16.mamba.in_proj.weight]
Loading weights:  41%|██████████████████████▎                               | 193/466 [00:00<00:00, 569.08it/s, Materializing param=model.layers.16.mamba.norm.weight]
Loading weights:  41%|██████████████████████▎                               | 193/466 [00:00<00:00, 569.08it/s, Materializing param=model.layers.16.mamba.norm.weight]
Loading weights:  42%|████████████████████▊                             | 194/466 [00:00<00:00, 569.08it/s, Materializing param=model.layers.16.mamba.out_proj.weight]
Loading weights:  42%|████████████████████▊                             | 194/466 [00:00<00:00, 569.08it/s, Materializing param=model.layers.16.mamba.out_proj.weight]
Loading weights:  42%|████████████████▋                       | 195/466 [00:00<00:00, 569.08it/s, Materializing param=model.layers.16.post_attention_layernorm.weight]
Loading weights:  42%|████████████████▋                       | 195/466 [00:00<00:00, 569.08it/s, Materializing param=model.layers.16.post_attention_layernorm.weight]
Loading weights:  42%|█████████████████▏                       | 196/466 [00:00<00:00, 569.08it/s, Materializing param=model.layers.16.shared_mlp.input_linear.weight]
Loading weights:  42%|█████████████████▏                       | 196/466 [00:00<00:00, 569.08it/s, Materializing param=model.layers.16.shared_mlp.input_linear.weight]
Loading weights:  42%|████████████████▉                       | 197/466 [00:00<00:00, 569.08it/s, Materializing param=model.layers.16.shared_mlp.output_linear.weight]
Loading weights:  42%|████████████████▉                       | 197/466 [00:00<00:00, 569.08it/s, Materializing param=model.layers.16.shared_mlp.output_linear.weight]
Loading weights:  42%|████████████████████▊                            | 198/466 [00:00<00:00, 569.08it/s, Materializing param=model.layers.17.input_layernorm.weight]
Loading weights:  42%|████████████████████▊                            | 198/466 [00:00<00:00, 569.08it/s, Materializing param=model.layers.17.input_layernorm.weight]
Loading weights:  43%|█████████████████████████▌                                  | 199/466 [00:00<00:00, 569.08it/s, Materializing param=model.layers.17.mamba.A_log]
Loading weights:  43%|█████████████████████████▌                                  | 199/466 [00:00<00:00, 569.08it/s, Materializing param=model.layers.17.mamba.A_log]
Loading weights:  43%|███████████████████████████▍                                    | 200/466 [00:00<00:00, 569.08it/s, Materializing param=model.layers.17.mamba.D]
Loading weights:  43%|███████████████████████████▍                                    | 200/466 [00:00<00:00, 569.08it/s, Materializing param=model.layers.17.mamba.D]
Loading weights:  43%|███████████████████████▎                              | 201/466 [00:00<00:00, 569.08it/s, Materializing param=model.layers.17.mamba.conv1d.bias]
Loading weights:  43%|███████████████████████▎                              | 201/466 [00:00<00:00, 569.08it/s, Materializing param=model.layers.17.mamba.conv1d.bias]
Loading weights:  43%|██████████████████████▌                             | 202/466 [00:00<00:00, 569.08it/s, Materializing param=model.layers.17.mamba.conv1d.weight]
Loading weights:  43%|██████████████████████▌                             | 202/466 [00:00<00:00, 569.08it/s, Materializing param=model.layers.17.mamba.conv1d.weight]
Loading weights:  44%|█████████████████████████▎                                | 203/466 [00:00<00:00, 569.08it/s, Materializing param=model.layers.17.mamba.dt_bias]
Loading weights:  44%|█████████████████████████▎                                | 203/466 [00:00<00:00, 569.08it/s, Materializing param=model.layers.17.mamba.dt_bias]
Loading weights:  44%|██████████████████████▎                            | 204/466 [00:00<00:00, 569.08it/s, Materializing param=model.layers.17.mamba.in_proj.weight]
Loading weights:  44%|██████████████████████▎                            | 204/466 [00:00<00:00, 569.08it/s, Materializing param=model.layers.17.mamba.in_proj.weight]
Loading weights:  44%|███████████████████████▊                              | 205/466 [00:00<00:00, 569.08it/s, Materializing param=model.layers.17.mamba.norm.weight]
Loading weights:  44%|███████████████████████▊                              | 205/466 [00:00<00:00, 569.08it/s, Materializing param=model.layers.17.mamba.norm.weight]
Loading weights:  44%|██████████████████████                            | 206/466 [00:00<00:00, 569.08it/s, Materializing param=model.layers.17.mamba.out_proj.weight]
Loading weights:  44%|██████████████████████                            | 206/466 [00:00<00:00, 569.08it/s, Materializing param=model.layers.17.mamba.out_proj.weight]
Loading weights:  44%|█████████████████▊                      | 207/466 [00:00<00:00, 569.08it/s, Materializing param=model.layers.17.post_attention_layernorm.weight]
Loading weights:  44%|█████████████████▊                      | 207/466 [00:00<00:00, 569.08it/s, Materializing param=model.layers.17.post_attention_layernorm.weight]
Loading weights:  45%|██████████████████▎                      | 208/466 [00:00<00:00, 569.08it/s, Materializing param=model.layers.17.shared_mlp.input_linear.weight]
Loading weights:  45%|██████████████████▎                      | 208/466 [00:00<00:00, 569.08it/s, Materializing param=model.layers.17.shared_mlp.input_linear.weight]
Loading weights:  45%|█████████████████▉                      | 209/466 [00:00<00:00, 569.08it/s, Materializing param=model.layers.17.shared_mlp.output_linear.weight]
Loading weights:  45%|█████████████████▉                      | 209/466 [00:00<00:00, 569.08it/s, Materializing param=model.layers.17.shared_mlp.output_linear.weight]
Loading weights:  45%|██████████████████████                           | 210/466 [00:00<00:00, 569.08it/s, Materializing param=model.layers.18.input_layernorm.weight]
Loading weights:  45%|██████████████████████                           | 210/466 [00:00<00:00, 569.08it/s, Materializing param=model.layers.18.input_layernorm.weight]
Loading weights:  45%|███████████████████████████▏                                | 211/466 [00:00<00:00, 569.08it/s, Materializing param=model.layers.18.mamba.A_log]
Loading weights:  45%|███████████████████████████▏                                | 211/466 [00:00<00:00, 569.08it/s, Materializing param=model.layers.18.mamba.A_log]
Loading weights:  45%|█████████████████████████████                                   | 212/466 [00:00<00:00, 569.08it/s, Materializing param=model.layers.18.mamba.D]
Loading weights:  45%|█████████████████████████████                                   | 212/466 [00:00<00:00, 569.08it/s, Materializing param=model.layers.18.mamba.D]
Loading weights:  46%|████████████████████████▋                             | 213/466 [00:00<00:00, 569.08it/s, Materializing param=model.layers.18.mamba.conv1d.bias]
Loading weights:  46%|████████████████████████▋                             | 213/466 [00:00<00:00, 569.08it/s, Materializing param=model.layers.18.mamba.conv1d.bias]
Loading weights:  46%|███████████████████████▉                            | 214/466 [00:00<00:00, 569.08it/s, Materializing param=model.layers.18.mamba.conv1d.weight]
Loading weights:  46%|███████████████████████▉                            | 214/466 [00:00<00:00, 569.08it/s, Materializing param=model.layers.18.mamba.conv1d.weight]
Loading weights:  46%|██████████████████████████▊                               | 215/466 [00:00<00:00, 569.08it/s, Materializing param=model.layers.18.mamba.dt_bias]
Loading weights:  46%|██████████████████████████▊                               | 215/466 [00:00<00:00, 569.08it/s, Materializing param=model.layers.18.mamba.dt_bias]
Loading weights:  46%|███████████████████████▋                           | 216/466 [00:00<00:00, 569.08it/s, Materializing param=model.layers.18.mamba.in_proj.weight]
Loading weights:  46%|███████████████████████▋                           | 216/466 [00:00<00:00, 569.08it/s, Materializing param=model.layers.18.mamba.in_proj.weight]
Loading weights:  47%|█████████████████████████▏                            | 217/466 [00:00<00:00, 569.08it/s, Materializing param=model.layers.18.mamba.norm.weight]
Loading weights:  47%|█████████████████████████▏                            | 217/466 [00:00<00:00, 569.08it/s, Materializing param=model.layers.18.mamba.norm.weight]
Loading weights:  47%|███████████████████████▍                          | 218/466 [00:00<00:00, 569.08it/s, Materializing param=model.layers.18.mamba.out_proj.weight]
Loading weights:  47%|███████████████████████▍                          | 218/466 [00:00<00:00, 569.08it/s, Materializing param=model.layers.18.mamba.out_proj.weight]
Loading weights:  47%|██████████████████▊                     | 219/466 [00:00<00:00, 569.08it/s, Materializing param=model.layers.18.post_attention_layernorm.weight]
Loading weights:  47%|██████████████████▊                     | 219/466 [00:00<00:00, 569.08it/s, Materializing param=model.layers.18.post_attention_layernorm.weight]
Loading weights:  47%|███████████████████▎                     | 220/466 [00:00<00:00, 569.08it/s, Materializing param=model.layers.18.shared_mlp.input_linear.weight]
Loading weights:  47%|███████████████████▎                     | 220/466 [00:00<00:00, 569.08it/s, Materializing param=model.layers.18.shared_mlp.input_linear.weight]
Loading weights:  47%|██████████████████▉                     | 221/466 [00:00<00:00, 569.08it/s, Materializing param=model.layers.18.shared_mlp.output_linear.weight]
Loading weights:  47%|██████████████████▉                     | 221/466 [00:00<00:00, 569.08it/s, Materializing param=model.layers.18.shared_mlp.output_linear.weight]
Loading weights:  48%|███████████████████████▎                         | 222/466 [00:00<00:00, 569.08it/s, Materializing param=model.layers.19.input_layernorm.weight]
Loading weights:  48%|███████████████████████▎                         | 222/466 [00:00<00:00, 569.08it/s, Materializing param=model.layers.19.input_layernorm.weight]
Loading weights:  48%|████████████████████████████▋                               | 223/466 [00:00<00:00, 569.08it/s, Materializing param=model.layers.19.mamba.A_log]
Loading weights:  48%|████████████████████████████▋                               | 223/466 [00:00<00:00, 569.08it/s, Materializing param=model.layers.19.mamba.A_log]
Loading weights:  48%|██████████████████████████████▊                                 | 224/466 [00:00<00:00, 569.08it/s, Materializing param=model.layers.19.mamba.D]
Loading weights:  48%|██████████████████████████████▊                                 | 224/466 [00:00<00:00, 569.08it/s, Materializing param=model.layers.19.mamba.D]
Loading weights:  48%|██████████████████████████                            | 225/466 [00:00<00:00, 569.08it/s, Materializing param=model.layers.19.mamba.conv1d.bias]
Loading weights:  48%|██████████████████████████                            | 225/466 [00:00<00:00, 569.08it/s, Materializing param=model.layers.19.mamba.conv1d.bias]
Loading weights:  48%|█████████████████████████▏                          | 226/466 [00:00<00:00, 569.08it/s, Materializing param=model.layers.19.mamba.conv1d.weight]
Loading weights:  48%|█████████████████████████▏                          | 226/466 [00:00<00:00, 569.08it/s, Materializing param=model.layers.19.mamba.conv1d.weight]
Loading weights:  49%|████████████████████████████▎                             | 227/466 [00:00<00:00, 569.08it/s, Materializing param=model.layers.19.mamba.dt_bias]
Loading weights:  49%|████████████████████████████▎                             | 227/466 [00:00<00:00, 569.08it/s, Materializing param=model.layers.19.mamba.dt_bias]
Loading weights:  49%|████████████████████████▉                          | 228/466 [00:00<00:00, 569.08it/s, Materializing param=model.layers.19.mamba.in_proj.weight]
Loading weights:  49%|████████████████████████▉                          | 228/466 [00:00<00:00, 569.08it/s, Materializing param=model.layers.19.mamba.in_proj.weight]
Loading weights:  49%|██████████████████████████▌                           | 229/466 [00:00<00:00, 569.08it/s, Materializing param=model.layers.19.mamba.norm.weight]
Loading weights:  49%|██████████████████████████▌                           | 229/466 [00:00<00:00, 569.08it/s, Materializing param=model.layers.19.mamba.norm.weight]
Loading weights:  49%|████████████████████████▋                         | 230/466 [00:00<00:00, 569.08it/s, Materializing param=model.layers.19.mamba.out_proj.weight]
Loading weights:  49%|████████████████████████▋                         | 230/466 [00:00<00:00, 569.08it/s, Materializing param=model.layers.19.mamba.out_proj.weight]
Loading weights:  50%|███████████████████▊                    | 231/466 [00:00<00:00, 569.08it/s, Materializing param=model.layers.19.post_attention_layernorm.weight]
Loading weights:  50%|███████████████████▊                    | 231/466 [00:00<00:00, 569.08it/s, Materializing param=model.layers.19.post_attention_layernorm.weight]
Loading weights:  50%|████████████████████▍                    | 232/466 [00:00<00:00, 569.08it/s, Materializing param=model.layers.19.shared_mlp.input_linear.weight]
Loading weights:  50%|████████████████████▍                    | 232/466 [00:00<00:00, 569.08it/s, Materializing param=model.layers.19.shared_mlp.input_linear.weight]
Loading weights:  50%|████████████████████                    | 233/466 [00:00<00:00, 569.08it/s, Materializing param=model.layers.19.shared_mlp.output_linear.weight]
Loading weights:  50%|████████████████████                    | 233/466 [00:00<00:00, 569.08it/s, Materializing param=model.layers.19.shared_mlp.output_linear.weight]
Loading weights:  50%|████████████████████████▌                        | 234/466 [00:00<00:00, 569.08it/s, Materializing param=model.layers.20.input_layernorm.weight]
Loading weights:  50%|████████████████████████▌                        | 234/466 [00:00<00:00, 569.08it/s, Materializing param=model.layers.20.input_layernorm.weight]
Loading weights:  50%|██████████████████████████████▎                             | 235/466 [00:00<00:00, 569.08it/s, Materializing param=model.layers.20.mamba.A_log]
Loading weights:  50%|██████████████████████████████▎                             | 235/466 [00:00<00:00, 569.08it/s, Materializing param=model.layers.20.mamba.A_log]
Loading weights:  51%|████████████████████████████████▍                               | 236/466 [00:00<00:00, 569.08it/s, Materializing param=model.layers.20.mamba.D]
Loading weights:  51%|████████████████████████████████▍                               | 236/466 [00:00<00:00, 569.08it/s, Materializing param=model.layers.20.mamba.D]
Loading weights:  51%|███████████████████████████▍                          | 237/466 [00:00<00:00, 569.08it/s, Materializing param=model.layers.20.mamba.conv1d.bias]
Loading weights:  51%|███████████████████████████▍                          | 237/466 [00:00<00:00, 569.08it/s, Materializing param=model.layers.20.mamba.conv1d.bias]
Loading weights:  51%|██████████████████████████▌                         | 238/466 [00:00<00:00, 569.08it/s, Materializing param=model.layers.20.mamba.conv1d.weight]
Loading weights:  51%|██████████████████████████▌                         | 238/466 [00:00<00:00, 569.08it/s, Materializing param=model.layers.20.mamba.conv1d.weight]
Loading weights:  51%|█████████████████████████████▋                            | 239/466 [00:00<00:00, 569.08it/s, Materializing param=model.layers.20.mamba.dt_bias]
Loading weights:  51%|█████████████████████████████▋                            | 239/466 [00:00<00:00, 569.08it/s, Materializing param=model.layers.20.mamba.dt_bias]
Loading weights:  52%|█████████████████████████████▊                            | 240/466 [00:00<00:00, 586.15it/s, Materializing param=model.layers.20.mamba.dt_bias]
Loading weights:  52%|██████████████████████████▎                        | 240/466 [00:00<00:00, 586.15it/s, Materializing param=model.layers.20.mamba.in_proj.weight]
Loading weights:  52%|██████████████████████████▎                        | 240/466 [00:00<00:00, 586.15it/s, Materializing param=model.layers.20.mamba.in_proj.weight]
Loading weights:  52%|███████████████████████████▉                          | 241/466 [00:00<00:00, 586.15it/s, Materializing param=model.layers.20.mamba.norm.weight]
Loading weights:  52%|███████████████████████████▉                          | 241/466 [00:00<00:00, 586.15it/s, Materializing param=model.layers.20.mamba.norm.weight]
Loading weights:  52%|█████████████████████████▉                        | 242/466 [00:00<00:00, 586.15it/s, Materializing param=model.layers.20.mamba.out_proj.weight]
Loading weights:  52%|█████████████████████████▉                        | 242/466 [00:00<00:00, 586.15it/s, Materializing param=model.layers.20.mamba.out_proj.weight]
Loading weights:  52%|████████████████████▊                   | 243/466 [00:00<00:00, 586.15it/s, Materializing param=model.layers.20.post_attention_layernorm.weight]
Loading weights:  52%|████████████████████▊                   | 243/466 [00:00<00:00, 586.15it/s, Materializing param=model.layers.20.post_attention_layernorm.weight]
Loading weights:  52%|█████████████████████▍                   | 244/466 [00:00<00:00, 586.15it/s, Materializing param=model.layers.20.shared_mlp.input_linear.weight]
Loading weights:  52%|█████████████████████▍                   | 244/466 [00:00<00:00, 586.15it/s, Materializing param=model.layers.20.shared_mlp.input_linear.weight]
Loading weights:  53%|█████████████████████                   | 245/466 [00:00<00:00, 586.15it/s, Materializing param=model.layers.20.shared_mlp.output_linear.weight]
Loading weights:  53%|█████████████████████                   | 245/466 [00:00<00:00, 586.15it/s, Materializing param=model.layers.20.shared_mlp.output_linear.weight]
Loading weights:  53%|█████████████████████████▊                       | 246/466 [00:00<00:00, 586.15it/s, Materializing param=model.layers.21.input_layernorm.weight]
Loading weights:  53%|█████████████████████████▊                       | 246/466 [00:00<00:00, 586.15it/s, Materializing param=model.layers.21.input_layernorm.weight]
Loading weights:  53%|███████████████████████████████▊                            | 247/466 [00:00<00:00, 586.15it/s, Materializing param=model.layers.21.mamba.A_log]
Loading weights:  53%|███████████████████████████████▊                            | 247/466 [00:00<00:00, 586.15it/s, Materializing param=model.layers.21.mamba.A_log]
Loading weights:  53%|██████████████████████████████████                              | 248/466 [00:00<00:00, 586.15it/s, Materializing param=model.layers.21.mamba.D]
Loading weights:  53%|██████████████████████████████████                              | 248/466 [00:00<00:00, 586.15it/s, Materializing param=model.layers.21.mamba.D]
Loading weights:  53%|████████████████████████████▊                         | 249/466 [00:00<00:00, 586.15it/s, Materializing param=model.layers.21.mamba.conv1d.bias]
Loading weights:  53%|████████████████████████████▊                         | 249/466 [00:00<00:00, 586.15it/s, Materializing param=model.layers.21.mamba.conv1d.bias]
Loading weights:  54%|███████████████████████████▉                        | 250/466 [00:00<00:00, 586.15it/s, Materializing param=model.layers.21.mamba.conv1d.weight]
Loading weights:  54%|███████████████████████████▉                        | 250/466 [00:00<00:00, 586.15it/s, Materializing param=model.layers.21.mamba.conv1d.weight]
Loading weights:  54%|███████████████████████████████▏                          | 251/466 [00:00<00:00, 586.15it/s, Materializing param=model.layers.21.mamba.dt_bias]
Loading weights:  54%|███████████████████████████████▏                          | 251/466 [00:00<00:00, 586.15it/s, Materializing param=model.layers.21.mamba.dt_bias]
Loading weights:  54%|███████████████████████████▌                       | 252/466 [00:00<00:00, 586.15it/s, Materializing param=model.layers.21.mamba.in_proj.weight]
Loading weights:  54%|███████████████████████████▌                       | 252/466 [00:00<00:00, 586.15it/s, Materializing param=model.layers.21.mamba.in_proj.weight]
Loading weights:  54%|█████████████████████████████▎                        | 253/466 [00:00<00:00, 586.15it/s, Materializing param=model.layers.21.mamba.norm.weight]
Loading weights:  54%|█████████████████████████████▎                        | 253/466 [00:00<00:00, 586.15it/s, Materializing param=model.layers.21.mamba.norm.weight]
Loading weights:  55%|███████████████████████████▎                      | 254/466 [00:00<00:00, 586.15it/s, Materializing param=model.layers.21.mamba.out_proj.weight]
Loading weights:  55%|███████████████████████████▎                      | 254/466 [00:00<00:00, 586.15it/s, Materializing param=model.layers.21.mamba.out_proj.weight]
Loading weights:  55%|█████████████████████▉                  | 255/466 [00:00<00:00, 586.15it/s, Materializing param=model.layers.21.post_attention_layernorm.weight]
Loading weights:  55%|█████████████████████▉                  | 255/466 [00:00<00:00, 586.15it/s, Materializing param=model.layers.21.post_attention_layernorm.weight]
Loading weights:  55%|██████████████████████▌                  | 256/466 [00:00<00:00, 586.15it/s, Materializing param=model.layers.21.shared_mlp.input_linear.weight]
Loading weights:  55%|██████████████████████▌                  | 256/466 [00:00<00:00, 586.15it/s, Materializing param=model.layers.21.shared_mlp.input_linear.weight]
Loading weights:  55%|██████████████████████                  | 257/466 [00:00<00:00, 586.15it/s, Materializing param=model.layers.21.shared_mlp.output_linear.weight]
Loading weights:  55%|██████████████████████                  | 257/466 [00:00<00:00, 586.15it/s, Materializing param=model.layers.21.shared_mlp.output_linear.weight]
Loading weights:  55%|███████████████████████████▏                     | 258/466 [00:00<00:00, 586.15it/s, Materializing param=model.layers.22.input_layernorm.weight]
Loading weights:  55%|███████████████████████████▏                     | 258/466 [00:00<00:00, 586.15it/s, Materializing param=model.layers.22.input_layernorm.weight]
Loading weights:  56%|█████████████████████████████████▎                          | 259/466 [00:00<00:00, 586.15it/s, Materializing param=model.layers.22.mamba.A_log]
Loading weights:  56%|█████████████████████████████████▎                          | 259/466 [00:00<00:00, 586.15it/s, Materializing param=model.layers.22.mamba.A_log]
Loading weights:  56%|███████████████████████████████████▋                            | 260/466 [00:00<00:00, 586.15it/s, Materializing param=model.layers.22.mamba.D]
Loading weights:  56%|███████████████████████████████████▋                            | 260/466 [00:00<00:00, 586.15it/s, Materializing param=model.layers.22.mamba.D]
Loading weights:  56%|██████████████████████████████▏                       | 261/466 [00:00<00:00, 586.15it/s, Materializing param=model.layers.22.mamba.conv1d.bias]
Loading weights:  56%|██████████████████████████████▏                       | 261/466 [00:00<00:00, 586.15it/s, Materializing param=model.layers.22.mamba.conv1d.bias]
Loading weights:  56%|█████████████████████████████▏                      | 262/466 [00:00<00:00, 586.15it/s, Materializing param=model.layers.22.mamba.conv1d.weight]
Loading weights:  56%|█████████████████████████████▏                      | 262/466 [00:00<00:00, 586.15it/s, Materializing param=model.layers.22.mamba.conv1d.weight]
Loading weights:  56%|████████████████████████████████▋                         | 263/466 [00:00<00:00, 586.15it/s, Materializing param=model.layers.22.mamba.dt_bias]
Loading weights:  56%|████████████████████████████████▋                         | 263/466 [00:00<00:00, 586.15it/s, Materializing param=model.layers.22.mamba.dt_bias]
Loading weights:  57%|████████████████████████████▉                      | 264/466 [00:00<00:00, 586.15it/s, Materializing param=model.layers.22.mamba.in_proj.weight]
Loading weights:  57%|████████████████████████████▉                      | 264/466 [00:00<00:00, 586.15it/s, Materializing param=model.layers.22.mamba.in_proj.weight]
Loading weights:  57%|██████████████████████████████▋                       | 265/466 [00:00<00:00, 586.15it/s, Materializing param=model.layers.22.mamba.norm.weight]
Loading weights:  57%|██████████████████████████████▋                       | 265/466 [00:00<00:00, 586.15it/s, Materializing param=model.layers.22.mamba.norm.weight]
Loading weights:  57%|████████████████████████████▌                     | 266/466 [00:00<00:00, 586.15it/s, Materializing param=model.layers.22.mamba.out_proj.weight]
Loading weights:  57%|████████████████████████████▌                     | 266/466 [00:00<00:00, 586.15it/s, Materializing param=model.layers.22.mamba.out_proj.weight]
Loading weights:  57%|██████████████████████▉                 | 267/466 [00:00<00:00, 586.15it/s, Materializing param=model.layers.22.post_attention_layernorm.weight]
Loading weights:  57%|██████████████████████▉                 | 267/466 [00:00<00:00, 586.15it/s, Materializing param=model.layers.22.post_attention_layernorm.weight]
Loading weights:  58%|███████████████████████▌                 | 268/466 [00:00<00:00, 586.15it/s, Materializing param=model.layers.22.shared_mlp.input_linear.weight]
Loading weights:  58%|███████████████████████▌                 | 268/466 [00:00<00:00, 586.15it/s, Materializing param=model.layers.22.shared_mlp.input_linear.weight]
Loading weights:  58%|███████████████████████                 | 269/466 [00:00<00:00, 586.15it/s, Materializing param=model.layers.22.shared_mlp.output_linear.weight]
Loading weights:  58%|███████████████████████                 | 269/466 [00:00<00:00, 586.15it/s, Materializing param=model.layers.22.shared_mlp.output_linear.weight]
Loading weights:  58%|████████████████████████████▍                    | 270/466 [00:00<00:00, 586.15it/s, Materializing param=model.layers.23.input_layernorm.weight]
Loading weights:  58%|████████████████████████████▍                    | 270/466 [00:00<00:00, 586.15it/s, Materializing param=model.layers.23.input_layernorm.weight]
Loading weights:  58%|██████████████████████████████████▉                         | 271/466 [00:00<00:00, 586.15it/s, Materializing param=model.layers.23.mamba.A_log]
Loading weights:  58%|██████████████████████████████████▉                         | 271/466 [00:00<00:00, 586.15it/s, Materializing param=model.layers.23.mamba.A_log]
Loading weights:  58%|█████████████████████████████████████▎                          | 272/466 [00:00<00:00, 586.15it/s, Materializing param=model.layers.23.mamba.D]
Loading weights:  58%|█████████████████████████████████████▎                          | 272/466 [00:00<00:00, 586.15it/s, Materializing param=model.layers.23.mamba.D]
Loading weights:  59%|███████████████████████████████▋                      | 273/466 [00:00<00:00, 586.15it/s, Materializing param=model.layers.23.mamba.conv1d.bias]
Loading weights:  59%|███████████████████████████████▋                      | 273/466 [00:00<00:00, 586.15it/s, Materializing param=model.layers.23.mamba.conv1d.bias]
Loading weights:  59%|██████████████████████████████▌                     | 274/466 [00:00<00:00, 586.15it/s, Materializing param=model.layers.23.mamba.conv1d.weight]
Loading weights:  59%|██████████████████████████████▌                     | 274/466 [00:00<00:00, 586.15it/s, Materializing param=model.layers.23.mamba.conv1d.weight]
Loading weights:  59%|██████████████████████████████████▏                       | 275/466 [00:00<00:00, 586.15it/s, Materializing param=model.layers.23.mamba.dt_bias]
Loading weights:  59%|██████████████████████████████████▏                       | 275/466 [00:00<00:00, 586.15it/s, Materializing param=model.layers.23.mamba.dt_bias]
Loading weights:  59%|██████████████████████████████▏                    | 276/466 [00:00<00:00, 586.15it/s, Materializing param=model.layers.23.mamba.in_proj.weight]
Loading weights:  59%|██████████████████████████████▏                    | 276/466 [00:00<00:00, 586.15it/s, Materializing param=model.layers.23.mamba.in_proj.weight]
Loading weights:  59%|████████████████████████████████                      | 277/466 [00:00<00:00, 586.15it/s, Materializing param=model.layers.23.mamba.norm.weight]
Loading weights:  59%|████████████████████████████████                      | 277/466 [00:00<00:00, 586.15it/s, Materializing param=model.layers.23.mamba.norm.weight]
Loading weights:  60%|█████████████████████████████▊                    | 278/466 [00:00<00:00, 586.15it/s, Materializing param=model.layers.23.mamba.out_proj.weight]
Loading weights:  60%|█████████████████████████████▊                    | 278/466 [00:00<00:00, 586.15it/s, Materializing param=model.layers.23.mamba.out_proj.weight]
Loading weights:  60%|███████████████████████▉                | 279/466 [00:00<00:00, 586.15it/s, Materializing param=model.layers.23.post_attention_layernorm.weight]
Loading weights:  60%|███████████████████████▉                | 279/466 [00:00<00:00, 586.15it/s, Materializing param=model.layers.23.post_attention_layernorm.weight]
Loading weights:  60%|████████████████████████▋                | 280/466 [00:00<00:00, 586.15it/s, Materializing param=model.layers.23.shared_mlp.input_linear.weight]
Loading weights:  60%|████████████████████████▋                | 280/466 [00:00<00:00, 586.15it/s, Materializing param=model.layers.23.shared_mlp.input_linear.weight]
Loading weights:  60%|████████████████████████                | 281/466 [00:00<00:00, 586.15it/s, Materializing param=model.layers.23.shared_mlp.output_linear.weight]
Loading weights:  60%|████████████████████████                | 281/466 [00:00<00:00, 586.15it/s, Materializing param=model.layers.23.shared_mlp.output_linear.weight]
Loading weights:  61%|█████████████████████████████▋                   | 282/466 [00:00<00:00, 586.15it/s, Materializing param=model.layers.24.input_layernorm.weight]
Loading weights:  61%|█████████████████████████████▋                   | 282/466 [00:00<00:00, 586.15it/s, Materializing param=model.layers.24.input_layernorm.weight]
Loading weights:  61%|████████████████████████████████████▍                       | 283/466 [00:00<00:00, 586.15it/s, Materializing param=model.layers.24.mamba.A_log]
Loading weights:  61%|████████████████████████████████████▍                       | 283/466 [00:00<00:00, 586.15it/s, Materializing param=model.layers.24.mamba.A_log]
Loading weights:  61%|███████████████████████████████████████                         | 284/466 [00:00<00:00, 586.15it/s, Materializing param=model.layers.24.mamba.D]
Loading weights:  61%|███████████████████████████████████████                         | 284/466 [00:00<00:00, 586.15it/s, Materializing param=model.layers.24.mamba.D]
Loading weights:  61%|█████████████████████████████████                     | 285/466 [00:00<00:00, 586.15it/s, Materializing param=model.layers.24.mamba.conv1d.bias]
Loading weights:  61%|█████████████████████████████████                     | 285/466 [00:00<00:00, 586.15it/s, Materializing param=model.layers.24.mamba.conv1d.bias]
Loading weights:  61%|███████████████████████████████▉                    | 286/466 [00:00<00:00, 586.15it/s, Materializing param=model.layers.24.mamba.conv1d.weight]
Loading weights:  61%|███████████████████████████████▉                    | 286/466 [00:00<00:00, 586.15it/s, Materializing param=model.layers.24.mamba.conv1d.weight]
Loading weights:  62%|███████████████████████████████████▋                      | 287/466 [00:00<00:00, 586.15it/s, Materializing param=model.layers.24.mamba.dt_bias]
Loading weights:  62%|███████████████████████████████████▋                      | 287/466 [00:00<00:00, 586.15it/s, Materializing param=model.layers.24.mamba.dt_bias]
Loading weights:  62%|███████████████████████████████▌                   | 288/466 [00:00<00:00, 586.15it/s, Materializing param=model.layers.24.mamba.in_proj.weight]
Loading weights:  62%|███████████████████████████████▌                   | 288/466 [00:00<00:00, 586.15it/s, Materializing param=model.layers.24.mamba.in_proj.weight]
Loading weights:  62%|█████████████████████████████████▍                    | 289/466 [00:00<00:00, 586.15it/s, Materializing param=model.layers.24.mamba.norm.weight]
Loading weights:  62%|█████████████████████████████████▍                    | 289/466 [00:00<00:00, 586.15it/s, Materializing param=model.layers.24.mamba.norm.weight]
Loading weights:  62%|███████████████████████████████                   | 290/466 [00:00<00:00, 586.15it/s, Materializing param=model.layers.24.mamba.out_proj.weight]
Loading weights:  62%|███████████████████████████████                   | 290/466 [00:00<00:00, 586.15it/s, Materializing param=model.layers.24.mamba.out_proj.weight]
Loading weights:  62%|████████████████████████▉               | 291/466 [00:00<00:00, 586.15it/s, Materializing param=model.layers.24.post_attention_layernorm.weight]
Loading weights:  62%|████████████████████████▉               | 291/466 [00:00<00:00, 586.15it/s, Materializing param=model.layers.24.post_attention_layernorm.weight]
Loading weights:  63%|█████████████████████████▋               | 292/466 [00:00<00:00, 586.15it/s, Materializing param=model.layers.24.shared_mlp.input_linear.weight]
Loading weights:  63%|█████████████████████████▋               | 292/466 [00:00<00:00, 586.15it/s, Materializing param=model.layers.24.shared_mlp.input_linear.weight]
Loading weights:  63%|█████████████████████████▏              | 293/466 [00:00<00:00, 586.15it/s, Materializing param=model.layers.24.shared_mlp.output_linear.weight]
Loading weights:  63%|█████████████████████████▏              | 293/466 [00:00<00:00, 586.15it/s, Materializing param=model.layers.24.shared_mlp.output_linear.weight]
Loading weights:  63%|██████████████████████████████▉                  | 294/466 [00:00<00:00, 586.15it/s, Materializing param=model.layers.25.input_layernorm.weight]
Loading weights:  63%|██████████████████████████████▉                  | 294/466 [00:00<00:00, 586.15it/s, Materializing param=model.layers.25.input_layernorm.weight]
Loading weights:  63%|█████████████████████████▎              | 295/466 [00:00<00:00, 586.15it/s, Materializing param=model.layers.25.post_attention_layernorm.weight]
Loading weights:  63%|█████████████████████████▎              | 295/466 [00:00<00:00, 586.15it/s, Materializing param=model.layers.25.post_attention_layernorm.weight]
Loading weights:  64%|██████████████████████████████▍                 | 296/466 [00:00<00:00, 586.15it/s, Materializing param=model.layers.25.self_attn.k_proj.weight]
Loading weights:  64%|██████████████████████████████▍                 | 296/466 [00:00<00:00, 586.15it/s, Materializing param=model.layers.25.self_attn.k_proj.weight]
Loading weights:  64%|██████████████████████████████▌                 | 297/466 [00:00<00:00, 586.15it/s, Materializing param=model.layers.25.self_attn.o_proj.weight]
Loading weights:  64%|██████████████████████████████▌                 | 297/466 [00:00<00:00, 586.15it/s, Materializing param=model.layers.25.self_attn.o_proj.weight]
Loading weights:  64%|██████████████████████████████▋                 | 298/466 [00:00<00:00, 586.15it/s, Materializing param=model.layers.25.self_attn.q_proj.weight]
Loading weights:  64%|██████████████████████████████▋                 | 298/466 [00:00<00:00, 586.15it/s, Materializing param=model.layers.25.self_attn.q_proj.weight]
Loading weights:  64%|██████████████████████████████▊                 | 299/466 [00:00<00:00, 573.62it/s, Materializing param=model.layers.25.self_attn.q_proj.weight]
Loading weights:  64%|██████████████████████████████▊                 | 299/466 [00:00<00:00, 573.62it/s, Materializing param=model.layers.25.self_attn.v_proj.weight]
Loading weights:  64%|██████████████████████████████▊                 | 299/466 [00:00<00:00, 573.62it/s, Materializing param=model.layers.25.self_attn.v_proj.weight]
Loading weights:  64%|██████████████████████████▍              | 300/466 [00:00<00:00, 573.62it/s, Materializing param=model.layers.25.shared_mlp.input_linear.weight]
Loading weights:  64%|██████████████████████████▍              | 300/466 [00:00<00:00, 573.62it/s, Materializing param=model.layers.25.shared_mlp.input_linear.weight]
Loading weights:  65%|█████████████████████████▊              | 301/466 [00:00<00:00, 573.62it/s, Materializing param=model.layers.25.shared_mlp.output_linear.weight]
Loading weights:  65%|█████████████████████████▊              | 301/466 [00:00<00:00, 573.62it/s, Materializing param=model.layers.25.shared_mlp.output_linear.weight]
Loading weights:  65%|███████████████████████████████▊                 | 302/466 [00:00<00:00, 573.62it/s, Materializing param=model.layers.26.input_layernorm.weight]
Loading weights:  65%|███████████████████████████████▊                 | 302/466 [00:00<00:00, 573.62it/s, Materializing param=model.layers.26.input_layernorm.weight]
Loading weights:  65%|███████████████████████████████████████                     | 303/466 [00:00<00:00, 573.62it/s, Materializing param=model.layers.26.mamba.A_log]
Loading weights:  65%|███████████████████████████████████████                     | 303/466 [00:00<00:00, 573.62it/s, Materializing param=model.layers.26.mamba.A_log]
Loading weights:  65%|█████████████████████████████████████████▊                      | 304/466 [00:00<00:00, 573.62it/s, Materializing param=model.layers.26.mamba.D]
Loading weights:  65%|█████████████████████████████████████████▊                      | 304/466 [00:00<00:00, 573.62it/s, Materializing param=model.layers.26.mamba.D]
Loading weights:  65%|███████████████████████████████████▎                  | 305/466 [00:00<00:00, 573.62it/s, Materializing param=model.layers.26.mamba.conv1d.bias]
Loading weights:  65%|███████████████████████████████████▎                  | 305/466 [00:00<00:00, 573.62it/s, Materializing param=model.layers.26.mamba.conv1d.bias]
Loading weights:  66%|██████████████████████████████████▏                 | 306/466 [00:00<00:00, 573.62it/s, Materializing param=model.layers.26.mamba.conv1d.weight]
Loading weights:  66%|██████████████████████████████████▏                 | 306/466 [00:00<00:00, 573.62it/s, Materializing param=model.layers.26.mamba.conv1d.weight]
Loading weights:  66%|██████████████████████████████████████▏                   | 307/466 [00:00<00:00, 573.62it/s, Materializing param=model.layers.26.mamba.dt_bias]
Loading weights:  66%|██████████████████████████████████████▏                   | 307/466 [00:00<00:00, 573.62it/s, Materializing param=model.layers.26.mamba.dt_bias]
Loading weights:  66%|█████████████████████████████████▋                 | 308/466 [00:00<00:00, 573.62it/s, Materializing param=model.layers.26.mamba.in_proj.weight]
Loading weights:  66%|█████████████████████████████████▋                 | 308/466 [00:00<00:00, 573.62it/s, Materializing param=model.layers.26.mamba.in_proj.weight]
Loading weights:  66%|███████████████████████████████████▊                  | 309/466 [00:00<00:00, 573.62it/s, Materializing param=model.layers.26.mamba.norm.weight]
Loading weights:  66%|███████████████████████████████████▊                  | 309/466 [00:00<00:00, 573.62it/s, Materializing param=model.layers.26.mamba.norm.weight]
Loading weights:  67%|█████████████████████████████████▎                | 310/466 [00:00<00:00, 573.62it/s, Materializing param=model.layers.26.mamba.out_proj.weight]
Loading weights:  67%|█████████████████████████████████▎                | 310/466 [00:00<00:00, 573.62it/s, Materializing param=model.layers.26.mamba.out_proj.weight]
Loading weights:  67%|██████████████████████████▋             | 311/466 [00:00<00:00, 573.62it/s, Materializing param=model.layers.26.post_attention_layernorm.weight]
Loading weights:  67%|██████████████████████████▋             | 311/466 [00:00<00:00, 573.62it/s, Materializing param=model.layers.26.post_attention_layernorm.weight]
Loading weights:  67%|███████████████████████████▍             | 312/466 [00:00<00:00, 573.62it/s, Materializing param=model.layers.26.shared_mlp.input_linear.weight]
Loading weights:  67%|███████████████████████████▍             | 312/466 [00:00<00:00, 573.62it/s, Materializing param=model.layers.26.shared_mlp.input_linear.weight]
Loading weights:  67%|██████████████████████████▊             | 313/466 [00:00<00:00, 573.62it/s, Materializing param=model.layers.26.shared_mlp.output_linear.weight]
Loading weights:  67%|██████████████████████████▊             | 313/466 [00:00<00:00, 573.62it/s, Materializing param=model.layers.26.shared_mlp.output_linear.weight]
Loading weights:  67%|█████████████████████████████████                | 314/466 [00:00<00:00, 573.62it/s, Materializing param=model.layers.27.input_layernorm.weight]
Loading weights:  67%|█████████████████████████████████                | 314/466 [00:00<00:00, 573.62it/s, Materializing param=model.layers.27.input_layernorm.weight]
Loading weights:  68%|████████████████████████████████████████▌                   | 315/466 [00:00<00:00, 573.62it/s, Materializing param=model.layers.27.mamba.A_log]
Loading weights:  68%|████████████████████████████████████████▌                   | 315/466 [00:00<00:00, 573.62it/s, Materializing param=model.layers.27.mamba.A_log]
Loading weights:  68%|███████████████████████████████████████████▍                    | 316/466 [00:00<00:00, 573.62it/s, Materializing param=model.layers.27.mamba.D]
Loading weights:  68%|███████████████████████████████████████████▍                    | 316/466 [00:00<00:00, 573.62it/s, Materializing param=model.layers.27.mamba.D]
Loading weights:  68%|████████████████████████████████████▋                 | 317/466 [00:00<00:00, 573.62it/s, Materializing param=model.layers.27.mamba.conv1d.bias]
Loading weights:  68%|████████████████████████████████████▋                 | 317/466 [00:00<00:00, 573.62it/s, Materializing param=model.layers.27.mamba.conv1d.bias]
Loading weights:  68%|███████████████████████████████████▍                | 318/466 [00:00<00:00, 573.62it/s, Materializing param=model.layers.27.mamba.conv1d.weight]
Loading weights:  68%|███████████████████████████████████▍                | 318/466 [00:00<00:00, 573.62it/s, Materializing param=model.layers.27.mamba.conv1d.weight]
Loading weights:  68%|███████████████████████████████████████▋                  | 319/466 [00:00<00:00, 573.62it/s, Materializing param=model.layers.27.mamba.dt_bias]
Loading weights:  68%|███████████████████████████████████████▋                  | 319/466 [00:00<00:00, 573.62it/s, Materializing param=model.layers.27.mamba.dt_bias]
Loading weights:  69%|███████████████████████████████████                | 320/466 [00:00<00:00, 573.62it/s, Materializing param=model.layers.27.mamba.in_proj.weight]
Loading weights:  69%|███████████████████████████████████                | 320/466 [00:00<00:00, 573.62it/s, Materializing param=model.layers.27.mamba.in_proj.weight]
Loading weights:  69%|█████████████████████████████████████▏                | 321/466 [00:00<00:00, 573.62it/s, Materializing param=model.layers.27.mamba.norm.weight]
Loading weights:  69%|█████████████████████████████████████▏                | 321/466 [00:00<00:00, 573.62it/s, Materializing param=model.layers.27.mamba.norm.weight]
Loading weights:  69%|██████████████████████████████████▌               | 322/466 [00:00<00:00, 573.62it/s, Materializing param=model.layers.27.mamba.out_proj.weight]
Loading weights:  69%|██████████████████████████████████▌               | 322/466 [00:00<00:00, 573.62it/s, Materializing param=model.layers.27.mamba.out_proj.weight]
Loading weights:  69%|███████████████████████████▋            | 323/466 [00:00<00:00, 573.62it/s, Materializing param=model.layers.27.post_attention_layernorm.weight]
Loading weights:  69%|███████████████████████████▋            | 323/466 [00:00<00:00, 573.62it/s, Materializing param=model.layers.27.post_attention_layernorm.weight]
Loading weights:  70%|████████████████████████████▌            | 324/466 [00:00<00:00, 573.62it/s, Materializing param=model.layers.27.shared_mlp.input_linear.weight]
Loading weights:  70%|████████████████████████████▌            | 324/466 [00:00<00:00, 573.62it/s, Materializing param=model.layers.27.shared_mlp.input_linear.weight]
Loading weights:  70%|███████████████████████████▉            | 325/466 [00:00<00:00, 573.62it/s, Materializing param=model.layers.27.shared_mlp.output_linear.weight]
Loading weights:  70%|███████████████████████████▉            | 325/466 [00:00<00:00, 573.62it/s, Materializing param=model.layers.27.shared_mlp.output_linear.weight]
Loading weights:  70%|██████████████████████████████████▎              | 326/466 [00:00<00:00, 573.62it/s, Materializing param=model.layers.28.input_layernorm.weight]
Loading weights:  70%|██████████████████████████████████▎              | 326/466 [00:00<00:00, 573.62it/s, Materializing param=model.layers.28.input_layernorm.weight]
Loading weights:  70%|██████████████████████████████████████████                  | 327/466 [00:00<00:00, 573.62it/s, Materializing param=model.layers.28.mamba.A_log]
Loading weights:  70%|██████████████████████████████████████████                  | 327/466 [00:00<00:00, 573.62it/s, Materializing param=model.layers.28.mamba.A_log]
Loading weights:  70%|█████████████████████████████████████████████                   | 328/466 [00:00<00:00, 573.62it/s, Materializing param=model.layers.28.mamba.D]
Loading weights:  70%|█████████████████████████████████████████████                   | 328/466 [00:00<00:00, 573.62it/s, Materializing param=model.layers.28.mamba.D]
Loading weights:  71%|██████████████████████████████████████                | 329/466 [00:00<00:00, 573.62it/s, Materializing param=model.layers.28.mamba.conv1d.bias]
Loading weights:  71%|██████████████████████████████████████                | 329/466 [00:00<00:00, 573.62it/s, Materializing param=model.layers.28.mamba.conv1d.bias]
Loading weights:  71%|████████████████████████████████████▊               | 330/466 [00:00<00:00, 573.62it/s, Materializing param=model.layers.28.mamba.conv1d.weight]
Loading weights:  71%|████████████████████████████████████▊               | 330/466 [00:00<00:00, 573.62it/s, Materializing param=model.layers.28.mamba.conv1d.weight]
Loading weights:  71%|█████████████████████████████████████████▏                | 331/466 [00:00<00:00, 573.62it/s, Materializing param=model.layers.28.mamba.dt_bias]
Loading weights:  71%|█████████████████████████████████████████▏                | 331/466 [00:00<00:00, 573.62it/s, Materializing param=model.layers.28.mamba.dt_bias]
Loading weights:  71%|████████████████████████████████████▎              | 332/466 [00:00<00:00, 573.62it/s, Materializing param=model.layers.28.mamba.in_proj.weight]
Loading weights:  71%|████████████████████████████████████▎              | 332/466 [00:00<00:00, 573.62it/s, Materializing param=model.layers.28.mamba.in_proj.weight]
Loading weights:  71%|██████████████████████████████████████▌               | 333/466 [00:00<00:00, 573.62it/s, Materializing param=model.layers.28.mamba.norm.weight]
Loading weights:  71%|██████████████████████████████████████▌               | 333/466 [00:00<00:00, 573.62it/s, Materializing param=model.layers.28.mamba.norm.weight]
Loading weights:  72%|███████████████████████████████████▊              | 334/466 [00:00<00:00, 573.62it/s, Materializing param=model.layers.28.mamba.out_proj.weight]
Loading weights:  72%|███████████████████████████████████▊              | 334/466 [00:00<00:00, 573.62it/s, Materializing param=model.layers.28.mamba.out_proj.weight]
Loading weights:  72%|████████████████████████████▊           | 335/466 [00:00<00:00, 573.62it/s, Materializing param=model.layers.28.post_attention_layernorm.weight]
Loading weights:  72%|████████████████████████████▊           | 335/466 [00:00<00:00, 573.62it/s, Materializing param=model.layers.28.post_attention_layernorm.weight]
Loading weights:  72%|█████████████████████████████▌           | 336/466 [00:00<00:00, 573.62it/s, Materializing param=model.layers.28.shared_mlp.input_linear.weight]
Loading weights:  72%|█████████████████████████████▌           | 336/466 [00:00<00:00, 573.62it/s, Materializing param=model.layers.28.shared_mlp.input_linear.weight]
Loading weights:  72%|████████████████████████████▉           | 337/466 [00:00<00:00, 573.62it/s, Materializing param=model.layers.28.shared_mlp.output_linear.weight]
Loading weights:  72%|████████████████████████████▉           | 337/466 [00:00<00:00, 573.62it/s, Materializing param=model.layers.28.shared_mlp.output_linear.weight]
Loading weights:  73%|███████████████████████████████████▌             | 338/466 [00:00<00:00, 573.62it/s, Materializing param=model.layers.29.input_layernorm.weight]
Loading weights:  73%|███████████████████████████████████▌             | 338/466 [00:00<00:00, 573.62it/s, Materializing param=model.layers.29.input_layernorm.weight]
Loading weights:  73%|███████████████████████████████████████████▋                | 339/466 [00:00<00:00, 573.62it/s, Materializing param=model.layers.29.mamba.A_log]
Loading weights:  73%|███████████████████████████████████████████▋                | 339/466 [00:00<00:00, 573.62it/s, Materializing param=model.layers.29.mamba.A_log]
Loading weights:  73%|██████████████████████████████████████████████▋                 | 340/466 [00:00<00:00, 573.62it/s, Materializing param=model.layers.29.mamba.D]
Loading weights:  73%|██████████████████████████████████████████████▋                 | 340/466 [00:00<00:00, 573.62it/s, Materializing param=model.layers.29.mamba.D]
Loading weights:  73%|███████████████████████████████████████▌              | 341/466 [00:00<00:00, 573.62it/s, Materializing param=model.layers.29.mamba.conv1d.bias]
Loading weights:  73%|███████████████████████████████████████▌              | 341/466 [00:00<00:00, 573.62it/s, Materializing param=model.layers.29.mamba.conv1d.bias]
Loading weights:  73%|██████████████████████████████████████▏             | 342/466 [00:00<00:00, 573.62it/s, Materializing param=model.layers.29.mamba.conv1d.weight]
Loading weights:  73%|██████████████████████████████████████▏             | 342/466 [00:00<00:00, 573.62it/s, Materializing param=model.layers.29.mamba.conv1d.weight]
Loading weights:  74%|██████████████████████████████████████████▋               | 343/466 [00:00<00:00, 573.62it/s, Materializing param=model.layers.29.mamba.dt_bias]
Loading weights:  74%|██████████████████████████████████████████▋               | 343/466 [00:00<00:00, 573.62it/s, Materializing param=model.layers.29.mamba.dt_bias]
Loading weights:  74%|█████████████████████████████████████▋             | 344/466 [00:00<00:00, 573.62it/s, Materializing param=model.layers.29.mamba.in_proj.weight]
Loading weights:  74%|█████████████████████████████████████▋             | 344/466 [00:00<00:00, 573.62it/s, Materializing param=model.layers.29.mamba.in_proj.weight]
Loading weights:  74%|███████████████████████████████████████▉              | 345/466 [00:00<00:00, 573.62it/s, Materializing param=model.layers.29.mamba.norm.weight]
Loading weights:  74%|███████████████████████████████████████▉              | 345/466 [00:00<00:00, 573.62it/s, Materializing param=model.layers.29.mamba.norm.weight]
Loading weights:  74%|█████████████████████████████████████             | 346/466 [00:00<00:00, 573.62it/s, Materializing param=model.layers.29.mamba.out_proj.weight]
Loading weights:  74%|█████████████████████████████████████             | 346/466 [00:00<00:00, 573.62it/s, Materializing param=model.layers.29.mamba.out_proj.weight]
Loading weights:  74%|█████████████████████████████▊          | 347/466 [00:00<00:00, 573.62it/s, Materializing param=model.layers.29.post_attention_layernorm.weight]
Loading weights:  74%|█████████████████████████████▊          | 347/466 [00:00<00:00, 573.62it/s, Materializing param=model.layers.29.post_attention_layernorm.weight]
Loading weights:  75%|██████████████████████████████▌          | 348/466 [00:00<00:00, 573.62it/s, Materializing param=model.layers.29.shared_mlp.input_linear.weight]
Loading weights:  75%|██████████████████████████████▌          | 348/466 [00:00<00:00, 573.62it/s, Materializing param=model.layers.29.shared_mlp.input_linear.weight]
Loading weights:  75%|█████████████████████████████▉          | 349/466 [00:00<00:00, 573.62it/s, Materializing param=model.layers.29.shared_mlp.output_linear.weight]
Loading weights:  75%|█████████████████████████████▉          | 349/466 [00:00<00:00, 573.62it/s, Materializing param=model.layers.29.shared_mlp.output_linear.weight]
Loading weights:  75%|████████████████████████████████████▊            | 350/466 [00:00<00:00, 573.62it/s, Materializing param=model.layers.30.input_layernorm.weight]
Loading weights:  75%|████████████████████████████████████▊            | 350/466 [00:00<00:00, 573.62it/s, Materializing param=model.layers.30.input_layernorm.weight]
Loading weights:  75%|█████████████████████████████████████████████▏              | 351/466 [00:00<00:00, 573.62it/s, Materializing param=model.layers.30.mamba.A_log]
Loading weights:  75%|█████████████████████████████████████████████▏              | 351/466 [00:00<00:00, 573.62it/s, Materializing param=model.layers.30.mamba.A_log]
Loading weights:  76%|████████████████████████████████████████████████▎               | 352/466 [00:00<00:00, 573.62it/s, Materializing param=model.layers.30.mamba.D]
Loading weights:  76%|████████████████████████████████████████████████▎               | 352/466 [00:00<00:00, 573.62it/s, Materializing param=model.layers.30.mamba.D]
Loading weights:  76%|████████████████████████████████████████▉             | 353/466 [00:00<00:00, 573.62it/s, Materializing param=model.layers.30.mamba.conv1d.bias]
Loading weights:  76%|████████████████████████████████████████▉             | 353/466 [00:00<00:00, 573.62it/s, Materializing param=model.layers.30.mamba.conv1d.bias]
Loading weights:  76%|███████████████████████████████████████▌            | 354/466 [00:00<00:00, 573.62it/s, Materializing param=model.layers.30.mamba.conv1d.weight]
Loading weights:  76%|███████████████████████████████████████▌            | 354/466 [00:00<00:00, 573.62it/s, Materializing param=model.layers.30.mamba.conv1d.weight]
Loading weights:  76%|████████████████████████████████████████████▏             | 355/466 [00:00<00:00, 573.62it/s, Materializing param=model.layers.30.mamba.dt_bias]
Loading weights:  76%|████████████████████████████████████████████▏             | 355/466 [00:00<00:00, 573.62it/s, Materializing param=model.layers.30.mamba.dt_bias]
Loading weights:  76%|██████████████████████████████████████▉            | 356/466 [00:00<00:00, 573.62it/s, Materializing param=model.layers.30.mamba.in_proj.weight]
Loading weights:  76%|██████████████████████████████████████▉            | 356/466 [00:00<00:00, 573.62it/s, Materializing param=model.layers.30.mamba.in_proj.weight]
Loading weights:  77%|█████████████████████████████████████████▎            | 357/466 [00:00<00:00, 573.62it/s, Materializing param=model.layers.30.mamba.norm.weight]
Loading weights:  77%|█████████████████████████████████████████▎            | 357/466 [00:00<00:00, 573.62it/s, Materializing param=model.layers.30.mamba.norm.weight]
Loading weights:  77%|█████████████████████████████████████████▍            | 358/466 [00:00<00:00, 578.90it/s, Materializing param=model.layers.30.mamba.norm.weight]
Loading weights:  77%|██████████████████████████████████████▍           | 358/466 [00:00<00:00, 578.90it/s, Materializing param=model.layers.30.mamba.out_proj.weight]
Loading weights:  77%|██████████████████████████████████████▍           | 358/466 [00:00<00:00, 578.90it/s, Materializing param=model.layers.30.mamba.out_proj.weight]
Loading weights:  77%|██████████████████████████████▊         | 359/466 [00:00<00:00, 578.90it/s, Materializing param=model.layers.30.post_attention_layernorm.weight]
Loading weights:  77%|██████████████████████████████▊         | 359/466 [00:00<00:00, 578.90it/s, Materializing param=model.layers.30.post_attention_layernorm.weight]
Loading weights:  77%|███████████████████████████████▋         | 360/466 [00:00<00:00, 578.90it/s, Materializing param=model.layers.30.shared_mlp.input_linear.weight]
Loading weights:  77%|███████████████████████████████▋         | 360/466 [00:00<00:00, 578.90it/s, Materializing param=model.layers.30.shared_mlp.input_linear.weight]
Loading weights:  77%|██████████████████████████████▉         | 361/466 [00:00<00:00, 578.90it/s, Materializing param=model.layers.30.shared_mlp.output_linear.weight]
Loading weights:  77%|██████████████████████████████▉         | 361/466 [00:00<00:00, 578.90it/s, Materializing param=model.layers.30.shared_mlp.output_linear.weight]
Loading weights:  78%|██████████████████████████████████████           | 362/466 [00:00<00:00, 578.90it/s, Materializing param=model.layers.31.input_layernorm.weight]
Loading weights:  78%|██████████████████████████████████████           | 362/466 [00:00<00:00, 578.90it/s, Materializing param=model.layers.31.input_layernorm.weight]
Loading weights:  78%|██████████████████████████████████████████████▋             | 363/466 [00:00<00:00, 578.90it/s, Materializing param=model.layers.31.mamba.A_log]
Loading weights:  78%|██████████████████████████████████████████████▋             | 363/466 [00:00<00:00, 578.90it/s, Materializing param=model.layers.31.mamba.A_log]
Loading weights:  78%|█████████████████████████████████████████████████▉              | 364/466 [00:00<00:00, 578.90it/s, Materializing param=model.layers.31.mamba.D]
Loading weights:  78%|█████████████████████████████████████████████████▉              | 364/466 [00:00<00:00, 578.90it/s, Materializing param=model.layers.31.mamba.D]
Loading weights:  78%|██████████████████████████████████████████▎           | 365/466 [00:00<00:00, 578.90it/s, Materializing param=model.layers.31.mamba.conv1d.bias]
Loading weights:  78%|██████████████████████████████████████████▎           | 365/466 [00:00<00:00, 578.90it/s, Materializing param=model.layers.31.mamba.conv1d.bias]
Loading weights:  79%|████████████████████████████████████████▊           | 366/466 [00:00<00:00, 578.90it/s, Materializing param=model.layers.31.mamba.conv1d.weight]
Loading weights:  79%|████████████████████████████████████████▊           | 366/466 [00:00<00:00, 578.90it/s, Materializing param=model.layers.31.mamba.conv1d.weight]
Loading weights:  79%|█████████████████████████████████████████████▋            | 367/466 [00:00<00:00, 578.90it/s, Materializing param=model.layers.31.mamba.dt_bias]
Loading weights:  79%|█████████████████████████████████████████████▋            | 367/466 [00:00<00:00, 578.90it/s, Materializing param=model.layers.31.mamba.dt_bias]
Loading weights:  79%|████████████████████████████████████████▎          | 368/466 [00:00<00:00, 578.90it/s, Materializing param=model.layers.31.mamba.in_proj.weight]
Loading weights:  79%|████████████████████████████████████████▎          | 368/466 [00:00<00:00, 578.90it/s, Materializing param=model.layers.31.mamba.in_proj.weight]
Loading weights:  79%|██████████████████████████████████████████▊           | 369/466 [00:00<00:00, 578.90it/s, Materializing param=model.layers.31.mamba.norm.weight]
Loading weights:  79%|██████████████████████████████████████████▊           | 369/466 [00:00<00:00, 578.90it/s, Materializing param=model.layers.31.mamba.norm.weight]
Loading weights:  79%|███████████████████████████████████████▋          | 370/466 [00:00<00:00, 578.90it/s, Materializing param=model.layers.31.mamba.out_proj.weight]
Loading weights:  79%|███████████████████████████████████████▋          | 370/466 [00:00<00:00, 578.90it/s, Materializing param=model.layers.31.mamba.out_proj.weight]
Loading weights:  80%|███████████████████████████████▊        | 371/466 [00:00<00:00, 578.90it/s, Materializing param=model.layers.31.post_attention_layernorm.weight]
Loading weights:  80%|███████████████████████████████▊        | 371/466 [00:00<00:00, 578.90it/s, Materializing param=model.layers.31.post_attention_layernorm.weight]
Loading weights:  80%|████████████████████████████████▋        | 372/466 [00:00<00:00, 578.90it/s, Materializing param=model.layers.31.shared_mlp.input_linear.weight]
Loading weights:  80%|████████████████████████████████▋        | 372/466 [00:00<00:00, 578.90it/s, Materializing param=model.layers.31.shared_mlp.input_linear.weight]
Loading weights:  80%|████████████████████████████████        | 373/466 [00:00<00:00, 578.90it/s, Materializing param=model.layers.31.shared_mlp.output_linear.weight]
Loading weights:  80%|████████████████████████████████        | 373/466 [00:00<00:00, 578.90it/s, Materializing param=model.layers.31.shared_mlp.output_linear.weight]
Loading weights:  80%|███████████████████████████████████████▎         | 374/466 [00:00<00:00, 578.90it/s, Materializing param=model.layers.32.input_layernorm.weight]
Loading weights:  80%|███████████████████████████████████████▎         | 374/466 [00:00<00:00, 578.90it/s, Materializing param=model.layers.32.input_layernorm.weight]
Loading weights:  80%|████████████████████████████████████████████████▎           | 375/466 [00:00<00:00, 578.90it/s, Materializing param=model.layers.32.mamba.A_log]
Loading weights:  80%|████████████████████████████████████████████████▎           | 375/466 [00:00<00:00, 578.90it/s, Materializing param=model.layers.32.mamba.A_log]
Loading weights:  81%|███████████████████████████████████████████████████▋            | 376/466 [00:00<00:00, 578.90it/s, Materializing param=model.layers.32.mamba.D]
Loading weights:  81%|███████████████████████████████████████████████████▋            | 376/466 [00:00<00:00, 578.90it/s, Materializing param=model.layers.32.mamba.D]
Loading weights:  81%|███████████████████████████████████████████▋          | 377/466 [00:00<00:00, 578.90it/s, Materializing param=model.layers.32.mamba.conv1d.bias]
Loading weights:  81%|███████████████████████████████████████████▋          | 377/466 [00:00<00:00, 578.90it/s, Materializing param=model.layers.32.mamba.conv1d.bias]
Loading weights:  81%|██████████████████████████████████████████▏         | 378/466 [00:00<00:00, 578.90it/s, Materializing param=model.layers.32.mamba.conv1d.weight]
Loading weights:  81%|██████████████████████████████████████████▏         | 378/466 [00:00<00:00, 578.90it/s, Materializing param=model.layers.32.mamba.conv1d.weight]
Loading weights:  81%|███████████████████████████████████████████████▏          | 379/466 [00:00<00:00, 578.90it/s, Materializing param=model.layers.32.mamba.dt_bias]
Loading weights:  81%|███████████████████████████████████████████████▏          | 379/466 [00:00<00:00, 578.90it/s, Materializing param=model.layers.32.mamba.dt_bias]
Loading weights:  82%|█████████████████████████████████████████▌         | 380/466 [00:00<00:00, 578.90it/s, Materializing param=model.layers.32.mamba.in_proj.weight]
Loading weights:  82%|█████████████████████████████████████████▌         | 380/466 [00:00<00:00, 578.90it/s, Materializing param=model.layers.32.mamba.in_proj.weight]
Loading weights:  82%|████████████████████████████████████████████▏         | 381/466 [00:00<00:00, 578.90it/s, Materializing param=model.layers.32.mamba.norm.weight]
Loading weights:  82%|████████████████████████████████████████████▏         | 381/466 [00:00<00:00, 578.90it/s, Materializing param=model.layers.32.mamba.norm.weight]
Loading weights:  82%|████████████████████████████████████████▉         | 382/466 [00:00<00:00, 578.90it/s, Materializing param=model.layers.32.mamba.out_proj.weight]
Loading weights:  82%|████████████████████████████████████████▉         | 382/466 [00:00<00:00, 578.90it/s, Materializing param=model.layers.32.mamba.out_proj.weight]
Loading weights:  82%|████████████████████████████████▉       | 383/466 [00:00<00:00, 578.90it/s, Materializing param=model.layers.32.post_attention_layernorm.weight]
Loading weights:  82%|████████████████████████████████▉       | 383/466 [00:00<00:00, 578.90it/s, Materializing param=model.layers.32.post_attention_layernorm.weight]
Loading weights:  82%|█████████████████████████████████▊       | 384/466 [00:00<00:00, 578.90it/s, Materializing param=model.layers.32.shared_mlp.input_linear.weight]
Loading weights:  82%|█████████████████████████████████▊       | 384/466 [00:00<00:00, 578.90it/s, Materializing param=model.layers.32.shared_mlp.input_linear.weight]
Loading weights:  83%|█████████████████████████████████       | 385/466 [00:00<00:00, 578.90it/s, Materializing param=model.layers.32.shared_mlp.output_linear.weight]
Loading weights:  83%|█████████████████████████████████       | 385/466 [00:00<00:00, 578.90it/s, Materializing param=model.layers.32.shared_mlp.output_linear.weight]
Loading weights:  83%|████████████████████████████████████████▌        | 386/466 [00:00<00:00, 578.90it/s, Materializing param=model.layers.33.input_layernorm.weight]
Loading weights:  83%|████████████████████████████████████████▌        | 386/466 [00:00<00:00, 578.90it/s, Materializing param=model.layers.33.input_layernorm.weight]
Loading weights:  83%|█████████████████████████████████████████████████▊          | 387/466 [00:00<00:00, 578.90it/s, Materializing param=model.layers.33.mamba.A_log]
Loading weights:  83%|█████████████████████████████████████████████████▊          | 387/466 [00:00<00:00, 578.90it/s, Materializing param=model.layers.33.mamba.A_log]
Loading weights:  83%|█████████████████████████████████████████████████████▎          | 388/466 [00:00<00:00, 578.90it/s, Materializing param=model.layers.33.mamba.D]
Loading weights:  83%|█████████████████████████████████████████████████████▎          | 388/466 [00:00<00:00, 578.90it/s, Materializing param=model.layers.33.mamba.D]
Loading weights:  83%|█████████████████████████████████████████████         | 389/466 [00:00<00:00, 578.90it/s, Materializing param=model.layers.33.mamba.conv1d.bias]
Loading weights:  83%|█████████████████████████████████████████████         | 389/466 [00:00<00:00, 578.90it/s, Materializing param=model.layers.33.mamba.conv1d.bias]
Loading weights:  84%|███████████████████████████████████████████▌        | 390/466 [00:00<00:00, 578.90it/s, Materializing param=model.layers.33.mamba.conv1d.weight]
Loading weights:  84%|███████████████████████████████████████████▌        | 390/466 [00:00<00:00, 578.90it/s, Materializing param=model.layers.33.mamba.conv1d.weight]
Loading weights:  84%|████████████████████████████████████████████████▋         | 391/466 [00:00<00:00, 578.90it/s, Materializing param=model.layers.33.mamba.dt_bias]
Loading weights:  84%|████████████████████████████████████████████████▋         | 391/466 [00:00<00:00, 578.90it/s, Materializing param=model.layers.33.mamba.dt_bias]
Loading weights:  84%|██████████████████████████████████████████▉        | 392/466 [00:00<00:00, 578.90it/s, Materializing param=model.layers.33.mamba.in_proj.weight]
Loading weights:  84%|██████████████████████████████████████████▉        | 392/466 [00:00<00:00, 578.90it/s, Materializing param=model.layers.33.mamba.in_proj.weight]
Loading weights:  84%|█████████████████████████████████████████████▌        | 393/466 [00:00<00:00, 578.90it/s, Materializing param=model.layers.33.mamba.norm.weight]
Loading weights:  84%|█████████████████████████████████████████████▌        | 393/466 [00:00<00:00, 578.90it/s, Materializing param=model.layers.33.mamba.norm.weight]
Loading weights:  85%|██████████████████████████████████████████▎       | 394/466 [00:00<00:00, 578.90it/s, Materializing param=model.layers.33.mamba.out_proj.weight]
Loading weights:  85%|██████████████████████████████████████████▎       | 394/466 [00:00<00:00, 578.90it/s, Materializing param=model.layers.33.mamba.out_proj.weight]
Loading weights:  85%|█████████████████████████████████▉      | 395/466 [00:00<00:00, 578.90it/s, Materializing param=model.layers.33.post_attention_layernorm.weight]
Loading weights:  85%|█████████████████████████████████▉      | 395/466 [00:00<00:00, 578.90it/s, Materializing param=model.layers.33.post_attention_layernorm.weight]
Loading weights:  85%|██████████████████████████████████▊      | 396/466 [00:00<00:00, 578.90it/s, Materializing param=model.layers.33.shared_mlp.input_linear.weight]
Loading weights:  85%|██████████████████████████████████▊      | 396/466 [00:00<00:00, 578.90it/s, Materializing param=model.layers.33.shared_mlp.input_linear.weight]
Loading weights:  85%|██████████████████████████████████      | 397/466 [00:00<00:00, 578.90it/s, Materializing param=model.layers.33.shared_mlp.output_linear.weight]
Loading weights:  85%|██████████████████████████████████      | 397/466 [00:00<00:00, 578.90it/s, Materializing param=model.layers.33.shared_mlp.output_linear.weight]
Loading weights:  85%|█████████████████████████████████████████▊       | 398/466 [00:00<00:00, 578.90it/s, Materializing param=model.layers.34.input_layernorm.weight]
Loading weights:  85%|█████████████████████████████████████████▊       | 398/466 [00:00<00:00, 578.90it/s, Materializing param=model.layers.34.input_layernorm.weight]
Loading weights:  86%|███████████████████████████████████████████████████▎        | 399/466 [00:00<00:00, 578.90it/s, Materializing param=model.layers.34.mamba.A_log]
Loading weights:  86%|███████████████████████████████████████████████████▎        | 399/466 [00:00<00:00, 578.90it/s, Materializing param=model.layers.34.mamba.A_log]
Loading weights:  86%|██████████████████████████████████████████████████████▉         | 400/466 [00:00<00:00, 578.90it/s, Materializing param=model.layers.34.mamba.D]
Loading weights:  86%|██████████████████████████████████████████████████████▉         | 400/466 [00:00<00:00, 578.90it/s, Materializing param=model.layers.34.mamba.D]
Loading weights:  86%|██████████████████████████████████████████████▍       | 401/466 [00:00<00:00, 578.90it/s, Materializing param=model.layers.34.mamba.conv1d.bias]
Loading weights:  86%|██████████████████████████████████████████████▍       | 401/466 [00:00<00:00, 578.90it/s, Materializing param=model.layers.34.mamba.conv1d.bias]
Loading weights:  86%|████████████████████████████████████████████▊       | 402/466 [00:00<00:00, 578.90it/s, Materializing param=model.layers.34.mamba.conv1d.weight]
Loading weights:  86%|████████████████████████████████████████████▊       | 402/466 [00:00<00:00, 578.90it/s, Materializing param=model.layers.34.mamba.conv1d.weight]
Loading weights:  86%|██████████████████████████████████████████████████▏       | 403/466 [00:00<00:00, 578.90it/s, Materializing param=model.layers.34.mamba.dt_bias]
Loading weights:  86%|██████████████████████████████████████████████████▏       | 403/466 [00:00<00:00, 578.90it/s, Materializing param=model.layers.34.mamba.dt_bias]
Loading weights:  87%|████████████████████████████████████████████▏      | 404/466 [00:00<00:00, 578.90it/s, Materializing param=model.layers.34.mamba.in_proj.weight]
Loading weights:  87%|████████████████████████████████████████████▏      | 404/466 [00:00<00:00, 578.90it/s, Materializing param=model.layers.34.mamba.in_proj.weight]
Loading weights:  87%|██████████████████████████████████████████████▉       | 405/466 [00:00<00:00, 578.90it/s, Materializing param=model.layers.34.mamba.norm.weight]
Loading weights:  87%|██████████████████████████████████████████████▉       | 405/466 [00:00<00:00, 578.90it/s, Materializing param=model.layers.34.mamba.norm.weight]
Loading weights:  87%|███████████████████████████████████████████▌      | 406/466 [00:00<00:00, 578.90it/s, Materializing param=model.layers.34.mamba.out_proj.weight]
Loading weights:  87%|███████████████████████████████████████████▌      | 406/466 [00:00<00:00, 578.90it/s, Materializing param=model.layers.34.mamba.out_proj.weight]
Loading weights:  87%|██████████████████████████████████▉     | 407/466 [00:00<00:00, 578.90it/s, Materializing param=model.layers.34.post_attention_layernorm.weight]
Loading weights:  87%|██████████████████████████████████▉     | 407/466 [00:00<00:00, 578.90it/s, Materializing param=model.layers.34.post_attention_layernorm.weight]
Loading weights:  88%|███████████████████████████████████▉     | 408/466 [00:00<00:00, 578.90it/s, Materializing param=model.layers.34.shared_mlp.input_linear.weight]
Loading weights:  88%|███████████████████████████████████▉     | 408/466 [00:00<00:00, 578.90it/s, Materializing param=model.layers.34.shared_mlp.input_linear.weight]
Loading weights:  88%|███████████████████████████████████     | 409/466 [00:00<00:00, 578.90it/s, Materializing param=model.layers.34.shared_mlp.output_linear.weight]
Loading weights:  88%|███████████████████████████████████     | 409/466 [00:00<00:00, 578.90it/s, Materializing param=model.layers.34.shared_mlp.output_linear.weight]
Loading weights:  88%|███████████████████████████████████████████      | 410/466 [00:00<00:00, 578.90it/s, Materializing param=model.layers.35.input_layernorm.weight]
Loading weights:  88%|███████████████████████████████████████████      | 410/466 [00:00<00:00, 578.90it/s, Materializing param=model.layers.35.input_layernorm.weight]
Loading weights:  88%|███████████████████████████████████▎    | 411/466 [00:00<00:00, 578.90it/s, Materializing param=model.layers.35.post_attention_layernorm.weight]
Loading weights:  88%|███████████████████████████████████▎    | 411/466 [00:00<00:00, 578.90it/s, Materializing param=model.layers.35.post_attention_layernorm.weight]
Loading weights:  88%|██████████████████████████████████████████▍     | 412/466 [00:00<00:00, 578.90it/s, Materializing param=model.layers.35.self_attn.k_proj.weight]
Loading weights:  88%|██████████████████████████████████████████▍     | 412/466 [00:00<00:00, 578.90it/s, Materializing param=model.layers.35.self_attn.k_proj.weight]
Loading weights:  89%|██████████████████████████████████████████▌     | 413/466 [00:00<00:00, 578.90it/s, Materializing param=model.layers.35.self_attn.o_proj.weight]
Loading weights:  89%|██████████████████████████████████████████▌     | 413/466 [00:00<00:00, 578.90it/s, Materializing param=model.layers.35.self_attn.o_proj.weight]
Loading weights:  89%|██████████████████████████████████████████▋     | 414/466 [00:00<00:00, 578.90it/s, Materializing param=model.layers.35.self_attn.q_proj.weight]
Loading weights:  89%|██████████████████████████████████████████▋     | 414/466 [00:00<00:00, 578.90it/s, Materializing param=model.layers.35.self_attn.q_proj.weight]
Loading weights:  89%|██████████████████████████████████████████▋     | 415/466 [00:00<00:00, 578.90it/s, Materializing param=model.layers.35.self_attn.v_proj.weight]
Loading weights:  89%|██████████████████████████████████████████▋     | 415/466 [00:00<00:00, 578.90it/s, Materializing param=model.layers.35.self_attn.v_proj.weight]
Loading weights:  89%|██████████████████████████████████████████▊     | 416/466 [00:00<00:00, 568.11it/s, Materializing param=model.layers.35.self_attn.v_proj.weight]
Loading weights:  89%|████████████████████████████████████▌    | 416/466 [00:00<00:00, 568.11it/s, Materializing param=model.layers.35.shared_mlp.input_linear.weight]
Loading weights:  89%|████████████████████████████████████▌    | 416/466 [00:00<00:00, 568.11it/s, Materializing param=model.layers.35.shared_mlp.input_linear.weight]
Loading weights:  89%|███████████████████████████████████▊    | 417/466 [00:00<00:00, 568.11it/s, Materializing param=model.layers.35.shared_mlp.output_linear.weight]
Loading weights:  89%|███████████████████████████████████▊    | 417/466 [00:00<00:00, 568.11it/s, Materializing param=model.layers.35.shared_mlp.output_linear.weight]
Loading weights:  90%|███████████████████████████████████████████▉     | 418/466 [00:00<00:00, 568.11it/s, Materializing param=model.layers.36.input_layernorm.weight]
Loading weights:  90%|███████████████████████████████████████████▉     | 418/466 [00:00<00:00, 568.11it/s, Materializing param=model.layers.36.input_layernorm.weight]
Loading weights:  90%|█████████████████████████████████████████████████████▉      | 419/466 [00:00<00:00, 568.11it/s, Materializing param=model.layers.36.mamba.A_log]
Loading weights:  90%|█████████████████████████████████████████████████████▉      | 419/466 [00:00<00:00, 568.11it/s, Materializing param=model.layers.36.mamba.A_log]
Loading weights:  90%|█████████████████████████████████████████████████████████▋      | 420/466 [00:00<00:00, 568.11it/s, Materializing param=model.layers.36.mamba.D]
Loading weights:  90%|█████████████████████████████████████████████████████████▋      | 420/466 [00:00<00:00, 568.11it/s, Materializing param=model.layers.36.mamba.D]
Loading weights:  90%|████████████████████████████████████████████████▊     | 421/466 [00:00<00:00, 568.11it/s, Materializing param=model.layers.36.mamba.conv1d.bias]
Loading weights:  90%|████████████████████████████████████████████████▊     | 421/466 [00:00<00:00, 568.11it/s, Materializing param=model.layers.36.mamba.conv1d.bias]
Loading weights:  91%|███████████████████████████████████████████████     | 422/466 [00:00<00:00, 568.11it/s, Materializing param=model.layers.36.mamba.conv1d.weight]
Loading weights:  91%|███████████████████████████████████████████████     | 422/466 [00:00<00:00, 568.11it/s, Materializing param=model.layers.36.mamba.conv1d.weight]
Loading weights:  91%|████████████████████████████████████████████████████▋     | 423/466 [00:00<00:00, 568.11it/s, Materializing param=model.layers.36.mamba.dt_bias]
Loading weights:  91%|████████████████████████████████████████████████████▋     | 423/466 [00:00<00:00, 568.11it/s, Materializing param=model.layers.36.mamba.dt_bias]
Loading weights:  91%|██████████████████████████████████████████████▍    | 424/466 [00:00<00:00, 568.11it/s, Materializing param=model.layers.36.mamba.in_proj.weight]
Loading weights:  91%|██████████████████████████████████████████████▍    | 424/466 [00:00<00:00, 568.11it/s, Materializing param=model.layers.36.mamba.in_proj.weight]
Loading weights:  91%|█████████████████████████████████████████████████▏    | 425/466 [00:00<00:00, 568.11it/s, Materializing param=model.layers.36.mamba.norm.weight]
Loading weights:  91%|█████████████████████████████████████████████████▏    | 425/466 [00:00<00:00, 568.11it/s, Materializing param=model.layers.36.mamba.norm.weight]
Loading weights:  91%|█████████████████████████████████████████████▋    | 426/466 [00:00<00:00, 568.11it/s, Materializing param=model.layers.36.mamba.out_proj.weight]
Loading weights:  91%|█████████████████████████████████████████████▋    | 426/466 [00:00<00:00, 568.11it/s, Materializing param=model.layers.36.mamba.out_proj.weight]
Loading weights:  92%|████████████████████████████████████▋   | 427/466 [00:00<00:00, 568.11it/s, Materializing param=model.layers.36.post_attention_layernorm.weight]
Loading weights:  92%|████████████████████████████████████▋   | 427/466 [00:00<00:00, 568.11it/s, Materializing param=model.layers.36.post_attention_layernorm.weight]
Loading weights:  92%|█████████████████████████████████████▋   | 428/466 [00:00<00:00, 568.11it/s, Materializing param=model.layers.36.shared_mlp.input_linear.weight]
Loading weights:  92%|█████████████████████████████████████▋   | 428/466 [00:00<00:00, 568.11it/s, Materializing param=model.layers.36.shared_mlp.input_linear.weight]
Loading weights:  92%|████████████████████████████████████▊   | 429/466 [00:00<00:00, 568.11it/s, Materializing param=model.layers.36.shared_mlp.output_linear.weight]
Loading weights:  92%|████████████████████████████████████▊   | 429/466 [00:00<00:00, 568.11it/s, Materializing param=model.layers.36.shared_mlp.output_linear.weight]
Loading weights:  92%|█████████████████████████████████████████████▏   | 430/466 [00:00<00:00, 568.11it/s, Materializing param=model.layers.37.input_layernorm.weight]
Loading weights:  92%|█████████████████████████████████████████████▏   | 430/466 [00:00<00:00, 568.11it/s, Materializing param=model.layers.37.input_layernorm.weight]
Loading weights:  92%|███████████████████████████████████████████████████████▍    | 431/466 [00:00<00:00, 568.11it/s, Materializing param=model.layers.37.mamba.A_log]
Loading weights:  92%|███████████████████████████████████████████████████████▍    | 431/466 [00:00<00:00, 568.11it/s, Materializing param=model.layers.37.mamba.A_log]
Loading weights:  93%|███████████████████████████████████████████████████████████▎    | 432/466 [00:00<00:00, 568.11it/s, Materializing param=model.layers.37.mamba.D]
Loading weights:  93%|███████████████████████████████████████████████████████████▎    | 432/466 [00:00<00:00, 568.11it/s, Materializing param=model.layers.37.mamba.D]
Loading weights:  93%|██████████████████████████████████████████████████▏   | 433/466 [00:00<00:00, 568.11it/s, Materializing param=model.layers.37.mamba.conv1d.bias]
Loading weights:  93%|██████████████████████████████████████████████████▏   | 433/466 [00:00<00:00, 568.11it/s, Materializing param=model.layers.37.mamba.conv1d.bias]
Loading weights:  93%|████████████████████████████████████████████████▍   | 434/466 [00:00<00:00, 568.11it/s, Materializing param=model.layers.37.mamba.conv1d.weight]
Loading weights:  93%|████████████████████████████████████████████████▍   | 434/466 [00:00<00:00, 568.11it/s, Materializing param=model.layers.37.mamba.conv1d.weight]
Loading weights:  93%|██████████████████████████████████████████████████████▏   | 435/466 [00:00<00:00, 568.11it/s, Materializing param=model.layers.37.mamba.dt_bias]
Loading weights:  93%|██████████████████████████████████████████████████████▏   | 435/466 [00:00<00:00, 568.11it/s, Materializing param=model.layers.37.mamba.dt_bias]
Loading weights:  94%|███████████████████████████████████████████████▋   | 436/466 [00:00<00:00, 568.11it/s, Materializing param=model.layers.37.mamba.in_proj.weight]
Loading weights:  94%|███████████████████████████████████████████████▋   | 436/466 [00:00<00:00, 568.11it/s, Materializing param=model.layers.37.mamba.in_proj.weight]
Loading weights:  94%|██████████████████████████████████████████████████▋   | 437/466 [00:00<00:00, 568.11it/s, Materializing param=model.layers.37.mamba.norm.weight]
Loading weights:  94%|██████████████████████████████████████████████████▋   | 437/466 [00:00<00:00, 568.11it/s, Materializing param=model.layers.37.mamba.norm.weight]
Loading weights:  94%|██████████████████████████████████████████████▉   | 438/466 [00:00<00:00, 568.11it/s, Materializing param=model.layers.37.mamba.out_proj.weight]
Loading weights:  94%|██████████████████████████████████████████████▉   | 438/466 [00:00<00:00, 568.11it/s, Materializing param=model.layers.37.mamba.out_proj.weight]
Loading weights:  94%|█████████████████████████████████████▋  | 439/466 [00:00<00:00, 568.11it/s, Materializing param=model.layers.37.post_attention_layernorm.weight]
Loading weights:  94%|█████████████████████████████████████▋  | 439/466 [00:00<00:00, 568.11it/s, Materializing param=model.layers.37.post_attention_layernorm.weight]
Loading weights:  94%|██████████████████████████████████████▋  | 440/466 [00:00<00:00, 568.11it/s, Materializing param=model.layers.37.shared_mlp.input_linear.weight]
Loading weights:  94%|██████████████████████████████████████▋  | 440/466 [00:00<00:00, 568.11it/s, Materializing param=model.layers.37.shared_mlp.input_linear.weight]
Loading weights:  95%|█████████████████████████████████████▊  | 441/466 [00:00<00:00, 568.11it/s, Materializing param=model.layers.37.shared_mlp.output_linear.weight]
Loading weights:  95%|█████████████████████████████████████▊  | 441/466 [00:00<00:00, 568.11it/s, Materializing param=model.layers.37.shared_mlp.output_linear.weight]
Loading weights:  95%|██████████████████████████████████████████████▍  | 442/466 [00:00<00:00, 568.11it/s, Materializing param=model.layers.38.input_layernorm.weight]
Loading weights:  95%|██████████████████████████████████████████████▍  | 442/466 [00:00<00:00, 568.11it/s, Materializing param=model.layers.38.input_layernorm.weight]
Loading weights:  95%|█████████████████████████████████████████████████████████   | 443/466 [00:00<00:00, 568.11it/s, Materializing param=model.layers.38.mamba.A_log]
Loading weights:  95%|█████████████████████████████████████████████████████████   | 443/466 [00:00<00:00, 568.11it/s, Materializing param=model.layers.38.mamba.A_log]
Loading weights:  95%|████████████████████████████████████████████████████████████▉   | 444/466 [00:00<00:00, 568.11it/s, Materializing param=model.layers.38.mamba.D]
Loading weights:  95%|████████████████████████████████████████████████████████████▉   | 444/466 [00:00<00:00, 568.11it/s, Materializing param=model.layers.38.mamba.D]
Loading weights:  95%|███████████████████████████████████████████████████▌  | 445/466 [00:00<00:00, 568.11it/s, Materializing param=model.layers.38.mamba.conv1d.bias]
Loading weights:  95%|███████████████████████████████████████████████████▌  | 445/466 [00:00<00:00, 568.11it/s, Materializing param=model.layers.38.mamba.conv1d.bias]
Loading weights:  96%|█████████████████████████████████████████████████▊  | 446/466 [00:00<00:00, 568.11it/s, Materializing param=model.layers.38.mamba.conv1d.weight]
Loading weights:  96%|█████████████████████████████████████████████████▊  | 446/466 [00:00<00:00, 568.11it/s, Materializing param=model.layers.38.mamba.conv1d.weight]
Loading weights:  96%|███████████████████████████████████████████████████████▋  | 447/466 [00:00<00:00, 568.11it/s, Materializing param=model.layers.38.mamba.dt_bias]
Loading weights:  96%|███████████████████████████████████████████████████████▋  | 447/466 [00:00<00:00, 568.11it/s, Materializing param=model.layers.38.mamba.dt_bias]
Loading weights:  96%|█████████████████████████████████████████████████  | 448/466 [00:00<00:00, 568.11it/s, Materializing param=model.layers.38.mamba.in_proj.weight]
Loading weights:  96%|█████████████████████████████████████████████████  | 448/466 [00:00<00:00, 568.11it/s, Materializing param=model.layers.38.mamba.in_proj.weight]
Loading weights:  96%|████████████████████████████████████████████████████  | 449/466 [00:00<00:00, 568.11it/s, Materializing param=model.layers.38.mamba.norm.weight]
Loading weights:  96%|████████████████████████████████████████████████████  | 449/466 [00:00<00:00, 568.11it/s, Materializing param=model.layers.38.mamba.norm.weight]
Loading weights:  97%|████████████████████████████████████████████████▎ | 450/466 [00:00<00:00, 568.11it/s, Materializing param=model.layers.38.mamba.out_proj.weight]
Loading weights:  97%|████████████████████████████████████████████████▎ | 450/466 [00:00<00:00, 568.11it/s, Materializing param=model.layers.38.mamba.out_proj.weight]
Loading weights:  97%|██████████████████████████████████████▋ | 451/466 [00:00<00:00, 568.11it/s, Materializing param=model.layers.38.post_attention_layernorm.weight]
Loading weights:  97%|██████████████████████████████████████▋ | 451/466 [00:00<00:00, 568.11it/s, Materializing param=model.layers.38.post_attention_layernorm.weight]
Loading weights:  97%|███████████████████████████████████████▊ | 452/466 [00:00<00:00, 568.11it/s, Materializing param=model.layers.38.shared_mlp.input_linear.weight]
Loading weights:  97%|███████████████████████████████████████▊ | 452/466 [00:00<00:00, 568.11it/s, Materializing param=model.layers.38.shared_mlp.input_linear.weight]
Loading weights:  97%|██████████████████████████████████████▉ | 453/466 [00:00<00:00, 568.11it/s, Materializing param=model.layers.38.shared_mlp.output_linear.weight]
Loading weights:  97%|██████████████████████████████████████▉ | 453/466 [00:00<00:00, 568.11it/s, Materializing param=model.layers.38.shared_mlp.output_linear.weight]
Loading weights:  97%|███████████████████████████████████████████████▋ | 454/466 [00:00<00:00, 568.11it/s, Materializing param=model.layers.39.input_layernorm.weight]
Loading weights:  97%|███████████████████████████████████████████████▋ | 454/466 [00:00<00:00, 568.11it/s, Materializing param=model.layers.39.input_layernorm.weight]
Loading weights:  98%|██████████████████████████████████████████████████████████▌ | 455/466 [00:00<00:00, 568.11it/s, Materializing param=model.layers.39.mamba.A_log]
Loading weights:  98%|██████████████████████████████████████████████████████████▌ | 455/466 [00:00<00:00, 568.11it/s, Materializing param=model.layers.39.mamba.A_log]
Loading weights:  98%|██████████████████████████████████████████████████████████████▋ | 456/466 [00:00<00:00, 568.11it/s, Materializing param=model.layers.39.mamba.D]
Loading weights:  98%|██████████████████████████████████████████████████████████████▋ | 456/466 [00:00<00:00, 568.11it/s, Materializing param=model.layers.39.mamba.D]
Loading weights:  98%|████████████████████████████████████████████████████▉ | 457/466 [00:00<00:00, 568.11it/s, Materializing param=model.layers.39.mamba.conv1d.bias]
Loading weights:  98%|████████████████████████████████████████████████████▉ | 457/466 [00:00<00:00, 568.11it/s, Materializing param=model.layers.39.mamba.conv1d.bias]
Loading weights:  98%|███████████████████████████████████████████████████ | 458/466 [00:00<00:00, 568.11it/s, Materializing param=model.layers.39.mamba.conv1d.weight]
Loading weights:  98%|███████████████████████████████████████████████████ | 458/466 [00:00<00:00, 568.11it/s, Materializing param=model.layers.39.mamba.conv1d.weight]
Loading weights:  98%|█████████████████████████████████████████████████████████▏| 459/466 [00:00<00:00, 568.11it/s, Materializing param=model.layers.39.mamba.dt_bias]
Loading weights:  98%|█████████████████████████████████████████████████████████▏| 459/466 [00:00<00:00, 568.11it/s, Materializing param=model.layers.39.mamba.dt_bias]
Loading weights:  99%|██████████████████████████████████████████████████▎| 460/466 [00:00<00:00, 568.11it/s, Materializing param=model.layers.39.mamba.in_proj.weight]
Loading weights:  99%|██████████████████████████████████████████████████▎| 460/466 [00:00<00:00, 568.11it/s, Materializing param=model.layers.39.mamba.in_proj.weight]
Loading weights:  99%|█████████████████████████████████████████████████████▍| 461/466 [00:00<00:00, 568.11it/s, Materializing param=model.layers.39.mamba.norm.weight]
Loading weights:  99%|█████████████████████████████████████████████████████▍| 461/466 [00:00<00:00, 568.11it/s, Materializing param=model.layers.39.mamba.norm.weight]
Loading weights:  99%|█████████████████████████████████████████████████▌| 462/466 [00:00<00:00, 568.11it/s, Materializing param=model.layers.39.mamba.out_proj.weight]
Loading weights:  99%|█████████████████████████████████████████████████▌| 462/466 [00:00<00:00, 568.11it/s, Materializing param=model.layers.39.mamba.out_proj.weight]
Loading weights:  99%|███████████████████████████████████████▋| 463/466 [00:00<00:00, 568.11it/s, Materializing param=model.layers.39.post_attention_layernorm.weight]
Loading weights:  99%|███████████████████████████████████████▋| 463/466 [00:00<00:00, 568.11it/s, Materializing param=model.layers.39.post_attention_layernorm.weight]
Loading weights: 100%|████████████████████████████████████████▊| 464/466 [00:00<00:00, 568.11it/s, Materializing param=model.layers.39.shared_mlp.input_linear.weight]
Loading weights: 100%|████████████████████████████████████████▊| 464/466 [00:00<00:00, 568.11it/s, Materializing param=model.layers.39.shared_mlp.input_linear.weight]
Loading weights: 100%|███████████████████████████████████████▉| 465/466 [00:00<00:00, 568.11it/s, Materializing param=model.layers.39.shared_mlp.output_linear.weight]
Loading weights: 100%|███████████████████████████████████████▉| 465/466 [00:00<00:00, 568.11it/s, Materializing param=model.layers.39.shared_mlp.output_linear.weight]
Loading weights: 100%|██████████████████████████████████████████████████████████████████████| 466/466 [00:00<00:00, 568.11it/s, Materializing param=model.norm.weight]
Loading weights: 100%|██████████████████████████████████████████████████████████████████████| 466/466 [00:00<00:00, 568.11it/s, Materializing param=model.norm.weight]
Loading weights: 100%|██████████████████████████████████████████████████████████████████████| 466/466 [00:00<00:00, 566.00it/s, Materializing param=model.norm.weight]
01:32:45 INFO: HTTP Request: HEAD https://huggingface.co/ibm-granite/granite-4.0-h-micro/resolve/main/generation_config.json "HTTP/1.1 307 Temporary Redirect"
01:32:45 INFO: HTTP Request: HEAD https://huggingface.co/api/resolve-cache/models/ibm-granite/granite-4.0-h-micro/d5f01a3ea75f088947be3aae039f4ad52837dfde/generation_config.json "HTTP/1.1 200 OK"
01:32:45 INFO: HTTP Request: HEAD https://huggingface.co/ibm-granite/granite-4.0-h-micro/resolve/main/custom_generate/generate.py "HTTP/1.1 404 Not Found"
01:32:45 INFO: HTTP Request: HEAD https://huggingface.co/ibm-granite/granite-4.0-h-micro/resolve/main/config.json "HTTP/1.1 307 Temporary Redirect"
01:32:45 INFO: HTTP Request: HEAD https://huggingface.co/api/resolve-cache/models/ibm-granite/granite-4.0-h-micro/d5f01a3ea75f088947be3aae039f4ad52837dfde/config.json "HTTP/1.1 200 OK"
01:32:45 INFO: HTTP Request: HEAD https://huggingface.co/ibm-granite/granite-4.0-h-micro/resolve/main/tokenizer_config.json "HTTP/1.1 307 Temporary Redirect"
01:32:45 INFO: HTTP Request: HEAD https://huggingface.co/api/resolve-cache/models/ibm-granite/granite-4.0-h-micro/d5f01a3ea75f088947be3aae039f4ad52837dfde/tokenizer_config.json "HTTP/1.1 200 OK"
01:32:45 INFO: HTTP Request: GET https://huggingface.co/api/models/ibm-granite/granite-4.0-h-micro/tree/main/additional_chat_templates?recursive=false&expand=false "HTTP/1.1 404 Not Found"
01:32:45 INFO: HTTP Request: GET https://huggingface.co/api/models/ibm-granite/granite-4.0-h-micro/tree/main?recursive=true&expand=false "HTTP/1.1 200 OK"
01:32:46 INFO: HTTP Request: GET https://huggingface.co/api/models/ibm-granite/granite-4.0-h-micro "HTTP/1.1 200 OK"
trainable params: 28,823,552 || all params: 3,220,219,648 || trainable%: 0.8951
warmup_ratio is deprecated and will be removed in v5.2. Use `warmup_steps` instead.
01:32:47 WARNING: Padding-free training is enabled, but the attention implementation is not set to a supported flash attention variant. Padding-free training flattens batches into a single sequence, and only the following implementations are known to reliably support this: flash_attention_2, flash_attention_3, kernels-community/flash-attn2, kernels-community/flash-attn3, kernels-community/vllm-flash-attn3. Using other implementations may lead to unexpected behavior. To ensure compatibility, set `attn_implementation` in the model configuration to one of these supported options or verify that your attention mechanism can handle flattened sequences.
01:32:47 WARNING: You are using packing, but the attention implementation is not set to a supported flash attention variant. Packing gathers multiple samples into a single sequence, and only the following implementations are known to reliably support this: flash_attention_2, flash_attention_3, kernels-community/flash-attn2, kernels-community/flash-attn3, kernels-community/vllm-flash-attn3. Using other implementations may lead to cross-contamination between samples. To avoid this, either disable packing by setting `packing=False`, or set `attn_implementation` in the model configuration to one of these supported options.

Adding EOS to train dataset:   0%|                                                                                                    | 0/8248 [00:00<?, ? examples/s]
Adding EOS to train dataset:  82%|██████████████████████████████████████████████████████████████████████▋               | 6775/8248 [00:00<00:00, 67603.39 examples/s]
Adding EOS to train dataset: 100%|██████████████████████████████████████████████████████████████████████████████████████| 8248/8248 [00:00<00:00, 66826.39 examples/s]

Tokenizing train dataset:   0%|                                                                                                       | 0/8248 [00:00<?, ? examples/s]
Tokenizing train dataset:   5%|████▍                                                                                      | 404/8248 [00:00<00:01, 4019.21 examples/s]
Tokenizing train dataset:  10%|█████████▏                                                                                 | 830/8248 [00:00<00:01, 4151.95 examples/s]
Tokenizing train dataset:  17%|███████████████▌                                                                          | 1424/8248 [00:00<00:01, 4003.85 examples/s]
Tokenizing train dataset:  23%|████████████████████▍                                                                     | 1872/8248 [00:00<00:01, 4164.39 examples/s]
Tokenizing train dataset:  30%|██████████████████████████▉                                                               | 2465/8248 [00:00<00:01, 4069.56 examples/s]
Tokenizing train dataset:  35%|███████████████████████████████▊                                                          | 2920/8248 [00:00<00:01, 4203.59 examples/s]
Tokenizing train dataset:  43%|██████████████████████████████████████▎                                                   | 3514/8248 [00:00<00:01, 4106.19 examples/s]
Tokenizing train dataset:  48%|███████████████████████████████████████████▎                                              | 3967/8248 [00:00<00:01, 4216.79 examples/s]
Tokenizing train dataset:  55%|█████████████████████████████████████████████████▋                                        | 4558/8248 [00:01<00:00, 4113.31 examples/s]
Tokenizing train dataset:  61%|██████████████████████████████████████████████████████▌                                   | 5000/8248 [00:01<00:00, 4034.80 examples/s]
Tokenizing train dataset:  66%|███████████████████████████████████████████████████████████▏                              | 5419/8248 [00:01<00:00, 4073.54 examples/s]
Tokenizing train dataset:  71%|████████████████████████████████████████████████████████████████                          | 5866/8248 [00:01<00:00, 4179.42 examples/s]
Tokenizing train dataset:  78%|██████████████████████████████████████████████████████████████████████▌                   | 6462/8248 [00:01<00:00, 4098.49 examples/s]
Tokenizing train dataset:  84%|███████████████████████████████████████████████████████████████████████████▍              | 6915/8248 [00:01<00:00, 4208.14 examples/s]
Tokenizing train dataset:  91%|█████████████████████████████████████████████████████████████████████████████████▉        | 7508/8248 [00:01<00:00, 4115.01 examples/s]
Tokenizing train dataset:  96%|██████████████████████████████████████████████████████████████████████████████████████▊   | 7956/8248 [00:01<00:00, 4203.88 examples/s]
Tokenizing train dataset: 100%|██████████████████████████████████████████████████████████████████████████████████████████| 8248/8248 [00:02<00:00, 4105.59 examples/s]

Packing train dataset:   0%|                                                                                                          | 0/8248 [00:00<?, ? examples/s]
Packing train dataset: 100%|███████████████████████████████████████████████████████████████████████████████████████████| 8248/8248 [00:00<00:00, 139657.74 examples/s]

Adding EOS to eval dataset:   0%|                                                                                                      | 0/917 [00:00<?, ? examples/s]
Adding EOS to eval dataset: 100%|█████████████████████████████████████████████████████████████████████████████████████████| 917/917 [00:00<00:00, 63142.13 examples/s]

Tokenizing eval dataset:   0%|                                                                                                         | 0/917 [00:00<?, ? examples/s]
Tokenizing eval dataset:  46%|██████████████████████████████████████████▌                                                  | 420/917 [00:00<00:00, 4171.29 examples/s]
Tokenizing eval dataset:  95%|████████████████████████████████████████████████████████████████████████████████████████▏    | 869/917 [00:00<00:00, 4351.39 examples/s]
Tokenizing eval dataset: 100%|█████████████████████████████████████████████████████████████████████████████████████████████| 917/917 [00:00<00:00, 4048.41 examples/s]

Packing eval dataset:   0%|                                                                                                            | 0/917 [00:00<?, ? examples/s]
Packing eval dataset: 100%|██████████████████████████████████████████████████████████████████████████████████████████████| 917/917 [00:00<00:00, 124230.52 examples/s]
01:32:50 INFO: Starting training for task 'rule_generation'...

  0%|                                                                                                                                         | 0/162 [00:00<?, ?it/s]
  1%|▊                                                                                                                                | 1/162 [00:06<16:14,  6.05s/it]
  1%|█▌                                                                                                                               | 2/162 [00:12<16:14,  6.09s/it]
  2%|██▍                                                                                                                              | 3/162 [00:18<16:12,  6.12s/it]
  2%|███▏                                                                                                                             | 4/162 [00:24<15:47,  6.00s/it]
  3%|███▉                                                                                                                             | 5/162 [00:30<15:40,  5.99s/it]
  4%|████▊                                                                                                                            | 6/162 [00:36<15:36,  6.01s/it]
  4%|█████▌                                                                                                                           | 7/162 [00:42<15:27,  5.98s/it]
  5%|██████▎                                                                                                                          | 8/162 [00:48<15:32,  6.06s/it]
  6%|███████▏                                                                                                                         | 9/162 [00:54<15:29,  6.07s/it]
  6%|███████▉                                                                                                                        | 10/162 [01:00<15:22,  6.07s/it]
                                                                                                                                                                      
{'loss': '2.195', 'grad_norm': '1.386', 'learning_rate': '0.00018', 'entropy': '0.9265', 'num_tokens': '3.914e+05', 'mean_token_accuracy': '0.6827', 'epoch': '0.1852'}

  6%|███████▉                                                                                                                        | 10/162 [01:00<15:22,  6.07s/it]
  7%|████████▋                                                                                                                       | 11/162 [01:06<15:10,  6.03s/it]
  7%|█████████▍                                                                                                                      | 12/162 [01:12<15:12,  6.09s/it]
  8%|██████████▎                                                                                                                     | 13/162 [01:18<15:01,  6.05s/it]
  9%|███████████                                                                                                                     | 14/162 [01:24<15:02,  6.10s/it]
  9%|███████████▊                                                                                                                    | 15/162 [01:30<14:42,  6.00s/it]
 10%|████████████▋                                                                                                                   | 16/162 [01:36<14:38,  6.01s/it]
 10%|█████████████▍                                                                                                                  | 17/162 [01:42<14:34,  6.03s/it]
 11%|██████████████▏                                                                                                                 | 18/162 [01:48<14:37,  6.10s/it]
 12%|███████████████                                                                                                                 | 19/162 [01:54<14:26,  6.06s/it]
 12%|███████████████▊                                                                                                                | 20/162 [02:00<14:20,  6.06s/it]
                                                                                                                                                                      
{'loss': '0.8525', 'grad_norm': '0.2708', 'learning_rate': '0.0001983', 'entropy': '0.7514', 'num_tokens': '7.833e+05', 'mean_token_accuracy': '0.8132', 'epoch': '0.3704'}

 12%|███████████████▊                                                                                                                | 20/162 [02:00<14:20,  6.06s/it]
 13%|████████████████▌                                                                                                               | 21/162 [02:07<14:13,  6.05s/it]
 14%|█████████████████▍                                                                                                              | 22/162 [02:13<14:06,  6.04s/it]
 14%|██████████████████▏                                                                                                             | 23/162 [02:18<13:56,  6.02s/it]
 15%|██████████████████▉                                                                                                             | 24/162 [02:24<13:42,  5.96s/it]
 15%|███████████████████▊                                                                                                            | 25/162 [02:30<13:42,  6.01s/it]
 16%|████████████████████▌                                                                                                           | 26/162 [02:36<13:31,  5.97s/it]
 17%|█████████████████████▎                                                                                                          | 27/162 [02:42<13:33,  6.03s/it]
 17%|██████████████████████                                                                                                          | 28/162 [02:49<13:28,  6.03s/it]
 18%|██████████████████████▉                                                                                                         | 29/162 [02:55<13:22,  6.04s/it]
 19%|███████████████████████▋                                                                                                        | 30/162 [03:01<13:18,  6.05s/it]
                                                                                                                                                                      
{'loss': '0.7325', 'grad_norm': '0.1693', 'learning_rate': '0.0001924', 'entropy': '0.7741', 'num_tokens': '1.174e+06', 'mean_token_accuracy': '0.8279', 'epoch': '0.5556'}

 19%|███████████████████████▋                                                                                                        | 30/162 [03:01<13:18,  6.05s/it]
 19%|████████████████████████▍                                                                                                       | 31/162 [03:07<13:08,  6.02s/it]
 20%|█████████████████████████▎                                                                                                      | 32/162 [03:13<13:04,  6.03s/it]
 20%|██████████████████████████                                                                                                      | 33/162 [03:19<12:58,  6.03s/it]
 21%|██████████████████████████▊                                                                                                     | 34/162 [03:25<12:53,  6.04s/it]
 22%|███████████████████████████▋                                                                                                    | 35/162 [03:31<12:55,  6.11s/it]
 22%|████████████████████████████▍                                                                                                   | 36/162 [03:37<12:49,  6.10s/it]
 23%|█████████████████████████████▏                                                                                                  | 37/162 [03:43<12:42,  6.10s/it]
 23%|██████████████████████████████                                                                                                  | 38/162 [03:49<12:37,  6.11s/it]
 24%|██████████████████████████████▊                                                                                                 | 39/162 [03:55<12:29,  6.09s/it]
 25%|███████████████████████████████▌                                                                                                | 40/162 [04:01<12:21,  6.08s/it]
                                                                                                                                                                      
{'loss': '0.6553', 'grad_norm': '0.1462', 'learning_rate': '0.0001826', 'entropy': '0.7047', 'num_tokens': '1.569e+06', 'mean_token_accuracy': '0.8378', 'epoch': '0.7407'}

 25%|███████████████████████████████▌                                                                                                | 40/162 [04:01<12:21,  6.08s/it]
 25%|████████████████████████████████▍                                                                                               | 41/162 [04:07<12:10,  6.03s/it]
 26%|█████████████████████████████████▏                                                                                              | 42/162 [04:13<12:04,  6.04s/it]
 27%|█████████████████████████████████▉                                                                                              | 43/162 [04:19<11:58,  6.04s/it]
 27%|██████████████████████████████████▊                                                                                             | 44/162 [04:26<11:53,  6.04s/it]
 28%|███████████████████████████████████▌                                                                                            | 45/162 [04:32<11:49,  6.06s/it]
 28%|████████████████████████████████████▎                                                                                           | 46/162 [04:38<11:49,  6.12s/it]
 29%|█████████████████████████████████████▏                                                                                          | 47/162 [04:44<11:42,  6.11s/it]
 30%|█████████████████████████████████████▉                                                                                          | 48/162 [04:50<11:33,  6.08s/it]
 30%|██████████████████████████████████████▋                                                                                         | 49/162 [04:56<11:23,  6.05s/it]
 31%|███████████████████████████████████████▌                                                                                        | 50/162 [05:02<11:18,  6.06s/it]
                                                                                                                                                                      
{'loss': '0.5955', 'grad_norm': '0.1749', 'learning_rate': '0.0001692', 'entropy': '0.6503', 'num_tokens': '1.962e+06', 'mean_token_accuracy': '0.8544', 'epoch': '0.9259'}

 31%|███████████████████████████████████████▌                                                                                        | 50/162 [05:02<11:18,  6.06s/it]

  0%|                                                                                                                                           | 0/6 [00:00<?, ?it/s][A

 33%|███████████████████████████████████████████▋                                                                                       | 2/6 [00:02<00:04,  1.02s/it][A

 50%|█████████████████████████████████████████████████████████████████▌                                                                 | 3/6 [00:04<00:04,  1.47s/it][A

 67%|███████████████████████████████████████████████████████████████████████████████████████▎                                           | 4/6 [00:06<00:03,  1.70s/it][A

 83%|█████████████████████████████████████████████████████████████████████████████████████████████████████████████▏                     | 5/6 [00:08<00:01,  1.80s/it][A

100%|███████████████████████████████████████████████████████████████████████████████████████████████████████████████████████████████████| 6/6 [00:10<00:00,  1.88s/it][A

                                                                                                                                                                      
[A
                                                                                                                                                                      
{'eval_loss': '0.4998', 'eval_runtime': '12.48', 'eval_samples_per_second': '15.38', 'eval_steps_per_second': '0.481', 'eval_entropy': '0.5571', 'eval_num_tokens': '1.962e+06', 'eval_mean_token_accuracy': '0.8775', 'epoch': '0.9259'}


100%|███████████████████████████████████████████████████████████████████████████████████████████████████████████████████████████████████| 6/6 [00:10<00:00,  1.88s/it][A
 31%|███████████████████████████████████████▌                                                                                        | 50/162 [05:15<11:18,  6.06s/it]

                                                                                                                                                                      [A
 31%|████████████████████████████████████████▎                                                                                       | 51/162 [05:21<18:07,  9.79s/it]
 32%|█████████████████████████████████████████                                                                                       | 52/162 [05:27<15:53,  8.67s/it]
 33%|█████████████████████████████████████████▉                                                                                      | 53/162 [05:33<14:23,  7.92s/it]
 33%|██████████████████████████████████████████▋                                                                                     | 54/162 [05:38<12:35,  7.00s/it]
 34%|███████████████████████████████████████████▍                                                                                    | 55/162 [05:44<11:57,  6.71s/it]
 35%|████████████████████████████████████████████▏                                                                                   | 56/162 [05:50<11:33,  6.54s/it]
 35%|█████████████████████████████████████████████                                                                                   | 57/162 [05:56<11:10,  6.38s/it]
 36%|█████████████████████████████████████████████▊                                                                                  | 58/162 [06:02<10:54,  6.29s/it]
 36%|██████████████████████████████████████████████▌                                                                                 | 59/162 [06:08<10:39,  6.21s/it]
 37%|███████████████████████████████████████████████▍                                                                                | 60/162 [06:14<10:29,  6.17s/it]
                                                                                                                                                                      
{'loss': '0.5359', 'grad_norm': '0.2119', 'learning_rate': '0.000153', 'entropy': '0.5948', 'num_tokens': '2.348e+06', 'mean_token_accuracy': '0.8674', 'epoch': '1.111'}

 37%|███████████████████████████████████████████████▍                                                                                | 60/162 [06:14<10:29,  6.17s/it]
 38%|████████████████████████████████████████████████▏                                                                               | 61/162 [06:20<10:19,  6.14s/it]
 38%|████████████████████████████████████████████████▉                                                                               | 62/162 [06:26<10:12,  6.12s/it]
 39%|█████████████████████████████████████████████████▊                                                                              | 63/162 [06:32<10:03,  6.10s/it]
 40%|██████████████████████████████████████████████████▌                                                                             | 64/162 [06:38<09:55,  6.08s/it]
 40%|███████████████████████████████████████████████████▎                                                                            | 65/162 [06:44<09:48,  6.07s/it]
 41%|████████████████████████████████████████████████████▏                                                                           | 66/162 [06:50<09:38,  6.03s/it]
 41%|████████████████████████████████████████████████████▉                                                                           | 67/162 [06:56<09:29,  6.00s/it]
 42%|█████████████████████████████████████████████████████▋                                                                          | 68/162 [07:02<09:26,  6.03s/it]
 43%|██████████████████████████████████████████████████████▌                                                                         | 69/162 [07:08<09:21,  6.04s/it]
 43%|███████████████████████████████████████████████████████▎                                                                        | 70/162 [07:14<09:16,  6.05s/it]
                                                                                                                                                                      
{'loss': '0.4726', 'grad_norm': '0.2905', 'learning_rate': '0.0001344', 'entropy': '0.5365', 'num_tokens': '2.74e+06', 'mean_token_accuracy': '0.8784', 'epoch': '1.296'}

 43%|███████████████████████████████████████████████████████▎                                                                        | 70/162 [07:14<09:16,  6.05s/it]
 44%|████████████████████████████████████████████████████████                                                                        | 71/162 [07:20<09:11,  6.06s/it]
 44%|████████████████████████████████████████████████████████▉                                                                       | 72/162 [07:27<09:07,  6.09s/it]
 45%|█████████████████████████████████████████████████████████▋                                                                      | 73/162 [07:33<09:00,  6.08s/it]
 46%|██████████████████████████████████████████████████████████▍                                                                     | 74/162 [07:38<08:47,  5.99s/it]
 46%|███████████████████████████████████████████████████████████▎                                                                    | 75/162 [07:44<08:37,  5.95s/it]
 47%|████████████████████████████████████████████████████████████                                                                    | 76/162 [07:50<08:31,  5.95s/it]
 48%|████████████████████████████████████████████████████████████▊                                                                   | 77/162 [07:56<08:27,  5.97s/it]
 48%|█████████████████████████████████████████████████████████████▋                                                                  | 78/162 [08:02<08:28,  6.05s/it]
 49%|██████████████████████████████████████████████████████████████▍                                                                 | 79/162 [08:09<08:22,  6.05s/it]
 49%|███████████████████████████████████████████████████████████████▏                                                                | 80/162 [08:14<08:12,  6.01s/it]
                                                                                                                                                                      
{'loss': '0.4188', 'grad_norm': '0.3296', 'learning_rate': '0.0001144', 'entropy': '0.4907', 'num_tokens': '3.131e+06', 'mean_token_accuracy': '0.8891', 'epoch': '1.481'}

 49%|███████████████████████████████████████████████████████████████▏                                                                | 80/162 [08:14<08:12,  6.01s/it]
 50%|████████████████████████████████████████████████████████████████                                                                | 81/162 [08:20<08:04,  5.98s/it]
 51%|████████████████████████████████████████████████████████████████▊                                                               | 82/162 [08:26<07:57,  5.96s/it]
 51%|█████████████████████████████████████████████████████████████████▌                                                              | 83/162 [08:32<07:49,  5.95s/it]
 52%|██████████████████████████████████████████████████████████████████▎                                                             | 84/162 [08:38<07:46,  5.99s/it]
 52%|███████████████████████████████████████████████████████████████████▏                                                            | 85/162 [08:44<07:44,  6.03s/it]
 53%|███████████████████████████████████████████████████████████████████▉                                                            | 86/162 [08:50<07:39,  6.04s/it]
 54%|████████████████████████████████████████████████████████████████████▋                                                           | 87/162 [08:57<07:35,  6.07s/it]
 54%|█████████████████████████████████████████████████████████████████████▌                                                          | 88/162 [09:03<07:28,  6.06s/it]
 55%|██████████████████████████████████████████████████████████████████████▎                                                         | 89/162 [09:09<07:24,  6.08s/it]
 56%|███████████████████████████████████████████████████████████████████████                                                         | 90/162 [09:15<07:18,  6.09s/it]
                                                                                                                                                                      
{'loss': '0.3707', 'grad_norm': '0.3695', 'learning_rate': '9.38e-05', 'entropy': '0.4474', 'num_tokens': '3.524e+06', 'mean_token_accuracy': '0.9001', 'epoch': '1.667'}

 56%|███████████████████████████████████████████████████████████████████████                                                         | 90/162 [09:15<07:18,  6.09s/it]
 56%|███████████████████████████████████████████████████████████████████████▉                                                        | 91/162 [09:21<07:10,  6.07s/it]
 57%|████████████████████████████████████████████████████████████████████████▋                                                       | 92/162 [09:27<07:04,  6.06s/it]
 57%|█████████████████████████████████████████████████████████████████████████▍                                                      | 93/162 [09:33<06:58,  6.07s/it]
 58%|██████████████████████████████████████████████████████████████████████████▎                                                     | 94/162 [09:39<06:52,  6.07s/it]
 59%|███████████████████████████████████████████████████████████████████████████                                                     | 95/162 [09:45<06:46,  6.06s/it]
 59%|███████████████████████████████████████████████████████████████████████████▊                                                    | 96/162 [09:51<06:40,  6.06s/it]
 60%|████████████████████████████████████████████████████████████████████████████▋                                                   | 97/162 [09:57<06:34,  6.08s/it]
 60%|█████████████████████████████████████████████████████████████████████████████▍                                                  | 98/162 [10:03<06:26,  6.04s/it]
 61%|██████████████████████████████████████████████████████████████████████████████▏                                                 | 99/162 [10:09<06:20,  6.04s/it]
 62%|██████████████████████████████████████████████████████████████████████████████▍                                                | 100/162 [10:15<06:14,  6.04s/it]
                                                                                                                                                                      
{'loss': '0.3352', 'grad_norm': '0.3798', 'learning_rate': '7.345e-05', 'entropy': '0.4201', 'num_tokens': '3.916e+06', 'mean_token_accuracy': '0.9094', 'epoch': '1.852'}

 62%|██████████████████████████████████████████████████████████████████████████████▍                                                | 100/162 [10:15<06:14,  6.04s/it]

  0%|                                                                                                                                           | 0/6 [00:00<?, ?it/s][A

 33%|███████████████████████████████████████████▋                                                                                       | 2/6 [00:02<00:04,  1.02s/it][A

 50%|█████████████████████████████████████████████████████████████████▌                                                                 | 3/6 [00:04<00:04,  1.47s/it][A

 67%|███████████████████████████████████████████████████████████████████████████████████████▎                                           | 4/6 [00:06<00:03,  1.70s/it][A

 83%|█████████████████████████████████████████████████████████████████████████████████████████████████████████████▏                     | 5/6 [00:08<00:01,  1.80s/it][A

100%|███████████████████████████████████████████████████████████████████████████████████████████████████████████████████████████████████| 6/6 [00:10<00:00,  1.88s/it][A

                                                                                                                                                                      
[A
                                                                                                                                                                      
{'eval_loss': '0.3015', 'eval_runtime': '12.4', 'eval_samples_per_second': '15.49', 'eval_steps_per_second': '0.484', 'eval_entropy': '0.3763', 'eval_num_tokens': '3.916e+06', 'eval_mean_token_accuracy': '0.9175', 'epoch': '1.852'}


100%|███████████████████████████████████████████████████████████████████████████████████████████████████████████████████████████████████| 6/6 [00:10<00:00,  1.88s/it][A
 62%|██████████████████████████████████████████████████████████████████████████████▍                                                | 100/162 [10:28<06:14,  6.04s/it]

                                                                                                                                                                      [A
 62%|███████████████████████████████████████████████████████████████████████████████▏                                               | 101/162 [10:34<09:56,  9.77s/it]
 63%|███████████████████████████████████████████████████████████████████████████████▉                                               | 102/162 [10:40<08:39,  8.66s/it]
 64%|████████████████████████████████████████████████████████████████████████████████▋                                              | 103/162 [10:46<07:43,  7.86s/it]
 64%|█████████████████████████████████████████████████████████████████████████████████▌                                             | 104/162 [10:52<07:04,  7.32s/it]
 65%|██████████████████████████████████████████████████████████████████████████████████▎                                            | 105/162 [10:58<06:35,  6.94s/it]
 65%|███████████████████████████████████████████████████████████████████████████████████                                            | 106/162 [11:04<06:14,  6.69s/it]
 66%|███████████████████████████████████████████████████████████████████████████████████▉                                           | 107/162 [11:10<05:57,  6.51s/it]
 67%|████████████████████████████████████████████████████████████████████████████████████▋                                          | 108/162 [11:15<05:23,  5.99s/it]
 67%|█████████████████████████████████████████████████████████████████████████████████████▍                                         | 109/162 [11:21<05:19,  6.03s/it]
 68%|██████████████████████████████████████████████████████████████████████████████████████▏                                        | 110/162 [11:27<05:14,  6.05s/it]
                                                                                                                                                                      
{'loss': '0.2954', 'grad_norm': '0.3238', 'learning_rate': '5.423e-05', 'entropy': '0.3861', 'num_tokens': '4.303e+06', 'mean_token_accuracy': '0.9186', 'epoch': '2.037'}

 68%|██████████████████████████████████████████████████████████████████████████████████████▏                                        | 110/162 [11:27<05:14,  6.05s/it]
 69%|███████████████████████████████████████████████████████████████████████████████████████                                        | 111/162 [11:33<05:09,  6.07s/it]
 69%|███████████████████████████████████████████████████████████████████████████████████████▊                                       | 112/162 [11:39<05:04,  6.09s/it]
 70%|████████████████████████████████████████████████████████████████████████████████████████▌                                      | 113/162 [11:46<04:58,  6.10s/it]
 70%|█████████████████████████████████████████████████████████████████████████████████████████▎                                     | 114/162 [11:52<04:52,  6.09s/it]
 71%|██████████████████████████████████████████████████████████████████████████████████████████▏                                    | 115/162 [11:58<04:44,  6.04s/it]
 72%|██████████████████████████████████████████████████████████████████████████████████████████▉                                    | 116/162 [12:04<04:36,  6.01s/it]
 72%|███████████████████████████████████████████████████████████████████████████████████████████▋                                   | 117/162 [12:10<04:31,  6.03s/it]
 73%|████████████████████████████████████████████████████████████████████████████████████████████▌                                  | 118/162 [12:16<04:25,  6.04s/it]
 73%|█████████████████████████████████████████████████████████████████████████████████████████████▎                                 | 119/162 [12:22<04:19,  6.04s/it]
 74%|██████████████████████████████████████████████████████████████████████████████████████████████                                 | 120/162 [12:28<04:14,  6.05s/it]
                                                                                                                                                                      
{'loss': '0.2666', 'grad_norm': '0.307', 'learning_rate': '3.696e-05', 'entropy': '0.3552', 'num_tokens': '4.696e+06', 'mean_token_accuracy': '0.9265', 'epoch': '2.222'}

 74%|██████████████████████████████████████████████████████████████████████████████████████████████                                 | 120/162 [12:28<04:14,  6.05s/it]
 75%|██████████████████████████████████████████████████████████████████████████████████████████████▊                                | 121/162 [12:34<04:08,  6.06s/it]
 75%|███████████████████████████████████████████████████████████████████████████████████████████████▋                               | 122/162 [12:40<04:03,  6.09s/it]
 76%|████████████████████████████████████████████████████████████████████████████████████████████████▍                              | 123/162 [12:46<03:57,  6.09s/it]
 77%|█████████████████████████████████████████████████████████████████████████████████████████████████▏                             | 124/162 [12:52<03:48,  6.02s/it]
 77%|█████████████████████████████████████████████████████████████████████████████████████████████████▉                             | 125/162 [12:58<03:43,  6.04s/it]
 78%|██████████████████████████████████████████████████████████████████████████████████████████████████▊                            | 126/162 [13:04<03:36,  6.02s/it]
 78%|███████████████████████████████████████████████████████████████████████████████████████████████████▌                           | 127/162 [13:10<03:28,  5.96s/it]
 79%|████████████████████████████████████████████████████████████████████████████████████████████████████▎                          | 128/162 [13:16<03:23,  5.99s/it]
 80%|█████████████████████████████████████████████████████████████████████████████████████████████████████▏                         | 129/162 [13:22<03:18,  6.01s/it]
 80%|█████████████████████████████████████████████████████████████████████████████████████████████████████▉                         | 130/162 [13:28<03:10,  5.96s/it]
                                                                                                                                                                      
{'loss': '0.2532', 'grad_norm': '0.2638', 'learning_rate': '2.237e-05', 'entropy': '0.3369', 'num_tokens': '5.086e+06', 'mean_token_accuracy': '0.9303', 'epoch': '2.407'}

 80%|█████████████████████████████████████████████████████████████████████████████████████████████████████▉                         | 130/162 [13:28<03:10,  5.96s/it]
 81%|██████████████████████████████████████████████████████████████████████████████████████████████████████▋                        | 131/162 [13:34<03:05,  5.99s/it]
 81%|███████████████████████████████████████████████████████████████████████████████████████████████████████▍                       | 132/162 [13:40<02:59,  5.97s/it]
 82%|████████████████████████████████████████████████████████████████████████████████████████████████████████▎                      | 133/162 [13:46<02:54,  6.00s/it]
 83%|█████████████████████████████████████████████████████████████████████████████████████████████████████████                      | 134/162 [13:52<02:49,  6.04s/it]
 83%|█████████████████████████████████████████████████████████████████████████████████████████████████████████▊                     | 135/162 [13:58<02:42,  6.02s/it]
 84%|██████████████████████████████████████████████████████████████████████████████████████████████████████████▌                    | 136/162 [14:04<02:35,  6.00s/it]
 85%|███████████████████████████████████████████████████████████████████████████████████████████████████████████▍                   | 137/162 [14:10<02:30,  6.03s/it]
 85%|████████████████████████████████████████████████████████████████████████████████████████████████████████████▏                  | 138/162 [14:16<02:25,  6.04s/it]
 86%|████████████████████████████████████████████████████████████████████████████████████████████████████████████▉                  | 139/162 [14:22<02:19,  6.06s/it]
 86%|█████████████████████████████████████████████████████████████████████████████████████████████████████████████▊                 | 140/162 [14:28<02:13,  6.07s/it]
                                                                                                                                                                      
{'loss': '0.2462', 'grad_norm': '0.2481', 'learning_rate': '1.109e-05', 'entropy': '0.3342', 'num_tokens': '5.479e+06', 'mean_token_accuracy': '0.9319', 'epoch': '2.593'}

 86%|█████████████████████████████████████████████████████████████████████████████████████████████████████████████▊                 | 140/162 [14:28<02:13,  6.07s/it]
 87%|██████████████████████████████████████████████████████████████████████████████████████████████████████████████▌                | 141/162 [14:34<02:05,  5.97s/it]
 88%|███████████████████████████████████████████████████████████████████████████████████████████████████████████████▎               | 142/162 [14:40<02:00,  6.02s/it]
 88%|████████████████████████████████████████████████████████████████████████████████████████████████████████████████               | 143/162 [14:46<01:55,  6.06s/it]
 89%|████████████████████████████████████████████████████████████████████████████████████████████████████████████████▉              | 144/162 [14:52<01:48,  6.02s/it]
 90%|█████████████████████████████████████████████████████████████████████████████████████████████████████████████████▋             | 145/162 [14:58<01:42,  6.04s/it]
 90%|██████████████████████████████████████████████████████████████████████████████████████████████████████████████████▍            | 146/162 [15:04<01:36,  6.04s/it]
 91%|███████████████████████████████████████████████████████████████████████████████████████████████████████████████████▏           | 147/162 [15:10<01:30,  6.02s/it]
 91%|████████████████████████████████████████████████████████████████████████████████████████████████████████████████████           | 148/162 [15:16<01:24,  6.04s/it]
 92%|████████████████████████████████████████████████████████████████████████████████████████████████████████████████████▊          | 149/162 [15:23<01:18,  6.05s/it]
 93%|█████████████████████████████████████████████████████████████████████████████████████████████████████████████████████▌         | 150/162 [15:29<01:12,  6.05s/it]
                                                                                                                                                                      
{'loss': '0.2466', 'grad_norm': '0.2453', 'learning_rate': '3.588e-06', 'entropy': '0.3325', 'num_tokens': '5.871e+06', 'mean_token_accuracy': '0.9318', 'epoch': '2.778'}

 93%|█████████████████████████████████████████████████████████████████████████████████████████████████████████████████████▌         | 150/162 [15:29<01:12,  6.05s/it]

  0%|                                                                                                                                           | 0/6 [00:00<?, ?it/s][A

 33%|███████████████████████████████████████████▋                                                                                       | 2/6 [00:02<00:04,  1.02s/it][A

 50%|█████████████████████████████████████████████████████████████████▌                                                                 | 3/6 [00:04<00:04,  1.47s/it][A

 67%|███████████████████████████████████████████████████████████████████████████████████████▎                                           | 4/6 [00:06<00:03,  1.70s/it][A

 83%|█████████████████████████████████████████████████████████████████████████████████████████████████████████████▏                     | 5/6 [00:08<00:01,  1.80s/it][A

100%|███████████████████████████████████████████████████████████████████████████████████████████████████████████████████████████████████| 6/6 [00:10<00:00,  1.88s/it][A

                                                                                                                                                                      
[A
                                                                                                                                                                      
{'eval_loss': '0.2531', 'eval_runtime': '12.38', 'eval_samples_per_second': '15.51', 'eval_steps_per_second': '0.485', 'eval_entropy': '0.3218', 'eval_num_tokens': '5.871e+06', 'eval_mean_token_accuracy': '0.9307', 'epoch': '2.778'}


100%|███████████████████████████████████████████████████████████████████████████████████████████████████████████████████████████████████| 6/6 [00:10<00:00,  1.88s/it][A
 93%|█████████████████████████████████████████████████████████████████████████████████████████████████████████████████████▌         | 150/162 [15:41<01:12,  6.05s/it]

                                                                                                                                                                      [A
 93%|██████████████████████████████████████████████████████████████████████████████████████████████████████████████████████▍        | 151/162 [15:47<01:47,  9.77s/it]
 94%|███████████████████████████████████████████████████████████████████████████████████████████████████████████████████████▏       | 152/162 [15:53<01:26,  8.63s/it]
 94%|███████████████████████████████████████████████████████████████████████████████████████████████████████████████████████▉       | 153/162 [15:59<01:10,  7.85s/it]
 95%|████████████████████████████████████████████████████████████████████████████████████████████████████████████████████████▋      | 154/162 [16:05<00:58,  7.31s/it]
 96%|█████████████████████████████████████████████████████████████████████████████████████████████████████████████████████████▌     | 155/162 [16:11<00:48,  6.94s/it]
 96%|██████████████████████████████████████████████████████████████████████████████████████████████████████████████████████████▎    | 156/162 [16:17<00:40,  6.67s/it]
 97%|███████████████████████████████████████████████████████████████████████████████████████████████████████████████████████████    | 157/162 [16:23<00:32,  6.48s/it]
 98%|███████████████████████████████████████████████████████████████████████████████████████████████████████████████████████████▊   | 158/162 [16:29<00:25,  6.36s/it]
 98%|████████████████████████████████████████████████████████████████████████████████████████████████████████████████████████████▋  | 159/162 [16:35<00:18,  6.27s/it]
 99%|█████████████████████████████████████████████████████████████████████████████████████████████████████████████████████████████▍ | 160/162 [16:41<00:12,  6.21s/it]
                                                                                                                                                                      
{'loss': '0.2423', 'grad_norm': '0.231', 'learning_rate': '1.922e-07', 'entropy': '0.3275', 'num_tokens': '6.264e+06', 'mean_token_accuracy': '0.9328', 'epoch': '2.963'}

 99%|█████████████████████████████████████████████████████████████████████████████████████████████████████████████████████████████▍ | 160/162 [16:41<00:12,  6.21s/it]
 99%|██████████████████████████████████████████████████████████████████████████████████████████████████████████████████████████████▏| 161/162 [16:47<00:06,  6.16s/it]
100%|███████████████████████████████████████████████████████████████████████████████████████████████████████████████████████████████| 162/162 [16:52<00:00,  5.77s/it]01:49:43 INFO: HTTP Request: HEAD https://huggingface.co/ibm-granite/granite-4.0-h-micro/resolve/main/config.json "HTTP/1.1 307 Temporary Redirect"
01:49:43 INFO: HTTP Request: HEAD https://huggingface.co/api/resolve-cache/models/ibm-granite/granite-4.0-h-micro/d5f01a3ea75f088947be3aae039f4ad52837dfde/config.json "HTTP/1.1 200 OK"
01:49:43 INFO: HTTP Request: HEAD https://huggingface.co/ibm-granite/granite-4.0-h-micro/resolve/main/config.json "HTTP/1.1 307 Temporary Redirect"
01:49:43 INFO: HTTP Request: HEAD https://huggingface.co/api/resolve-cache/models/ibm-granite/granite-4.0-h-micro/d5f01a3ea75f088947be3aae039f4ad52837dfde/config.json "HTTP/1.1 200 OK"

                                                                                                                                                                      
{'train_runtime': '1013', 'train_samples_per_second': '5.098', 'train_steps_per_second': '0.16', 'train_loss': '0.541', 'entropy': '0.3314', 'num_tokens': '6.335e+06', 'mean_token_accuracy': '0.9307', 'epoch': '3'}

100%|███████████████████████████████████████████████████████████████████████████████████████████████████████████████████████████████| 162/162 [16:53<00:00,  5.77s/it]
100%|███████████████████████████████████████████████████████████████████████████████████████████████████████████████████████████████| 162/162 [16:53<00:00,  6.25s/it]
01:49:44 INFO: HTTP Request: HEAD https://huggingface.co/ibm-granite/granite-4.0-h-micro/resolve/main/config.json "HTTP/1.1 307 Temporary Redirect"
01:49:44 INFO: HTTP Request: HEAD https://huggingface.co/api/resolve-cache/models/ibm-granite/granite-4.0-h-micro/d5f01a3ea75f088947be3aae039f4ad52837dfde/config.json "HTTP/1.1 200 OK"
01:49:44 INFO: HTTP Request: HEAD https://huggingface.co/ibm-granite/granite-4.0-h-micro/resolve/main/config.json "HTTP/1.1 307 Temporary Redirect"
01:49:44 INFO: HTTP Request: HEAD https://huggingface.co/api/resolve-cache/models/ibm-granite/granite-4.0-h-micro/d5f01a3ea75f088947be3aae039f4ad52837dfde/config.json "HTTP/1.1 200 OK"
01:49:44 INFO: Saved adapter to /workspace/output_original/assessos-rule_generation-20260225_013243/final

  0%|                                                                                                                                           | 0/6 [00:00<?, ?it/s]
 33%|███████████████████████████████████████████▋                                                                                       | 2/6 [00:02<00:04,  1.02s/it]
 50%|█████████████████████████████████████████████████████████████████▌                                                                 | 3/6 [00:04<00:04,  1.47s/it]
 67%|███████████████████████████████████████████████████████████████████████████████████████▎                                           | 4/6 [00:06<00:03,  1.70s/it]
 83%|█████████████████████████████████████████████████████████████████████████████████████████████████████████████▏                     | 5/6 [00:08<00:01,  1.80s/it]
100%|███████████████████████████████████████████████████████████████████████████████████████████████████████████████████████████████████| 6/6 [00:10<00:00,  1.88s/it]
100%|███████████████████████████████████████████████████████████████████████████████████████████████████████████████████████████████████| 6/6 [00:10<00:00,  1.71s/it]
01:49:56 INFO: Eval loss: 0.2527172267436981
01:49:56 INFO: Task 'rule_generation' training complete!
01:49:56 INFO: 
All training complete!
