nohup: ignoring input
============================================================
AssessOS LoRA Fine-tuning (Granite 4.0-H-Micro)
============================================================
Using profile: a100
  Batch size: 32
  Gradient accumulation: 1
  Effective batch: 32
  Max seq length: 1280
  Epochs: 3
  Learning rate: 0.0002
  4-bit quantization: False
  Packing: True
14:29:05 INFO: 
============================================================
14:29:05 INFO: Training LoRA adapter: classification
14:29:05 INFO: ============================================================
14:29:05 INFO: Loaded 24369 training examples for task 'classification'
14:29:05 INFO: Train: 21932, Eval: 2437
Loading model: ibm-granite/granite-4.0-h-micro
14:29:06 INFO: HTTP Request: HEAD https://huggingface.co/ibm-granite/granite-4.0-h-micro/resolve/main/config.json "HTTP/1.1 307 Temporary Redirect"
14:29:06 INFO: HTTP Request: HEAD https://huggingface.co/api/resolve-cache/models/ibm-granite/granite-4.0-h-micro/d5f01a3ea75f088947be3aae039f4ad52837dfde/config.json "HTTP/1.1 200 OK"
14:29:06 INFO: HTTP Request: GET https://huggingface.co/api/resolve-cache/models/ibm-granite/granite-4.0-h-micro/d5f01a3ea75f088947be3aae039f4ad52837dfde/config.json "HTTP/1.1 200 OK"
14:29:06 INFO: HTTP Request: HEAD https://huggingface.co/ibm-granite/granite-4.0-h-micro/resolve/main/adapter_config.json "HTTP/1.1 404 Not Found"
Warning: You are sending unauthenticated requests to the HF Hub. Please set a HF_TOKEN to enable higher rate limits and faster downloads.
14:29:06 WARNING: Warning: You are sending unauthenticated requests to the HF Hub. Please set a HF_TOKEN to enable higher rate limits and faster downloads.
`torch_dtype` is deprecated! Use `dtype` instead!
14:29:06 INFO: HTTP Request: HEAD https://huggingface.co/ibm-granite/granite-4.0-h-micro/resolve/main/config.json "HTTP/1.1 307 Temporary Redirect"
14:29:06 INFO: HTTP Request: HEAD https://huggingface.co/api/resolve-cache/models/ibm-granite/granite-4.0-h-micro/d5f01a3ea75f088947be3aae039f4ad52837dfde/config.json "HTTP/1.1 200 OK"
14:29:06 INFO: HTTP Request: HEAD https://huggingface.co/ibm-granite/granite-4.0-h-micro/resolve/main/model.safetensors "HTTP/1.1 404 Not Found"
14:29:06 INFO: HTTP Request: HEAD https://huggingface.co/ibm-granite/granite-4.0-h-micro/resolve/main/model.safetensors.index.json "HTTP/1.1 307 Temporary Redirect"
14:29:06 INFO: HTTP Request: HEAD https://huggingface.co/api/resolve-cache/models/ibm-granite/granite-4.0-h-micro/d5f01a3ea75f088947be3aae039f4ad52837dfde/model.safetensors.index.json "HTTP/1.1 200 OK"
14:29:06 INFO: HTTP Request: GET https://huggingface.co/api/resolve-cache/models/ibm-granite/granite-4.0-h-micro/d5f01a3ea75f088947be3aae039f4ad52837dfde/model.safetensors.index.json "HTTP/1.1 200 OK"
14:29:06 INFO: HTTP Request: GET https://huggingface.co/api/models/ibm-granite/granite-4.0-h-micro/revision/main "HTTP/1.1 200 OK"

Fetching 2 files:   0%|                                                                                                                         | 0/2 [00:00<?, ?it/s]14:29:06 INFO: HTTP Request: HEAD https://huggingface.co/ibm-granite/granite-4.0-h-micro/resolve/d5f01a3ea75f088947be3aae039f4ad52837dfde/model-00002-of-00002.safetensors "HTTP/1.1 302 Found"
14:29:06 INFO: HTTP Request: GET https://huggingface.co/api/models/ibm-granite/granite-4.0-h-micro/xet-read-token/d5f01a3ea75f088947be3aae039f4ad52837dfde "HTTP/1.1 200 OK"
14:29:06 INFO: HTTP Request: HEAD https://huggingface.co/ibm-granite/granite-4.0-h-micro/resolve/d5f01a3ea75f088947be3aae039f4ad52837dfde/model-00001-of-00002.safetensors "HTTP/1.1 302 Found"

Fetching 2 files:  50%|████████████████████████████████████████████████████████▌                                                        | 1/2 [00:07<00:07,  7.03s/it]
Fetching 2 files: 100%|█████████████████████████████████████████████████████████████████████████████████████████████████████████████████| 2/2 [00:07<00:00,  3.51s/it]
The fast path for GraniteMoeHybrid will be used when running the model on a GPU

Loading weights:   0%|                                                                                                                        | 0/466 [00:00<?, ?it/s]
Loading weights:   0%|▏                                                             | 1/466 [00:00<00:00, 11491.24it/s, Materializing param=model.embed_tokens.weight]
Loading weights:   0%|▏                                                              | 1/466 [00:00<00:00, 6700.17it/s, Materializing param=model.embed_tokens.weight]
Loading weights:   0%|▏                                                    | 2/466 [00:00<00:08, 56.95it/s, Materializing param=model.layers.0.input_layernorm.weight]
Loading weights:   0%|▏                                                    | 2/466 [00:00<00:08, 56.72it/s, Materializing param=model.layers.0.input_layernorm.weight]
Loading weights:   1%|▍                                                               | 3/466 [00:00<00:05, 84.86it/s, Materializing param=model.layers.0.mamba.A_log]
Loading weights:   1%|▍                                                               | 3/466 [00:00<00:05, 84.77it/s, Materializing param=model.layers.0.mamba.A_log]
Loading weights:   1%|▌                                                                  | 4/466 [00:00<00:04, 111.99it/s, Materializing param=model.layers.0.mamba.D]
Loading weights:   1%|▌                                                                  | 4/466 [00:00<00:04, 111.88it/s, Materializing param=model.layers.0.mamba.D]
Loading weights:   1%|▌                                                        | 5/466 [00:00<00:03, 139.62it/s, Materializing param=model.layers.0.mamba.conv1d.bias]
Loading weights:   1%|▌                                                        | 5/466 [00:00<00:03, 139.49it/s, Materializing param=model.layers.0.mamba.conv1d.bias]
Loading weights:   1%|▋                                                      | 6/466 [00:00<00:02, 167.11it/s, Materializing param=model.layers.0.mamba.conv1d.weight]
Loading weights:   1%|▋                                                      | 6/466 [00:00<00:02, 166.96it/s, Materializing param=model.layers.0.mamba.conv1d.weight]
Loading weights:   2%|▉                                                            | 7/466 [00:00<00:02, 178.94it/s, Materializing param=model.layers.0.mamba.dt_bias]
Loading weights:   2%|▉                                                            | 7/466 [00:00<00:02, 178.76it/s, Materializing param=model.layers.0.mamba.dt_bias]
Loading weights:   2%|▉                                                     | 8/466 [00:00<00:02, 204.03it/s, Materializing param=model.layers.0.mamba.in_proj.weight]
Loading weights:   2%|▉                                                     | 8/466 [00:00<00:02, 203.87it/s, Materializing param=model.layers.0.mamba.in_proj.weight]
Loading weights:   2%|█                                                        | 9/466 [00:00<00:01, 229.04it/s, Materializing param=model.layers.0.mamba.norm.weight]
Loading weights:   2%|█                                                        | 9/466 [00:00<00:01, 228.86it/s, Materializing param=model.layers.0.mamba.norm.weight]
Loading weights:   2%|█                                                   | 10/466 [00:00<00:01, 240.42it/s, Materializing param=model.layers.0.mamba.out_proj.weight]
Loading weights:   2%|█                                                   | 10/466 [00:00<00:01, 240.21it/s, Materializing param=model.layers.0.mamba.out_proj.weight]
Loading weights:   2%|▉                                         | 11/466 [00:00<00:01, 263.88it/s, Materializing param=model.layers.0.post_attention_layernorm.weight]
Loading weights:   2%|▉                                         | 11/466 [00:00<00:01, 263.68it/s, Materializing param=model.layers.0.post_attention_layernorm.weight]
Loading weights:   3%|█                                          | 12/466 [00:00<00:01, 287.15it/s, Materializing param=model.layers.0.shared_mlp.input_linear.weight]
Loading weights:   3%|█                                          | 12/466 [00:00<00:01, 286.91it/s, Materializing param=model.layers.0.shared_mlp.input_linear.weight]
Loading weights:   3%|█▏                                        | 13/466 [00:00<00:01, 271.68it/s, Materializing param=model.layers.0.shared_mlp.output_linear.weight]
Loading weights:   3%|█▏                                        | 13/466 [00:00<00:01, 271.34it/s, Materializing param=model.layers.0.shared_mlp.output_linear.weight]
Loading weights:   3%|█▌                                                 | 14/466 [00:00<00:01, 275.02it/s, Materializing param=model.layers.1.input_layernorm.weight]
Loading weights:   3%|█▌                                                 | 14/466 [00:00<00:01, 273.87it/s, Materializing param=model.layers.1.input_layernorm.weight]
Loading weights:   3%|█▉                                                            | 15/466 [00:00<00:01, 292.47it/s, Materializing param=model.layers.1.mamba.A_log]
Loading weights:   3%|█▉                                                            | 15/466 [00:00<00:01, 292.24it/s, Materializing param=model.layers.1.mamba.A_log]
Loading weights:   3%|██▎                                                               | 16/466 [00:00<00:01, 311.36it/s, Materializing param=model.layers.1.mamba.D]
Loading weights:   3%|██▎                                                               | 16/466 [00:00<00:01, 311.16it/s, Materializing param=model.layers.1.mamba.D]
Loading weights:   4%|██                                                      | 17/466 [00:00<00:01, 330.27it/s, Materializing param=model.layers.1.mamba.conv1d.bias]
Loading weights:   4%|██                                                      | 17/466 [00:00<00:01, 330.05it/s, Materializing param=model.layers.1.mamba.conv1d.bias]
Loading weights:   4%|██                                                    | 18/466 [00:00<00:01, 349.09it/s, Materializing param=model.layers.1.mamba.conv1d.weight]
Loading weights:   4%|██                                                    | 18/466 [00:00<00:01, 348.87it/s, Materializing param=model.layers.1.mamba.conv1d.weight]
Loading weights:   4%|██▍                                                         | 19/466 [00:00<00:01, 367.39it/s, Materializing param=model.layers.1.mamba.dt_bias]
Loading weights:   4%|██▍                                                         | 19/466 [00:00<00:01, 367.14it/s, Materializing param=model.layers.1.mamba.dt_bias]
Loading weights:   4%|██▎                                                  | 20/466 [00:00<00:01, 367.35it/s, Materializing param=model.layers.1.mamba.in_proj.weight]
Loading weights:   4%|██▎                                                  | 20/466 [00:00<00:01, 367.09it/s, Materializing param=model.layers.1.mamba.in_proj.weight]
Loading weights:   5%|██▌                                                     | 21/466 [00:00<00:01, 384.98it/s, Materializing param=model.layers.1.mamba.norm.weight]
Loading weights:   5%|██▌                                                     | 21/466 [00:00<00:01, 384.74it/s, Materializing param=model.layers.1.mamba.norm.weight]
Loading weights:   5%|██▍                                                 | 22/466 [00:00<00:01, 402.66it/s, Materializing param=model.layers.1.mamba.out_proj.weight]
Loading weights:   5%|██▍                                                 | 22/466 [00:00<00:01, 402.42it/s, Materializing param=model.layers.1.mamba.out_proj.weight]
Loading weights:   5%|██                                        | 23/466 [00:00<00:01, 404.49it/s, Materializing param=model.layers.1.post_attention_layernorm.weight]
Loading weights:   5%|██                                        | 23/466 [00:00<00:01, 404.09it/s, Materializing param=model.layers.1.post_attention_layernorm.weight]
Loading weights:   5%|██▏                                        | 24/466 [00:00<00:01, 421.19it/s, Materializing param=model.layers.1.shared_mlp.input_linear.weight]
Loading weights:   5%|██▏                                        | 24/466 [00:00<00:01, 420.95it/s, Materializing param=model.layers.1.shared_mlp.input_linear.weight]
Loading weights:   5%|██▎                                       | 25/466 [00:00<00:01, 393.32it/s, Materializing param=model.layers.1.shared_mlp.output_linear.weight]
Loading weights:   5%|██▎                                       | 25/466 [00:00<00:01, 392.90it/s, Materializing param=model.layers.1.shared_mlp.output_linear.weight]
Loading weights:   6%|██▊                                                | 26/466 [00:00<00:01, 380.45it/s, Materializing param=model.layers.2.input_layernorm.weight]
Loading weights:   6%|██▊                                                | 26/466 [00:00<00:01, 379.31it/s, Materializing param=model.layers.2.input_layernorm.weight]
Loading weights:   6%|███▌                                                          | 27/466 [00:00<00:01, 392.86it/s, Materializing param=model.layers.2.mamba.A_log]
Loading weights:   6%|███▌                                                          | 27/466 [00:00<00:01, 392.46it/s, Materializing param=model.layers.2.mamba.A_log]
Loading weights:   6%|███▉                                                              | 28/466 [00:00<00:01, 406.35it/s, Materializing param=model.layers.2.mamba.D]
Loading weights:   6%|███▉                                                              | 28/466 [00:00<00:01, 405.97it/s, Materializing param=model.layers.2.mamba.D]
Loading weights:   6%|███▍                                                    | 29/466 [00:00<00:01, 419.89it/s, Materializing param=model.layers.2.mamba.conv1d.bias]
Loading weights:   6%|███▍                                                    | 29/466 [00:00<00:01, 419.52it/s, Materializing param=model.layers.2.mamba.conv1d.bias]
Loading weights:   6%|███▍                                                  | 30/466 [00:00<00:01, 432.97it/s, Materializing param=model.layers.2.mamba.conv1d.weight]
Loading weights:   6%|███▍                                                  | 30/466 [00:00<00:01, 432.58it/s, Materializing param=model.layers.2.mamba.conv1d.weight]
Loading weights:   7%|███▉                                                        | 31/466 [00:00<00:00, 446.40it/s, Materializing param=model.layers.2.mamba.dt_bias]
Loading weights:   7%|███▉                                                        | 31/466 [00:00<00:00, 446.01it/s, Materializing param=model.layers.2.mamba.dt_bias]
Loading weights:   7%|███▋                                                 | 32/466 [00:00<00:01, 423.60it/s, Materializing param=model.layers.2.mamba.in_proj.weight]
Loading weights:   7%|███▋                                                 | 32/466 [00:00<00:01, 422.75it/s, Materializing param=model.layers.2.mamba.in_proj.weight]
Loading weights:   7%|███▉                                                    | 33/466 [00:00<00:00, 435.27it/s, Materializing param=model.layers.2.mamba.norm.weight]
Loading weights:   7%|███▉                                                    | 33/466 [00:00<00:00, 434.89it/s, Materializing param=model.layers.2.mamba.norm.weight]
Loading weights:   7%|███▊                                                | 34/466 [00:00<00:00, 447.51it/s, Materializing param=model.layers.2.mamba.out_proj.weight]
Loading weights:   7%|███▊                                                | 34/466 [00:00<00:00, 447.16it/s, Materializing param=model.layers.2.mamba.out_proj.weight]
Loading weights:   8%|███▏                                      | 35/466 [00:00<00:00, 459.73it/s, Materializing param=model.layers.2.post_attention_layernorm.weight]
Loading weights:   8%|███▏                                      | 35/466 [00:00<00:00, 459.34it/s, Materializing param=model.layers.2.post_attention_layernorm.weight]
Loading weights:   8%|███▎                                       | 36/466 [00:00<00:00, 441.99it/s, Materializing param=model.layers.2.shared_mlp.input_linear.weight]
Loading weights:   8%|███▎                                       | 36/466 [00:00<00:00, 441.31it/s, Materializing param=model.layers.2.shared_mlp.input_linear.weight]
Loading weights:   8%|███▎                                      | 37/466 [00:00<00:00, 452.83it/s, Materializing param=model.layers.2.shared_mlp.output_linear.weight]
Loading weights:   8%|███▎                                      | 37/466 [00:00<00:00, 452.45it/s, Materializing param=model.layers.2.shared_mlp.output_linear.weight]
Loading weights:   8%|████▏                                              | 38/466 [00:00<00:00, 440.51it/s, Materializing param=model.layers.3.input_layernorm.weight]
Loading weights:   8%|████▏                                              | 38/466 [00:00<00:00, 439.74it/s, Materializing param=model.layers.3.input_layernorm.weight]
Loading weights:   8%|█████▏                                                        | 39/466 [00:00<00:00, 450.65it/s, Materializing param=model.layers.3.mamba.A_log]
Loading weights:   8%|█████▏                                                        | 39/466 [00:00<00:00, 450.31it/s, Materializing param=model.layers.3.mamba.A_log]
Loading weights:   9%|█████▋                                                            | 40/466 [00:00<00:00, 461.33it/s, Materializing param=model.layers.3.mamba.D]
Loading weights:   9%|█████▋                                                            | 40/466 [00:00<00:00, 461.00it/s, Materializing param=model.layers.3.mamba.D]
Loading weights:   9%|████▉                                                   | 41/466 [00:00<00:00, 472.02it/s, Materializing param=model.layers.3.mamba.conv1d.bias]
Loading weights:   9%|████▉                                                   | 41/466 [00:00<00:00, 471.69it/s, Materializing param=model.layers.3.mamba.conv1d.bias]
Loading weights:   9%|████▊                                                 | 42/466 [00:00<00:00, 482.68it/s, Materializing param=model.layers.3.mamba.conv1d.weight]
Loading weights:   9%|████▊                                                 | 42/466 [00:00<00:00, 482.31it/s, Materializing param=model.layers.3.mamba.conv1d.weight]
Loading weights:   9%|█████▌                                                      | 43/466 [00:00<00:00, 493.03it/s, Materializing param=model.layers.3.mamba.dt_bias]
Loading weights:   9%|█████▌                                                      | 43/466 [00:00<00:00, 492.54it/s, Materializing param=model.layers.3.mamba.dt_bias]
Loading weights:   9%|█████                                                | 44/466 [00:00<00:00, 502.61it/s, Materializing param=model.layers.3.mamba.in_proj.weight]
Loading weights:   9%|█████                                                | 44/466 [00:00<00:00, 502.07it/s, Materializing param=model.layers.3.mamba.in_proj.weight]
Loading weights:  10%|█████▍                                                  | 45/466 [00:00<00:00, 487.64it/s, Materializing param=model.layers.3.mamba.norm.weight]
Loading weights:  10%|█████▍                                                  | 45/466 [00:00<00:00, 486.82it/s, Materializing param=model.layers.3.mamba.norm.weight]
Loading weights:  10%|█████▏                                              | 46/466 [00:00<00:00, 496.75it/s, Materializing param=model.layers.3.mamba.out_proj.weight]
Loading weights:  10%|█████▏                                              | 46/466 [00:00<00:00, 496.17it/s, Materializing param=model.layers.3.mamba.out_proj.weight]
Loading weights:  10%|█████▏                                              | 47/466 [00:00<00:00, 467.47it/s, Materializing param=model.layers.3.mamba.out_proj.weight]
Loading weights:  10%|████▏                                     | 47/466 [00:00<00:00, 467.47it/s, Materializing param=model.layers.3.post_attention_layernorm.weight]
Loading weights:  10%|████▏                                     | 47/466 [00:00<00:00, 467.47it/s, Materializing param=model.layers.3.post_attention_layernorm.weight]
Loading weights:  10%|████▍                                      | 48/466 [00:00<00:00, 467.47it/s, Materializing param=model.layers.3.shared_mlp.input_linear.weight]
Loading weights:  10%|████▍                                      | 48/466 [00:00<00:00, 467.47it/s, Materializing param=model.layers.3.shared_mlp.input_linear.weight]
Loading weights:  11%|████▍                                     | 49/466 [00:00<00:00, 467.47it/s, Materializing param=model.layers.3.shared_mlp.output_linear.weight]
Loading weights:  11%|████▍                                     | 49/466 [00:00<00:00, 467.47it/s, Materializing param=model.layers.3.shared_mlp.output_linear.weight]
Loading weights:  11%|█████▍                                             | 50/466 [00:00<00:00, 467.47it/s, Materializing param=model.layers.4.input_layernorm.weight]
Loading weights:  11%|█████▍                                             | 50/466 [00:00<00:00, 467.47it/s, Materializing param=model.layers.4.input_layernorm.weight]
Loading weights:  11%|██████▊                                                       | 51/466 [00:00<00:00, 467.47it/s, Materializing param=model.layers.4.mamba.A_log]
Loading weights:  11%|██████▊                                                       | 51/466 [00:00<00:00, 467.47it/s, Materializing param=model.layers.4.mamba.A_log]
Loading weights:  11%|███████▎                                                          | 52/466 [00:00<00:00, 467.47it/s, Materializing param=model.layers.4.mamba.D]
Loading weights:  11%|███████▎                                                          | 52/466 [00:00<00:00, 467.47it/s, Materializing param=model.layers.4.mamba.D]
Loading weights:  11%|██████▎                                                 | 53/466 [00:00<00:00, 467.47it/s, Materializing param=model.layers.4.mamba.conv1d.bias]
Loading weights:  11%|██████▎                                                 | 53/466 [00:00<00:00, 467.47it/s, Materializing param=model.layers.4.mamba.conv1d.bias]
Loading weights:  12%|██████▎                                               | 54/466 [00:00<00:00, 467.47it/s, Materializing param=model.layers.4.mamba.conv1d.weight]
Loading weights:  12%|██████▎                                               | 54/466 [00:00<00:00, 467.47it/s, Materializing param=model.layers.4.mamba.conv1d.weight]
Loading weights:  12%|███████                                                     | 55/466 [00:00<00:00, 467.47it/s, Materializing param=model.layers.4.mamba.dt_bias]
Loading weights:  12%|███████                                                     | 55/466 [00:00<00:00, 467.47it/s, Materializing param=model.layers.4.mamba.dt_bias]
Loading weights:  12%|██████▎                                              | 56/466 [00:00<00:00, 467.47it/s, Materializing param=model.layers.4.mamba.in_proj.weight]
Loading weights:  12%|██████▎                                              | 56/466 [00:00<00:00, 467.47it/s, Materializing param=model.layers.4.mamba.in_proj.weight]
Loading weights:  12%|██████▊                                                 | 57/466 [00:00<00:00, 467.47it/s, Materializing param=model.layers.4.mamba.norm.weight]
Loading weights:  12%|██████▊                                                 | 57/466 [00:00<00:00, 467.47it/s, Materializing param=model.layers.4.mamba.norm.weight]
Loading weights:  12%|██████▍                                             | 58/466 [00:00<00:00, 467.47it/s, Materializing param=model.layers.4.mamba.out_proj.weight]
Loading weights:  12%|██████▍                                             | 58/466 [00:00<00:00, 467.47it/s, Materializing param=model.layers.4.mamba.out_proj.weight]
Loading weights:  13%|█████▎                                    | 59/466 [00:00<00:00, 467.47it/s, Materializing param=model.layers.4.post_attention_layernorm.weight]
Loading weights:  13%|█████▎                                    | 59/466 [00:00<00:00, 467.47it/s, Materializing param=model.layers.4.post_attention_layernorm.weight]
Loading weights:  13%|█████▌                                     | 60/466 [00:00<00:00, 467.47it/s, Materializing param=model.layers.4.shared_mlp.input_linear.weight]
Loading weights:  13%|█████▌                                     | 60/466 [00:00<00:00, 467.47it/s, Materializing param=model.layers.4.shared_mlp.input_linear.weight]
Loading weights:  13%|█████▍                                    | 61/466 [00:00<00:00, 467.47it/s, Materializing param=model.layers.4.shared_mlp.output_linear.weight]
Loading weights:  13%|█████▍                                    | 61/466 [00:00<00:00, 467.47it/s, Materializing param=model.layers.4.shared_mlp.output_linear.weight]
Loading weights:  13%|██████▊                                            | 62/466 [00:00<00:00, 467.47it/s, Materializing param=model.layers.5.input_layernorm.weight]
Loading weights:  13%|██████▊                                            | 62/466 [00:00<00:00, 467.47it/s, Materializing param=model.layers.5.input_layernorm.weight]
Loading weights:  14%|█████▋                                    | 63/466 [00:00<00:00, 467.47it/s, Materializing param=model.layers.5.post_attention_layernorm.weight]
Loading weights:  14%|█████▋                                    | 63/466 [00:00<00:00, 467.47it/s, Materializing param=model.layers.5.post_attention_layernorm.weight]
Loading weights:  14%|██████▊                                           | 64/466 [00:00<00:00, 467.47it/s, Materializing param=model.layers.5.self_attn.k_proj.weight]
Loading weights:  14%|██████▊                                           | 64/466 [00:00<00:00, 467.47it/s, Materializing param=model.layers.5.self_attn.k_proj.weight]
Loading weights:  14%|██████▉                                           | 65/466 [00:00<00:00, 467.47it/s, Materializing param=model.layers.5.self_attn.o_proj.weight]
Loading weights:  14%|██████▉                                           | 65/466 [00:00<00:00, 467.47it/s, Materializing param=model.layers.5.self_attn.o_proj.weight]
Loading weights:  14%|███████                                           | 66/466 [00:00<00:00, 467.47it/s, Materializing param=model.layers.5.self_attn.q_proj.weight]
Loading weights:  14%|███████                                           | 66/466 [00:00<00:00, 467.47it/s, Materializing param=model.layers.5.self_attn.q_proj.weight]
Loading weights:  14%|███████▏                                          | 67/466 [00:00<00:00, 467.47it/s, Materializing param=model.layers.5.self_attn.v_proj.weight]
Loading weights:  14%|███████▏                                          | 67/466 [00:00<00:00, 467.47it/s, Materializing param=model.layers.5.self_attn.v_proj.weight]
Loading weights:  15%|██████▎                                    | 68/466 [00:00<00:00, 467.47it/s, Materializing param=model.layers.5.shared_mlp.input_linear.weight]
Loading weights:  15%|██████▎                                    | 68/466 [00:00<00:00, 467.47it/s, Materializing param=model.layers.5.shared_mlp.input_linear.weight]
Loading weights:  15%|██████▏                                   | 69/466 [00:00<00:00, 467.47it/s, Materializing param=model.layers.5.shared_mlp.output_linear.weight]
Loading weights:  15%|██████▏                                   | 69/466 [00:00<00:00, 467.47it/s, Materializing param=model.layers.5.shared_mlp.output_linear.weight]
Loading weights:  15%|███████▋                                           | 70/466 [00:00<00:00, 467.47it/s, Materializing param=model.layers.6.input_layernorm.weight]
Loading weights:  15%|███████▋                                           | 70/466 [00:00<00:00, 467.47it/s, Materializing param=model.layers.6.input_layernorm.weight]
Loading weights:  15%|█████████▍                                                    | 71/466 [00:00<00:00, 467.47it/s, Materializing param=model.layers.6.mamba.A_log]
Loading weights:  15%|█████████▍                                                    | 71/466 [00:00<00:00, 467.47it/s, Materializing param=model.layers.6.mamba.A_log]
Loading weights:  15%|██████████▏                                                       | 72/466 [00:00<00:00, 467.47it/s, Materializing param=model.layers.6.mamba.D]
Loading weights:  15%|██████████▏                                                       | 72/466 [00:00<00:00, 467.47it/s, Materializing param=model.layers.6.mamba.D]
Loading weights:  16%|████████▊                                               | 73/466 [00:00<00:00, 467.47it/s, Materializing param=model.layers.6.mamba.conv1d.bias]
Loading weights:  16%|████████▊                                               | 73/466 [00:00<00:00, 467.47it/s, Materializing param=model.layers.6.mamba.conv1d.bias]
Loading weights:  16%|████████▌                                             | 74/466 [00:00<00:00, 467.47it/s, Materializing param=model.layers.6.mamba.conv1d.weight]
Loading weights:  16%|████████▌                                             | 74/466 [00:00<00:00, 467.47it/s, Materializing param=model.layers.6.mamba.conv1d.weight]
Loading weights:  16%|█████████▋                                                  | 75/466 [00:00<00:00, 467.47it/s, Materializing param=model.layers.6.mamba.dt_bias]
Loading weights:  16%|█████████▋                                                  | 75/466 [00:00<00:00, 467.47it/s, Materializing param=model.layers.6.mamba.dt_bias]
Loading weights:  16%|████████▋                                            | 76/466 [00:00<00:00, 467.47it/s, Materializing param=model.layers.6.mamba.in_proj.weight]
Loading weights:  16%|████████▋                                            | 76/466 [00:00<00:00, 467.47it/s, Materializing param=model.layers.6.mamba.in_proj.weight]
Loading weights:  17%|█████████▎                                              | 77/466 [00:00<00:00, 467.47it/s, Materializing param=model.layers.6.mamba.norm.weight]
Loading weights:  17%|█████████▎                                              | 77/466 [00:00<00:00, 467.47it/s, Materializing param=model.layers.6.mamba.norm.weight]
Loading weights:  17%|████████▋                                           | 78/466 [00:00<00:00, 467.47it/s, Materializing param=model.layers.6.mamba.out_proj.weight]
Loading weights:  17%|████████▋                                           | 78/466 [00:00<00:00, 467.47it/s, Materializing param=model.layers.6.mamba.out_proj.weight]
Loading weights:  17%|███████                                   | 79/466 [00:00<00:00, 467.47it/s, Materializing param=model.layers.6.post_attention_layernorm.weight]
Loading weights:  17%|███████                                   | 79/466 [00:00<00:00, 467.47it/s, Materializing param=model.layers.6.post_attention_layernorm.weight]
Loading weights:  17%|███████▍                                   | 80/466 [00:00<00:00, 467.47it/s, Materializing param=model.layers.6.shared_mlp.input_linear.weight]
Loading weights:  17%|███████▍                                   | 80/466 [00:00<00:00, 467.47it/s, Materializing param=model.layers.6.shared_mlp.input_linear.weight]
Loading weights:  17%|███████▎                                  | 81/466 [00:00<00:00, 467.47it/s, Materializing param=model.layers.6.shared_mlp.output_linear.weight]
Loading weights:  17%|███████▎                                  | 81/466 [00:00<00:00, 467.47it/s, Materializing param=model.layers.6.shared_mlp.output_linear.weight]
Loading weights:  18%|████████▉                                          | 82/466 [00:00<00:00, 467.47it/s, Materializing param=model.layers.7.input_layernorm.weight]
Loading weights:  18%|████████▉                                          | 82/466 [00:00<00:00, 467.47it/s, Materializing param=model.layers.7.input_layernorm.weight]
Loading weights:  18%|███████████                                                   | 83/466 [00:00<00:00, 467.47it/s, Materializing param=model.layers.7.mamba.A_log]
Loading weights:  18%|███████████                                                   | 83/466 [00:00<00:00, 467.47it/s, Materializing param=model.layers.7.mamba.A_log]
Loading weights:  18%|███████████▉                                                      | 84/466 [00:00<00:00, 467.47it/s, Materializing param=model.layers.7.mamba.D]
Loading weights:  18%|███████████▉                                                      | 84/466 [00:00<00:00, 467.47it/s, Materializing param=model.layers.7.mamba.D]
Loading weights:  18%|██████████▏                                             | 85/466 [00:00<00:00, 467.47it/s, Materializing param=model.layers.7.mamba.conv1d.bias]
Loading weights:  18%|██████████▏                                             | 85/466 [00:00<00:00, 467.47it/s, Materializing param=model.layers.7.mamba.conv1d.bias]
Loading weights:  18%|█████████▉                                            | 86/466 [00:00<00:00, 467.47it/s, Materializing param=model.layers.7.mamba.conv1d.weight]
Loading weights:  18%|█████████▉                                            | 86/466 [00:00<00:00, 467.47it/s, Materializing param=model.layers.7.mamba.conv1d.weight]
Loading weights:  19%|███████████▏                                                | 87/466 [00:00<00:00, 467.47it/s, Materializing param=model.layers.7.mamba.dt_bias]
Loading weights:  19%|███████████▏                                                | 87/466 [00:00<00:00, 467.47it/s, Materializing param=model.layers.7.mamba.dt_bias]
Loading weights:  19%|██████████                                           | 88/466 [00:00<00:00, 467.47it/s, Materializing param=model.layers.7.mamba.in_proj.weight]
Loading weights:  19%|██████████                                           | 88/466 [00:00<00:00, 467.47it/s, Materializing param=model.layers.7.mamba.in_proj.weight]
Loading weights:  19%|██████████▋                                             | 89/466 [00:00<00:00, 467.47it/s, Materializing param=model.layers.7.mamba.norm.weight]
Loading weights:  19%|██████████▋                                             | 89/466 [00:00<00:00, 467.47it/s, Materializing param=model.layers.7.mamba.norm.weight]
Loading weights:  19%|██████████                                          | 90/466 [00:00<00:00, 467.47it/s, Materializing param=model.layers.7.mamba.out_proj.weight]
Loading weights:  19%|██████████                                          | 90/466 [00:00<00:00, 467.47it/s, Materializing param=model.layers.7.mamba.out_proj.weight]
Loading weights:  20%|████████▏                                 | 91/466 [00:00<00:00, 467.47it/s, Materializing param=model.layers.7.post_attention_layernorm.weight]
Loading weights:  20%|████████▏                                 | 91/466 [00:00<00:00, 467.47it/s, Materializing param=model.layers.7.post_attention_layernorm.weight]
Loading weights:  20%|████████▍                                  | 92/466 [00:00<00:00, 467.47it/s, Materializing param=model.layers.7.shared_mlp.input_linear.weight]
Loading weights:  20%|████████▍                                  | 92/466 [00:00<00:00, 467.47it/s, Materializing param=model.layers.7.shared_mlp.input_linear.weight]
Loading weights:  20%|████████▍                                 | 93/466 [00:00<00:00, 467.47it/s, Materializing param=model.layers.7.shared_mlp.output_linear.weight]
Loading weights:  20%|████████▍                                 | 93/466 [00:00<00:00, 467.47it/s, Materializing param=model.layers.7.shared_mlp.output_linear.weight]
Loading weights:  20%|██████████▎                                        | 94/466 [00:00<00:00, 467.47it/s, Materializing param=model.layers.8.input_layernorm.weight]
Loading weights:  20%|██████████▎                                        | 94/466 [00:00<00:00, 467.47it/s, Materializing param=model.layers.8.input_layernorm.weight]
Loading weights:  20%|████████████▋                                                 | 95/466 [00:00<00:00, 467.47it/s, Materializing param=model.layers.8.mamba.A_log]
Loading weights:  20%|████████████▋                                                 | 95/466 [00:00<00:00, 467.47it/s, Materializing param=model.layers.8.mamba.A_log]
Loading weights:  21%|█████████████▌                                                    | 96/466 [00:00<00:00, 467.47it/s, Materializing param=model.layers.8.mamba.D]
Loading weights:  21%|█████████████▌                                                    | 96/466 [00:00<00:00, 467.47it/s, Materializing param=model.layers.8.mamba.D]
Loading weights:  21%|███████████▋                                            | 97/466 [00:00<00:00, 467.47it/s, Materializing param=model.layers.8.mamba.conv1d.bias]
Loading weights:  21%|███████████▋                                            | 97/466 [00:00<00:00, 467.47it/s, Materializing param=model.layers.8.mamba.conv1d.bias]
Loading weights:  21%|███████████▎                                          | 98/466 [00:00<00:00, 467.47it/s, Materializing param=model.layers.8.mamba.conv1d.weight]
Loading weights:  21%|███████████▎                                          | 98/466 [00:00<00:00, 467.47it/s, Materializing param=model.layers.8.mamba.conv1d.weight]
Loading weights:  21%|████████████▋                                               | 99/466 [00:00<00:00, 467.47it/s, Materializing param=model.layers.8.mamba.dt_bias]
Loading weights:  21%|████████████▋                                               | 99/466 [00:00<00:00, 467.47it/s, Materializing param=model.layers.8.mamba.dt_bias]
Loading weights:  21%|███████████▏                                        | 100/466 [00:00<00:00, 467.47it/s, Materializing param=model.layers.8.mamba.in_proj.weight]
Loading weights:  21%|███████████▏                                        | 100/466 [00:00<00:00, 467.47it/s, Materializing param=model.layers.8.mamba.in_proj.weight]
Loading weights:  22%|███████████▉                                           | 101/466 [00:00<00:00, 467.47it/s, Materializing param=model.layers.8.mamba.norm.weight]
Loading weights:  22%|███████████▉                                           | 101/466 [00:00<00:00, 467.47it/s, Materializing param=model.layers.8.mamba.norm.weight]
Loading weights:  22%|███████████▏                                       | 102/466 [00:00<00:00, 467.47it/s, Materializing param=model.layers.8.mamba.out_proj.weight]
Loading weights:  22%|███████████▏                                       | 102/466 [00:00<00:00, 467.47it/s, Materializing param=model.layers.8.mamba.out_proj.weight]
Loading weights:  22%|█████████                                | 103/466 [00:00<00:00, 467.47it/s, Materializing param=model.layers.8.post_attention_layernorm.weight]
Loading weights:  22%|█████████                                | 103/466 [00:00<00:00, 467.47it/s, Materializing param=model.layers.8.post_attention_layernorm.weight]
Loading weights:  22%|█████████▎                                | 104/466 [00:00<00:00, 467.47it/s, Materializing param=model.layers.8.shared_mlp.input_linear.weight]
Loading weights:  22%|█████████▎                                | 104/466 [00:00<00:00, 467.47it/s, Materializing param=model.layers.8.shared_mlp.input_linear.weight]
Loading weights:  23%|█████████▏                               | 105/466 [00:00<00:00, 467.47it/s, Materializing param=model.layers.8.shared_mlp.output_linear.weight]
Loading weights:  23%|█████████▏                               | 105/466 [00:00<00:00, 467.47it/s, Materializing param=model.layers.8.shared_mlp.output_linear.weight]
Loading weights:  23%|███████████▎                                      | 106/466 [00:00<00:00, 467.47it/s, Materializing param=model.layers.9.input_layernorm.weight]
Loading weights:  23%|███████████▎                                      | 106/466 [00:00<00:00, 467.47it/s, Materializing param=model.layers.9.input_layernorm.weight]
Loading weights:  23%|██████████████                                               | 107/466 [00:00<00:00, 467.47it/s, Materializing param=model.layers.9.mamba.A_log]
Loading weights:  23%|██████████████                                               | 107/466 [00:00<00:00, 467.47it/s, Materializing param=model.layers.9.mamba.A_log]
Loading weights:  23%|███████████████                                                  | 108/466 [00:00<00:00, 467.47it/s, Materializing param=model.layers.9.mamba.D]
Loading weights:  23%|███████████████                                                  | 108/466 [00:00<00:00, 467.47it/s, Materializing param=model.layers.9.mamba.D]
Loading weights:  23%|████████████▊                                          | 109/466 [00:00<00:00, 467.47it/s, Materializing param=model.layers.9.mamba.conv1d.bias]
Loading weights:  23%|████████████▊                                          | 109/466 [00:00<00:00, 467.47it/s, Materializing param=model.layers.9.mamba.conv1d.bias]
Loading weights:  24%|████████████▌                                        | 110/466 [00:00<00:00, 467.47it/s, Materializing param=model.layers.9.mamba.conv1d.weight]
Loading weights:  24%|████████████▌                                        | 110/466 [00:00<00:00, 467.47it/s, Materializing param=model.layers.9.mamba.conv1d.weight]
Loading weights:  24%|██████████████                                             | 111/466 [00:00<00:00, 467.47it/s, Materializing param=model.layers.9.mamba.dt_bias]
Loading weights:  24%|██████████████                                             | 111/466 [00:00<00:00, 467.47it/s, Materializing param=model.layers.9.mamba.dt_bias]
Loading weights:  24%|████████████▍                                       | 112/466 [00:00<00:00, 467.47it/s, Materializing param=model.layers.9.mamba.in_proj.weight]
Loading weights:  24%|████████████▍                                       | 112/466 [00:00<00:00, 467.47it/s, Materializing param=model.layers.9.mamba.in_proj.weight]
Loading weights:  24%|█████████████▎                                         | 113/466 [00:00<00:00, 467.47it/s, Materializing param=model.layers.9.mamba.norm.weight]
Loading weights:  24%|█████████████▎                                         | 113/466 [00:00<00:00, 467.47it/s, Materializing param=model.layers.9.mamba.norm.weight]
Loading weights:  24%|████████████▍                                      | 114/466 [00:00<00:00, 467.47it/s, Materializing param=model.layers.9.mamba.out_proj.weight]
Loading weights:  24%|████████████▍                                      | 114/466 [00:00<00:00, 467.47it/s, Materializing param=model.layers.9.mamba.out_proj.weight]
Loading weights:  25%|██████████                               | 115/466 [00:00<00:00, 467.47it/s, Materializing param=model.layers.9.post_attention_layernorm.weight]
Loading weights:  25%|██████████                               | 115/466 [00:00<00:00, 467.47it/s, Materializing param=model.layers.9.post_attention_layernorm.weight]
Loading weights:  25%|██████████▍                               | 116/466 [00:00<00:00, 467.47it/s, Materializing param=model.layers.9.shared_mlp.input_linear.weight]
Loading weights:  25%|██████████▍                               | 116/466 [00:00<00:00, 467.47it/s, Materializing param=model.layers.9.shared_mlp.input_linear.weight]
Loading weights:  25%|██████████▌                               | 117/466 [00:00<00:00, 589.98it/s, Materializing param=model.layers.9.shared_mlp.input_linear.weight]
Loading weights:  25%|██████████▎                              | 117/466 [00:00<00:00, 589.98it/s, Materializing param=model.layers.9.shared_mlp.output_linear.weight]
Loading weights:  25%|██████████▎                              | 117/466 [00:00<00:00, 589.98it/s, Materializing param=model.layers.9.shared_mlp.output_linear.weight]
Loading weights:  25%|████████████▍                                    | 118/466 [00:00<00:00, 589.98it/s, Materializing param=model.layers.10.input_layernorm.weight]
Loading weights:  25%|████████████▍                                    | 118/466 [00:00<00:00, 589.98it/s, Materializing param=model.layers.10.input_layernorm.weight]
Loading weights:  26%|███████████████▎                                            | 119/466 [00:00<00:00, 589.98it/s, Materializing param=model.layers.10.mamba.A_log]
Loading weights:  26%|███████████████▎                                            | 119/466 [00:00<00:00, 589.98it/s, Materializing param=model.layers.10.mamba.A_log]
Loading weights:  26%|████████████████▍                                               | 120/466 [00:00<00:00, 589.98it/s, Materializing param=model.layers.10.mamba.D]
Loading weights:  26%|████████████████▍                                               | 120/466 [00:00<00:00, 589.98it/s, Materializing param=model.layers.10.mamba.D]
Loading weights:  26%|██████████████                                        | 121/466 [00:00<00:00, 589.98it/s, Materializing param=model.layers.10.mamba.conv1d.bias]
Loading weights:  26%|██████████████                                        | 121/466 [00:00<00:00, 589.98it/s, Materializing param=model.layers.10.mamba.conv1d.bias]
Loading weights:  26%|█████████████▌                                      | 122/466 [00:00<00:00, 589.98it/s, Materializing param=model.layers.10.mamba.conv1d.weight]
Loading weights:  26%|█████████████▌                                      | 122/466 [00:00<00:00, 589.98it/s, Materializing param=model.layers.10.mamba.conv1d.weight]
Loading weights:  26%|███████████████▎                                          | 123/466 [00:00<00:00, 589.98it/s, Materializing param=model.layers.10.mamba.dt_bias]
Loading weights:  26%|███████████████▎                                          | 123/466 [00:00<00:00, 589.98it/s, Materializing param=model.layers.10.mamba.dt_bias]
Loading weights:  27%|█████████████▌                                     | 124/466 [00:00<00:00, 589.98it/s, Materializing param=model.layers.10.mamba.in_proj.weight]
Loading weights:  27%|█████████████▌                                     | 124/466 [00:00<00:00, 589.98it/s, Materializing param=model.layers.10.mamba.in_proj.weight]
Loading weights:  27%|██████████████▍                                       | 125/466 [00:00<00:00, 589.98it/s, Materializing param=model.layers.10.mamba.norm.weight]
Loading weights:  27%|██████████████▍                                       | 125/466 [00:00<00:00, 589.98it/s, Materializing param=model.layers.10.mamba.norm.weight]
Loading weights:  27%|█████████████▌                                    | 126/466 [00:00<00:00, 589.98it/s, Materializing param=model.layers.10.mamba.out_proj.weight]
Loading weights:  27%|█████████████▌                                    | 126/466 [00:00<00:00, 589.98it/s, Materializing param=model.layers.10.mamba.out_proj.weight]
Loading weights:  27%|██████████▉                             | 127/466 [00:00<00:00, 589.98it/s, Materializing param=model.layers.10.post_attention_layernorm.weight]
Loading weights:  27%|██████████▉                             | 127/466 [00:00<00:00, 589.98it/s, Materializing param=model.layers.10.post_attention_layernorm.weight]
Loading weights:  27%|███████████▎                             | 128/466 [00:00<00:00, 589.98it/s, Materializing param=model.layers.10.shared_mlp.input_linear.weight]
Loading weights:  27%|███████████▎                             | 128/466 [00:00<00:00, 589.98it/s, Materializing param=model.layers.10.shared_mlp.input_linear.weight]
Loading weights:  28%|███████████                             | 129/466 [00:00<00:00, 589.98it/s, Materializing param=model.layers.10.shared_mlp.output_linear.weight]
Loading weights:  28%|███████████                             | 129/466 [00:00<00:00, 589.98it/s, Materializing param=model.layers.10.shared_mlp.output_linear.weight]
Loading weights:  28%|█████████████▋                                   | 130/466 [00:00<00:00, 589.98it/s, Materializing param=model.layers.11.input_layernorm.weight]
Loading weights:  28%|█████████████▋                                   | 130/466 [00:00<00:00, 589.98it/s, Materializing param=model.layers.11.input_layernorm.weight]
Loading weights:  28%|████████████████▊                                           | 131/466 [00:00<00:00, 589.98it/s, Materializing param=model.layers.11.mamba.A_log]
Loading weights:  28%|████████████████▊                                           | 131/466 [00:00<00:00, 589.98it/s, Materializing param=model.layers.11.mamba.A_log]
Loading weights:  28%|██████████████████▏                                             | 132/466 [00:00<00:00, 589.98it/s, Materializing param=model.layers.11.mamba.D]
Loading weights:  28%|██████████████████▏                                             | 132/466 [00:00<00:00, 589.98it/s, Materializing param=model.layers.11.mamba.D]
Loading weights:  29%|███████████████▍                                      | 133/466 [00:00<00:00, 589.98it/s, Materializing param=model.layers.11.mamba.conv1d.bias]
Loading weights:  29%|███████████████▍                                      | 133/466 [00:00<00:00, 589.98it/s, Materializing param=model.layers.11.mamba.conv1d.bias]
Loading weights:  29%|██████████████▉                                     | 134/466 [00:00<00:00, 589.98it/s, Materializing param=model.layers.11.mamba.conv1d.weight]
Loading weights:  29%|██████████████▉                                     | 134/466 [00:00<00:00, 589.98it/s, Materializing param=model.layers.11.mamba.conv1d.weight]
Loading weights:  29%|████████████████▊                                         | 135/466 [00:00<00:00, 589.98it/s, Materializing param=model.layers.11.mamba.dt_bias]
Loading weights:  29%|████████████████▊                                         | 135/466 [00:00<00:00, 589.98it/s, Materializing param=model.layers.11.mamba.dt_bias]
Loading weights:  29%|██████████████▉                                    | 136/466 [00:00<00:00, 589.98it/s, Materializing param=model.layers.11.mamba.in_proj.weight]
Loading weights:  29%|██████████████▉                                    | 136/466 [00:00<00:00, 589.98it/s, Materializing param=model.layers.11.mamba.in_proj.weight]
Loading weights:  29%|███████████████▉                                      | 137/466 [00:00<00:00, 589.98it/s, Materializing param=model.layers.11.mamba.norm.weight]
Loading weights:  29%|███████████████▉                                      | 137/466 [00:00<00:00, 589.98it/s, Materializing param=model.layers.11.mamba.norm.weight]
Loading weights:  30%|██████████████▊                                   | 138/466 [00:00<00:00, 589.98it/s, Materializing param=model.layers.11.mamba.out_proj.weight]
Loading weights:  30%|██████████████▊                                   | 138/466 [00:00<00:00, 589.98it/s, Materializing param=model.layers.11.mamba.out_proj.weight]
Loading weights:  30%|███████████▉                            | 139/466 [00:00<00:00, 589.98it/s, Materializing param=model.layers.11.post_attention_layernorm.weight]
Loading weights:  30%|███████████▉                            | 139/466 [00:00<00:00, 589.98it/s, Materializing param=model.layers.11.post_attention_layernorm.weight]
Loading weights:  30%|████████████▎                            | 140/466 [00:00<00:00, 589.98it/s, Materializing param=model.layers.11.shared_mlp.input_linear.weight]
Loading weights:  30%|████████████▎                            | 140/466 [00:00<00:00, 589.98it/s, Materializing param=model.layers.11.shared_mlp.input_linear.weight]
Loading weights:  30%|████████████                            | 141/466 [00:00<00:00, 589.98it/s, Materializing param=model.layers.11.shared_mlp.output_linear.weight]
Loading weights:  30%|████████████                            | 141/466 [00:00<00:00, 589.98it/s, Materializing param=model.layers.11.shared_mlp.output_linear.weight]
Loading weights:  30%|██████████████▉                                  | 142/466 [00:00<00:00, 589.98it/s, Materializing param=model.layers.12.input_layernorm.weight]
Loading weights:  30%|██████████████▉                                  | 142/466 [00:00<00:00, 589.98it/s, Materializing param=model.layers.12.input_layernorm.weight]
Loading weights:  31%|██████████████████▍                                         | 143/466 [00:00<00:00, 589.98it/s, Materializing param=model.layers.12.mamba.A_log]
Loading weights:  31%|██████████████████▍                                         | 143/466 [00:00<00:00, 589.98it/s, Materializing param=model.layers.12.mamba.A_log]
Loading weights:  31%|███████████████████▊                                            | 144/466 [00:00<00:00, 589.98it/s, Materializing param=model.layers.12.mamba.D]
Loading weights:  31%|███████████████████▊                                            | 144/466 [00:00<00:00, 589.98it/s, Materializing param=model.layers.12.mamba.D]
Loading weights:  31%|████████████████▊                                     | 145/466 [00:00<00:00, 589.98it/s, Materializing param=model.layers.12.mamba.conv1d.bias]
Loading weights:  31%|████████████████▊                                     | 145/466 [00:00<00:00, 589.98it/s, Materializing param=model.layers.12.mamba.conv1d.bias]
Loading weights:  31%|████████████████▎                                   | 146/466 [00:00<00:00, 589.98it/s, Materializing param=model.layers.12.mamba.conv1d.weight]
Loading weights:  31%|████████████████▎                                   | 146/466 [00:00<00:00, 589.98it/s, Materializing param=model.layers.12.mamba.conv1d.weight]
Loading weights:  32%|██████████████████▎                                       | 147/466 [00:00<00:00, 589.98it/s, Materializing param=model.layers.12.mamba.dt_bias]
Loading weights:  32%|██████████████████▎                                       | 147/466 [00:00<00:00, 589.98it/s, Materializing param=model.layers.12.mamba.dt_bias]
Loading weights:  32%|████████████████▏                                  | 148/466 [00:00<00:00, 589.98it/s, Materializing param=model.layers.12.mamba.in_proj.weight]
Loading weights:  32%|████████████████▏                                  | 148/466 [00:00<00:00, 589.98it/s, Materializing param=model.layers.12.mamba.in_proj.weight]
Loading weights:  32%|█████████████████▎                                    | 149/466 [00:00<00:00, 589.98it/s, Materializing param=model.layers.12.mamba.norm.weight]
Loading weights:  32%|█████████████████▎                                    | 149/466 [00:00<00:00, 589.98it/s, Materializing param=model.layers.12.mamba.norm.weight]
Loading weights:  32%|████████████████                                  | 150/466 [00:00<00:00, 589.98it/s, Materializing param=model.layers.12.mamba.out_proj.weight]
Loading weights:  32%|████████████████                                  | 150/466 [00:00<00:00, 589.98it/s, Materializing param=model.layers.12.mamba.out_proj.weight]
Loading weights:  32%|████████████▉                           | 151/466 [00:00<00:00, 589.98it/s, Materializing param=model.layers.12.post_attention_layernorm.weight]
Loading weights:  32%|████████████▉                           | 151/466 [00:00<00:00, 589.98it/s, Materializing param=model.layers.12.post_attention_layernorm.weight]
Loading weights:  33%|█████████████▎                           | 152/466 [00:00<00:00, 589.98it/s, Materializing param=model.layers.12.shared_mlp.input_linear.weight]
Loading weights:  33%|█████████████▎                           | 152/466 [00:00<00:00, 589.98it/s, Materializing param=model.layers.12.shared_mlp.input_linear.weight]
Loading weights:  33%|█████████████▏                          | 153/466 [00:00<00:00, 589.98it/s, Materializing param=model.layers.12.shared_mlp.output_linear.weight]
Loading weights:  33%|█████████████▏                          | 153/466 [00:00<00:00, 589.98it/s, Materializing param=model.layers.12.shared_mlp.output_linear.weight]
Loading weights:  33%|████████████████▏                                | 154/466 [00:00<00:00, 589.98it/s, Materializing param=model.layers.13.input_layernorm.weight]
Loading weights:  33%|████████████████▏                                | 154/466 [00:00<00:00, 589.98it/s, Materializing param=model.layers.13.input_layernorm.weight]
Loading weights:  33%|███████████████████▉                                        | 155/466 [00:00<00:00, 589.98it/s, Materializing param=model.layers.13.mamba.A_log]
Loading weights:  33%|███████████████████▉                                        | 155/466 [00:00<00:00, 589.98it/s, Materializing param=model.layers.13.mamba.A_log]
Loading weights:  33%|█████████████████████▍                                          | 156/466 [00:00<00:00, 589.98it/s, Materializing param=model.layers.13.mamba.D]
Loading weights:  33%|█████████████████████▍                                          | 156/466 [00:00<00:00, 589.98it/s, Materializing param=model.layers.13.mamba.D]
Loading weights:  34%|██████████████████▏                                   | 157/466 [00:00<00:00, 589.98it/s, Materializing param=model.layers.13.mamba.conv1d.bias]
Loading weights:  34%|██████████████████▏                                   | 157/466 [00:00<00:00, 589.98it/s, Materializing param=model.layers.13.mamba.conv1d.bias]
Loading weights:  34%|█████████████████▋                                  | 158/466 [00:00<00:00, 589.98it/s, Materializing param=model.layers.13.mamba.conv1d.weight]
Loading weights:  34%|█████████████████▋                                  | 158/466 [00:00<00:00, 589.98it/s, Materializing param=model.layers.13.mamba.conv1d.weight]
Loading weights:  34%|███████████████████▊                                      | 159/466 [00:00<00:00, 589.98it/s, Materializing param=model.layers.13.mamba.dt_bias]
Loading weights:  34%|███████████████████▊                                      | 159/466 [00:00<00:00, 589.98it/s, Materializing param=model.layers.13.mamba.dt_bias]
Loading weights:  34%|█████████████████▌                                 | 160/466 [00:00<00:00, 589.98it/s, Materializing param=model.layers.13.mamba.in_proj.weight]
Loading weights:  34%|█████████████████▌                                 | 160/466 [00:00<00:00, 589.98it/s, Materializing param=model.layers.13.mamba.in_proj.weight]
Loading weights:  35%|██████████████████▋                                   | 161/466 [00:00<00:00, 589.98it/s, Materializing param=model.layers.13.mamba.norm.weight]
Loading weights:  35%|██████████████████▋                                   | 161/466 [00:00<00:00, 589.98it/s, Materializing param=model.layers.13.mamba.norm.weight]
Loading weights:  35%|█████████████████▍                                | 162/466 [00:00<00:00, 589.98it/s, Materializing param=model.layers.13.mamba.out_proj.weight]
Loading weights:  35%|█████████████████▍                                | 162/466 [00:00<00:00, 589.98it/s, Materializing param=model.layers.13.mamba.out_proj.weight]
Loading weights:  35%|█████████████▉                          | 163/466 [00:00<00:00, 589.98it/s, Materializing param=model.layers.13.post_attention_layernorm.weight]
Loading weights:  35%|█████████████▉                          | 163/466 [00:00<00:00, 589.98it/s, Materializing param=model.layers.13.post_attention_layernorm.weight]
Loading weights:  35%|██████████████▍                          | 164/466 [00:00<00:00, 589.98it/s, Materializing param=model.layers.13.shared_mlp.input_linear.weight]
Loading weights:  35%|██████████████▍                          | 164/466 [00:00<00:00, 589.98it/s, Materializing param=model.layers.13.shared_mlp.input_linear.weight]
Loading weights:  35%|██████████████▏                         | 165/466 [00:00<00:00, 589.98it/s, Materializing param=model.layers.13.shared_mlp.output_linear.weight]
Loading weights:  35%|██████████████▏                         | 165/466 [00:00<00:00, 589.98it/s, Materializing param=model.layers.13.shared_mlp.output_linear.weight]
Loading weights:  36%|█████████████████▍                               | 166/466 [00:00<00:00, 589.98it/s, Materializing param=model.layers.14.input_layernorm.weight]
Loading weights:  36%|█████████████████▍                               | 166/466 [00:00<00:00, 589.98it/s, Materializing param=model.layers.14.input_layernorm.weight]
Loading weights:  36%|█████████████████████▌                                      | 167/466 [00:00<00:00, 589.98it/s, Materializing param=model.layers.14.mamba.A_log]
Loading weights:  36%|█████████████████████▌                                      | 167/466 [00:00<00:00, 589.98it/s, Materializing param=model.layers.14.mamba.A_log]
Loading weights:  36%|███████████████████████                                         | 168/466 [00:00<00:00, 589.98it/s, Materializing param=model.layers.14.mamba.D]
Loading weights:  36%|███████████████████████                                         | 168/466 [00:00<00:00, 589.98it/s, Materializing param=model.layers.14.mamba.D]
Loading weights:  36%|███████████████████▌                                  | 169/466 [00:00<00:00, 589.98it/s, Materializing param=model.layers.14.mamba.conv1d.bias]
Loading weights:  36%|███████████████████▌                                  | 169/466 [00:00<00:00, 589.98it/s, Materializing param=model.layers.14.mamba.conv1d.bias]
Loading weights:  36%|██████████████████▉                                 | 170/466 [00:00<00:00, 589.98it/s, Materializing param=model.layers.14.mamba.conv1d.weight]
Loading weights:  36%|██████████████████▉                                 | 170/466 [00:00<00:00, 589.98it/s, Materializing param=model.layers.14.mamba.conv1d.weight]
Loading weights:  37%|█████████████████████▎                                    | 171/466 [00:00<00:00, 589.98it/s, Materializing param=model.layers.14.mamba.dt_bias]
Loading weights:  37%|█████████████████████▎                                    | 171/466 [00:00<00:00, 589.98it/s, Materializing param=model.layers.14.mamba.dt_bias]
Loading weights:  37%|██████████████████▊                                | 172/466 [00:00<00:00, 589.98it/s, Materializing param=model.layers.14.mamba.in_proj.weight]
Loading weights:  37%|██████████████████▊                                | 172/466 [00:00<00:00, 589.98it/s, Materializing param=model.layers.14.mamba.in_proj.weight]
Loading weights:  37%|████████████████████                                  | 173/466 [00:00<00:00, 589.98it/s, Materializing param=model.layers.14.mamba.norm.weight]
Loading weights:  37%|████████████████████                                  | 173/466 [00:00<00:00, 589.98it/s, Materializing param=model.layers.14.mamba.norm.weight]
Loading weights:  37%|██████████████████▋                               | 174/466 [00:00<00:00, 589.98it/s, Materializing param=model.layers.14.mamba.out_proj.weight]
Loading weights:  37%|██████████████████▋                               | 174/466 [00:00<00:00, 589.98it/s, Materializing param=model.layers.14.mamba.out_proj.weight]
Loading weights:  38%|███████████████                         | 175/466 [00:00<00:00, 589.98it/s, Materializing param=model.layers.14.post_attention_layernorm.weight]
Loading weights:  38%|███████████████                         | 175/466 [00:00<00:00, 589.98it/s, Materializing param=model.layers.14.post_attention_layernorm.weight]
Loading weights:  38%|███████████████▍                         | 176/466 [00:00<00:00, 589.98it/s, Materializing param=model.layers.14.shared_mlp.input_linear.weight]
Loading weights:  38%|███████████████▍                         | 176/466 [00:00<00:00, 589.98it/s, Materializing param=model.layers.14.shared_mlp.input_linear.weight]
Loading weights:  38%|███████████████▏                        | 177/466 [00:00<00:00, 589.98it/s, Materializing param=model.layers.14.shared_mlp.output_linear.weight]
Loading weights:  38%|███████████████▏                        | 177/466 [00:00<00:00, 589.98it/s, Materializing param=model.layers.14.shared_mlp.output_linear.weight]
Loading weights:  38%|██████████████████▋                              | 178/466 [00:00<00:00, 589.98it/s, Materializing param=model.layers.15.input_layernorm.weight]
Loading weights:  38%|██████████████████▋                              | 178/466 [00:00<00:00, 589.98it/s, Materializing param=model.layers.15.input_layernorm.weight]
Loading weights:  38%|███████████████▎                        | 179/466 [00:00<00:00, 589.98it/s, Materializing param=model.layers.15.post_attention_layernorm.weight]
Loading weights:  38%|███████████████▎                        | 179/466 [00:00<00:00, 589.98it/s, Materializing param=model.layers.15.post_attention_layernorm.weight]
Loading weights:  39%|██████████████████▌                             | 180/466 [00:00<00:00, 589.98it/s, Materializing param=model.layers.15.self_attn.k_proj.weight]
Loading weights:  39%|██████████████████▌                             | 180/466 [00:00<00:00, 589.98it/s, Materializing param=model.layers.15.self_attn.k_proj.weight]
Loading weights:  39%|██████████████████▋                             | 181/466 [00:00<00:00, 589.98it/s, Materializing param=model.layers.15.self_attn.o_proj.weight]
Loading weights:  39%|██████████████████▋                             | 181/466 [00:00<00:00, 589.98it/s, Materializing param=model.layers.15.self_attn.o_proj.weight]
Loading weights:  39%|██████████████████▋                             | 182/466 [00:00<00:00, 589.98it/s, Materializing param=model.layers.15.self_attn.q_proj.weight]
Loading weights:  39%|██████████████████▋                             | 182/466 [00:00<00:00, 589.98it/s, Materializing param=model.layers.15.self_attn.q_proj.weight]
Loading weights:  39%|██████████████████▊                             | 183/466 [00:00<00:00, 589.98it/s, Materializing param=model.layers.15.self_attn.v_proj.weight]
Loading weights:  39%|██████████████████▊                             | 183/466 [00:00<00:00, 589.98it/s, Materializing param=model.layers.15.self_attn.v_proj.weight]
Loading weights:  39%|████████████████▏                        | 184/466 [00:00<00:00, 589.98it/s, Materializing param=model.layers.15.shared_mlp.input_linear.weight]
Loading weights:  39%|████████████████▏                        | 184/466 [00:00<00:00, 589.98it/s, Materializing param=model.layers.15.shared_mlp.input_linear.weight]
Loading weights:  40%|████████████████▎                        | 185/466 [00:00<00:00, 623.72it/s, Materializing param=model.layers.15.shared_mlp.input_linear.weight]
Loading weights:  40%|███████████████▉                        | 185/466 [00:00<00:00, 623.72it/s, Materializing param=model.layers.15.shared_mlp.output_linear.weight]
Loading weights:  40%|███████████████▉                        | 185/466 [00:00<00:00, 623.72it/s, Materializing param=model.layers.15.shared_mlp.output_linear.weight]
Loading weights:  40%|███████████████████▌                             | 186/466 [00:00<00:00, 623.72it/s, Materializing param=model.layers.16.input_layernorm.weight]
Loading weights:  40%|███████████████████▌                             | 186/466 [00:00<00:00, 623.72it/s, Materializing param=model.layers.16.input_layernorm.weight]
Loading weights:  40%|████████████████████████                                    | 187/466 [00:00<00:00, 623.72it/s, Materializing param=model.layers.16.mamba.A_log]
Loading weights:  40%|████████████████████████                                    | 187/466 [00:00<00:00, 623.72it/s, Materializing param=model.layers.16.mamba.A_log]
Loading weights:  40%|█████████████████████████▊                                      | 188/466 [00:00<00:00, 623.72it/s, Materializing param=model.layers.16.mamba.D]
Loading weights:  40%|█████████████████████████▊                                      | 188/466 [00:00<00:00, 623.72it/s, Materializing param=model.layers.16.mamba.D]
Loading weights:  41%|█████████████████████▉                                | 189/466 [00:00<00:00, 623.72it/s, Materializing param=model.layers.16.mamba.conv1d.bias]
Loading weights:  41%|█████████████████████▉                                | 189/466 [00:00<00:00, 623.72it/s, Materializing param=model.layers.16.mamba.conv1d.bias]
Loading weights:  41%|█████████████████████▏                              | 190/466 [00:00<00:00, 623.72it/s, Materializing param=model.layers.16.mamba.conv1d.weight]
Loading weights:  41%|█████████████████████▏                              | 190/466 [00:00<00:00, 623.72it/s, Materializing param=model.layers.16.mamba.conv1d.weight]
Loading weights:  41%|███████████████████████▊                                  | 191/466 [00:00<00:00, 623.72it/s, Materializing param=model.layers.16.mamba.dt_bias]
Loading weights:  41%|███████████████████████▊                                  | 191/466 [00:00<00:00, 623.72it/s, Materializing param=model.layers.16.mamba.dt_bias]
Loading weights:  41%|█████████████████████                              | 192/466 [00:00<00:00, 623.72it/s, Materializing param=model.layers.16.mamba.in_proj.weight]
Loading weights:  41%|█████████████████████                              | 192/466 [00:00<00:00, 623.72it/s, Materializing param=model.layers.16.mamba.in_proj.weight]
Loading weights:  41%|██████████████████████▎                               | 193/466 [00:00<00:00, 623.72it/s, Materializing param=model.layers.16.mamba.norm.weight]
Loading weights:  41%|██████████████████████▎                               | 193/466 [00:00<00:00, 623.72it/s, Materializing param=model.layers.16.mamba.norm.weight]
Loading weights:  42%|████████████████████▊                             | 194/466 [00:00<00:00, 623.72it/s, Materializing param=model.layers.16.mamba.out_proj.weight]
Loading weights:  42%|████████████████████▊                             | 194/466 [00:00<00:00, 623.72it/s, Materializing param=model.layers.16.mamba.out_proj.weight]
Loading weights:  42%|████████████████▋                       | 195/466 [00:00<00:00, 623.72it/s, Materializing param=model.layers.16.post_attention_layernorm.weight]
Loading weights:  42%|████████████████▋                       | 195/466 [00:00<00:00, 623.72it/s, Materializing param=model.layers.16.post_attention_layernorm.weight]
Loading weights:  42%|█████████████████▏                       | 196/466 [00:00<00:00, 623.72it/s, Materializing param=model.layers.16.shared_mlp.input_linear.weight]
Loading weights:  42%|█████████████████▏                       | 196/466 [00:00<00:00, 623.72it/s, Materializing param=model.layers.16.shared_mlp.input_linear.weight]
Loading weights:  42%|████████████████▉                       | 197/466 [00:00<00:00, 623.72it/s, Materializing param=model.layers.16.shared_mlp.output_linear.weight]
Loading weights:  42%|████████████████▉                       | 197/466 [00:00<00:00, 623.72it/s, Materializing param=model.layers.16.shared_mlp.output_linear.weight]
Loading weights:  42%|████████████████████▊                            | 198/466 [00:00<00:00, 623.72it/s, Materializing param=model.layers.17.input_layernorm.weight]
Loading weights:  42%|████████████████████▊                            | 198/466 [00:00<00:00, 623.72it/s, Materializing param=model.layers.17.input_layernorm.weight]
Loading weights:  43%|█████████████████████████▌                                  | 199/466 [00:00<00:00, 623.72it/s, Materializing param=model.layers.17.mamba.A_log]
Loading weights:  43%|█████████████████████████▌                                  | 199/466 [00:00<00:00, 623.72it/s, Materializing param=model.layers.17.mamba.A_log]
Loading weights:  43%|███████████████████████████▍                                    | 200/466 [00:00<00:00, 623.72it/s, Materializing param=model.layers.17.mamba.D]
Loading weights:  43%|███████████████████████████▍                                    | 200/466 [00:00<00:00, 623.72it/s, Materializing param=model.layers.17.mamba.D]
Loading weights:  43%|███████████████████████▎                              | 201/466 [00:00<00:00, 623.72it/s, Materializing param=model.layers.17.mamba.conv1d.bias]
Loading weights:  43%|███████████████████████▎                              | 201/466 [00:00<00:00, 623.72it/s, Materializing param=model.layers.17.mamba.conv1d.bias]
Loading weights:  43%|██████████████████████▌                             | 202/466 [00:00<00:00, 623.72it/s, Materializing param=model.layers.17.mamba.conv1d.weight]
Loading weights:  43%|██████████████████████▌                             | 202/466 [00:00<00:00, 623.72it/s, Materializing param=model.layers.17.mamba.conv1d.weight]
Loading weights:  44%|█████████████████████████▎                                | 203/466 [00:00<00:00, 623.72it/s, Materializing param=model.layers.17.mamba.dt_bias]
Loading weights:  44%|█████████████████████████▎                                | 203/466 [00:00<00:00, 623.72it/s, Materializing param=model.layers.17.mamba.dt_bias]
Loading weights:  44%|██████████████████████▎                            | 204/466 [00:00<00:00, 623.72it/s, Materializing param=model.layers.17.mamba.in_proj.weight]
Loading weights:  44%|██████████████████████▎                            | 204/466 [00:00<00:00, 623.72it/s, Materializing param=model.layers.17.mamba.in_proj.weight]
Loading weights:  44%|███████████████████████▊                              | 205/466 [00:00<00:00, 623.72it/s, Materializing param=model.layers.17.mamba.norm.weight]
Loading weights:  44%|███████████████████████▊                              | 205/466 [00:00<00:00, 623.72it/s, Materializing param=model.layers.17.mamba.norm.weight]
Loading weights:  44%|██████████████████████                            | 206/466 [00:00<00:00, 623.72it/s, Materializing param=model.layers.17.mamba.out_proj.weight]
Loading weights:  44%|██████████████████████                            | 206/466 [00:00<00:00, 623.72it/s, Materializing param=model.layers.17.mamba.out_proj.weight]
Loading weights:  44%|█████████████████▊                      | 207/466 [00:00<00:00, 623.72it/s, Materializing param=model.layers.17.post_attention_layernorm.weight]
Loading weights:  44%|█████████████████▊                      | 207/466 [00:00<00:00, 623.72it/s, Materializing param=model.layers.17.post_attention_layernorm.weight]
Loading weights:  45%|██████████████████▎                      | 208/466 [00:00<00:00, 623.72it/s, Materializing param=model.layers.17.shared_mlp.input_linear.weight]
Loading weights:  45%|██████████████████▎                      | 208/466 [00:00<00:00, 623.72it/s, Materializing param=model.layers.17.shared_mlp.input_linear.weight]
Loading weights:  45%|█████████████████▉                      | 209/466 [00:00<00:00, 623.72it/s, Materializing param=model.layers.17.shared_mlp.output_linear.weight]
Loading weights:  45%|█████████████████▉                      | 209/466 [00:00<00:00, 623.72it/s, Materializing param=model.layers.17.shared_mlp.output_linear.weight]
Loading weights:  45%|██████████████████████                           | 210/466 [00:00<00:00, 623.72it/s, Materializing param=model.layers.18.input_layernorm.weight]
Loading weights:  45%|██████████████████████                           | 210/466 [00:00<00:00, 623.72it/s, Materializing param=model.layers.18.input_layernorm.weight]
Loading weights:  45%|███████████████████████████▏                                | 211/466 [00:00<00:00, 623.72it/s, Materializing param=model.layers.18.mamba.A_log]
Loading weights:  45%|███████████████████████████▏                                | 211/466 [00:00<00:00, 623.72it/s, Materializing param=model.layers.18.mamba.A_log]
Loading weights:  45%|█████████████████████████████                                   | 212/466 [00:00<00:00, 623.72it/s, Materializing param=model.layers.18.mamba.D]
Loading weights:  45%|█████████████████████████████                                   | 212/466 [00:00<00:00, 623.72it/s, Materializing param=model.layers.18.mamba.D]
Loading weights:  46%|████████████████████████▋                             | 213/466 [00:00<00:00, 623.72it/s, Materializing param=model.layers.18.mamba.conv1d.bias]
Loading weights:  46%|████████████████████████▋                             | 213/466 [00:00<00:00, 623.72it/s, Materializing param=model.layers.18.mamba.conv1d.bias]
Loading weights:  46%|███████████████████████▉                            | 214/466 [00:00<00:00, 623.72it/s, Materializing param=model.layers.18.mamba.conv1d.weight]
Loading weights:  46%|███████████████████████▉                            | 214/466 [00:00<00:00, 623.72it/s, Materializing param=model.layers.18.mamba.conv1d.weight]
Loading weights:  46%|██████████████████████████▊                               | 215/466 [00:00<00:00, 623.72it/s, Materializing param=model.layers.18.mamba.dt_bias]
Loading weights:  46%|██████████████████████████▊                               | 215/466 [00:00<00:00, 623.72it/s, Materializing param=model.layers.18.mamba.dt_bias]
Loading weights:  46%|███████████████████████▋                           | 216/466 [00:00<00:00, 623.72it/s, Materializing param=model.layers.18.mamba.in_proj.weight]
Loading weights:  46%|███████████████████████▋                           | 216/466 [00:00<00:00, 623.72it/s, Materializing param=model.layers.18.mamba.in_proj.weight]
Loading weights:  47%|█████████████████████████▏                            | 217/466 [00:00<00:00, 623.72it/s, Materializing param=model.layers.18.mamba.norm.weight]
Loading weights:  47%|█████████████████████████▏                            | 217/466 [00:00<00:00, 623.72it/s, Materializing param=model.layers.18.mamba.norm.weight]
Loading weights:  47%|███████████████████████▍                          | 218/466 [00:00<00:00, 623.72it/s, Materializing param=model.layers.18.mamba.out_proj.weight]
Loading weights:  47%|███████████████████████▍                          | 218/466 [00:00<00:00, 623.72it/s, Materializing param=model.layers.18.mamba.out_proj.weight]
Loading weights:  47%|██████████████████▊                     | 219/466 [00:00<00:00, 623.72it/s, Materializing param=model.layers.18.post_attention_layernorm.weight]
Loading weights:  47%|██████████████████▊                     | 219/466 [00:00<00:00, 623.72it/s, Materializing param=model.layers.18.post_attention_layernorm.weight]
Loading weights:  47%|███████████████████▎                     | 220/466 [00:00<00:00, 623.72it/s, Materializing param=model.layers.18.shared_mlp.input_linear.weight]
Loading weights:  47%|███████████████████▎                     | 220/466 [00:00<00:00, 623.72it/s, Materializing param=model.layers.18.shared_mlp.input_linear.weight]
Loading weights:  47%|██████████████████▉                     | 221/466 [00:00<00:00, 623.72it/s, Materializing param=model.layers.18.shared_mlp.output_linear.weight]
Loading weights:  47%|██████████████████▉                     | 221/466 [00:00<00:00, 623.72it/s, Materializing param=model.layers.18.shared_mlp.output_linear.weight]
Loading weights:  48%|███████████████████████▎                         | 222/466 [00:00<00:00, 623.72it/s, Materializing param=model.layers.19.input_layernorm.weight]
Loading weights:  48%|███████████████████████▎                         | 222/466 [00:00<00:00, 623.72it/s, Materializing param=model.layers.19.input_layernorm.weight]
Loading weights:  48%|████████████████████████████▋                               | 223/466 [00:00<00:00, 623.72it/s, Materializing param=model.layers.19.mamba.A_log]
Loading weights:  48%|████████████████████████████▋                               | 223/466 [00:00<00:00, 623.72it/s, Materializing param=model.layers.19.mamba.A_log]
Loading weights:  48%|██████████████████████████████▊                                 | 224/466 [00:00<00:00, 623.72it/s, Materializing param=model.layers.19.mamba.D]
Loading weights:  48%|██████████████████████████████▊                                 | 224/466 [00:00<00:00, 623.72it/s, Materializing param=model.layers.19.mamba.D]
Loading weights:  48%|██████████████████████████                            | 225/466 [00:00<00:00, 623.72it/s, Materializing param=model.layers.19.mamba.conv1d.bias]
Loading weights:  48%|██████████████████████████                            | 225/466 [00:00<00:00, 623.72it/s, Materializing param=model.layers.19.mamba.conv1d.bias]
Loading weights:  48%|█████████████████████████▏                          | 226/466 [00:00<00:00, 623.72it/s, Materializing param=model.layers.19.mamba.conv1d.weight]
Loading weights:  48%|█████████████████████████▏                          | 226/466 [00:00<00:00, 623.72it/s, Materializing param=model.layers.19.mamba.conv1d.weight]
Loading weights:  49%|████████████████████████████▎                             | 227/466 [00:00<00:00, 623.72it/s, Materializing param=model.layers.19.mamba.dt_bias]
Loading weights:  49%|████████████████████████████▎                             | 227/466 [00:00<00:00, 623.72it/s, Materializing param=model.layers.19.mamba.dt_bias]
Loading weights:  49%|████████████████████████▉                          | 228/466 [00:00<00:00, 623.72it/s, Materializing param=model.layers.19.mamba.in_proj.weight]
Loading weights:  49%|████████████████████████▉                          | 228/466 [00:00<00:00, 623.72it/s, Materializing param=model.layers.19.mamba.in_proj.weight]
Loading weights:  49%|██████████████████████████▌                           | 229/466 [00:00<00:00, 623.72it/s, Materializing param=model.layers.19.mamba.norm.weight]
Loading weights:  49%|██████████████████████████▌                           | 229/466 [00:00<00:00, 623.72it/s, Materializing param=model.layers.19.mamba.norm.weight]
Loading weights:  49%|████████████████████████▋                         | 230/466 [00:00<00:00, 623.72it/s, Materializing param=model.layers.19.mamba.out_proj.weight]
Loading weights:  49%|████████████████████████▋                         | 230/466 [00:00<00:00, 623.72it/s, Materializing param=model.layers.19.mamba.out_proj.weight]
Loading weights:  50%|███████████████████▊                    | 231/466 [00:00<00:00, 623.72it/s, Materializing param=model.layers.19.post_attention_layernorm.weight]
Loading weights:  50%|███████████████████▊                    | 231/466 [00:00<00:00, 623.72it/s, Materializing param=model.layers.19.post_attention_layernorm.weight]
Loading weights:  50%|████████████████████▍                    | 232/466 [00:00<00:00, 623.72it/s, Materializing param=model.layers.19.shared_mlp.input_linear.weight]
Loading weights:  50%|████████████████████▍                    | 232/466 [00:00<00:00, 623.72it/s, Materializing param=model.layers.19.shared_mlp.input_linear.weight]
Loading weights:  50%|████████████████████                    | 233/466 [00:00<00:00, 623.72it/s, Materializing param=model.layers.19.shared_mlp.output_linear.weight]
Loading weights:  50%|████████████████████                    | 233/466 [00:00<00:00, 623.72it/s, Materializing param=model.layers.19.shared_mlp.output_linear.weight]
Loading weights:  50%|████████████████████████▌                        | 234/466 [00:00<00:00, 623.72it/s, Materializing param=model.layers.20.input_layernorm.weight]
Loading weights:  50%|████████████████████████▌                        | 234/466 [00:00<00:00, 623.72it/s, Materializing param=model.layers.20.input_layernorm.weight]
Loading weights:  50%|██████████████████████████████▎                             | 235/466 [00:00<00:00, 623.72it/s, Materializing param=model.layers.20.mamba.A_log]
Loading weights:  50%|██████████████████████████████▎                             | 235/466 [00:00<00:00, 623.72it/s, Materializing param=model.layers.20.mamba.A_log]
Loading weights:  51%|████████████████████████████████▍                               | 236/466 [00:00<00:00, 623.72it/s, Materializing param=model.layers.20.mamba.D]
Loading weights:  51%|████████████████████████████████▍                               | 236/466 [00:00<00:00, 623.72it/s, Materializing param=model.layers.20.mamba.D]
Loading weights:  51%|███████████████████████████▍                          | 237/466 [00:00<00:00, 623.72it/s, Materializing param=model.layers.20.mamba.conv1d.bias]
Loading weights:  51%|███████████████████████████▍                          | 237/466 [00:00<00:00, 623.72it/s, Materializing param=model.layers.20.mamba.conv1d.bias]
Loading weights:  51%|██████████████████████████▌                         | 238/466 [00:00<00:00, 623.72it/s, Materializing param=model.layers.20.mamba.conv1d.weight]
Loading weights:  51%|██████████████████████████▌                         | 238/466 [00:00<00:00, 623.72it/s, Materializing param=model.layers.20.mamba.conv1d.weight]
Loading weights:  51%|█████████████████████████████▋                            | 239/466 [00:00<00:00, 623.72it/s, Materializing param=model.layers.20.mamba.dt_bias]
Loading weights:  51%|█████████████████████████████▋                            | 239/466 [00:00<00:00, 623.72it/s, Materializing param=model.layers.20.mamba.dt_bias]
Loading weights:  52%|██████████████████████████▎                        | 240/466 [00:00<00:00, 623.72it/s, Materializing param=model.layers.20.mamba.in_proj.weight]
Loading weights:  52%|██████████████████████████▎                        | 240/466 [00:00<00:00, 623.72it/s, Materializing param=model.layers.20.mamba.in_proj.weight]
Loading weights:  52%|███████████████████████████▉                          | 241/466 [00:00<00:00, 623.72it/s, Materializing param=model.layers.20.mamba.norm.weight]
Loading weights:  52%|███████████████████████████▉                          | 241/466 [00:00<00:00, 623.72it/s, Materializing param=model.layers.20.mamba.norm.weight]
Loading weights:  52%|█████████████████████████▉                        | 242/466 [00:00<00:00, 623.72it/s, Materializing param=model.layers.20.mamba.out_proj.weight]
Loading weights:  52%|█████████████████████████▉                        | 242/466 [00:00<00:00, 623.72it/s, Materializing param=model.layers.20.mamba.out_proj.weight]
Loading weights:  52%|████████████████████▊                   | 243/466 [00:00<00:00, 623.72it/s, Materializing param=model.layers.20.post_attention_layernorm.weight]
Loading weights:  52%|████████████████████▊                   | 243/466 [00:00<00:00, 623.72it/s, Materializing param=model.layers.20.post_attention_layernorm.weight]
Loading weights:  52%|█████████████████████▍                   | 244/466 [00:00<00:00, 623.72it/s, Materializing param=model.layers.20.shared_mlp.input_linear.weight]
Loading weights:  52%|█████████████████████▍                   | 244/466 [00:00<00:00, 623.72it/s, Materializing param=model.layers.20.shared_mlp.input_linear.weight]
Loading weights:  53%|█████████████████████                   | 245/466 [00:00<00:00, 623.72it/s, Materializing param=model.layers.20.shared_mlp.output_linear.weight]
Loading weights:  53%|█████████████████████                   | 245/466 [00:00<00:00, 623.72it/s, Materializing param=model.layers.20.shared_mlp.output_linear.weight]
Loading weights:  53%|█████████████████████████▊                       | 246/466 [00:00<00:00, 623.72it/s, Materializing param=model.layers.21.input_layernorm.weight]
Loading weights:  53%|█████████████████████████▊                       | 246/466 [00:00<00:00, 623.72it/s, Materializing param=model.layers.21.input_layernorm.weight]
Loading weights:  53%|███████████████████████████████▊                            | 247/466 [00:00<00:00, 623.72it/s, Materializing param=model.layers.21.mamba.A_log]
Loading weights:  53%|███████████████████████████████▊                            | 247/466 [00:00<00:00, 623.72it/s, Materializing param=model.layers.21.mamba.A_log]
Loading weights:  53%|██████████████████████████████████                              | 248/466 [00:00<00:00, 623.72it/s, Materializing param=model.layers.21.mamba.D]
Loading weights:  53%|██████████████████████████████████                              | 248/466 [00:00<00:00, 623.72it/s, Materializing param=model.layers.21.mamba.D]
Loading weights:  53%|████████████████████████████▊                         | 249/466 [00:00<00:00, 623.72it/s, Materializing param=model.layers.21.mamba.conv1d.bias]
Loading weights:  53%|████████████████████████████▊                         | 249/466 [00:00<00:00, 623.72it/s, Materializing param=model.layers.21.mamba.conv1d.bias]
Loading weights:  54%|███████████████████████████▉                        | 250/466 [00:00<00:00, 623.72it/s, Materializing param=model.layers.21.mamba.conv1d.weight]
Loading weights:  54%|███████████████████████████▉                        | 250/466 [00:00<00:00, 623.72it/s, Materializing param=model.layers.21.mamba.conv1d.weight]
Loading weights:  54%|███████████████████████████████▏                          | 251/466 [00:00<00:00, 623.72it/s, Materializing param=model.layers.21.mamba.dt_bias]
Loading weights:  54%|███████████████████████████████▏                          | 251/466 [00:00<00:00, 623.72it/s, Materializing param=model.layers.21.mamba.dt_bias]
Loading weights:  54%|███████████████████████████▌                       | 252/466 [00:00<00:00, 623.72it/s, Materializing param=model.layers.21.mamba.in_proj.weight]
Loading weights:  54%|███████████████████████████▌                       | 252/466 [00:00<00:00, 623.72it/s, Materializing param=model.layers.21.mamba.in_proj.weight]
Loading weights:  54%|█████████████████████████████▎                        | 253/466 [00:00<00:00, 623.72it/s, Materializing param=model.layers.21.mamba.norm.weight]
Loading weights:  54%|█████████████████████████████▎                        | 253/466 [00:00<00:00, 623.72it/s, Materializing param=model.layers.21.mamba.norm.weight]
Loading weights:  55%|███████████████████████████▎                      | 254/466 [00:00<00:00, 623.72it/s, Materializing param=model.layers.21.mamba.out_proj.weight]
Loading weights:  55%|███████████████████████████▎                      | 254/466 [00:00<00:00, 623.72it/s, Materializing param=model.layers.21.mamba.out_proj.weight]
Loading weights:  55%|█████████████████████▉                  | 255/466 [00:00<00:00, 623.72it/s, Materializing param=model.layers.21.post_attention_layernorm.weight]
Loading weights:  55%|█████████████████████▉                  | 255/466 [00:00<00:00, 623.72it/s, Materializing param=model.layers.21.post_attention_layernorm.weight]
Loading weights:  55%|█████████████████████▉                  | 256/466 [00:00<00:00, 639.25it/s, Materializing param=model.layers.21.post_attention_layernorm.weight]
Loading weights:  55%|██████████████████████▌                  | 256/466 [00:00<00:00, 639.25it/s, Materializing param=model.layers.21.shared_mlp.input_linear.weight]
Loading weights:  55%|██████████████████████▌                  | 256/466 [00:00<00:00, 639.25it/s, Materializing param=model.layers.21.shared_mlp.input_linear.weight]
Loading weights:  55%|██████████████████████                  | 257/466 [00:00<00:00, 639.25it/s, Materializing param=model.layers.21.shared_mlp.output_linear.weight]
Loading weights:  55%|██████████████████████                  | 257/466 [00:00<00:00, 639.25it/s, Materializing param=model.layers.21.shared_mlp.output_linear.weight]
Loading weights:  55%|███████████████████████████▏                     | 258/466 [00:00<00:00, 639.25it/s, Materializing param=model.layers.22.input_layernorm.weight]
Loading weights:  55%|███████████████████████████▏                     | 258/466 [00:00<00:00, 639.25it/s, Materializing param=model.layers.22.input_layernorm.weight]
Loading weights:  56%|█████████████████████████████████▎                          | 259/466 [00:00<00:00, 639.25it/s, Materializing param=model.layers.22.mamba.A_log]
Loading weights:  56%|█████████████████████████████████▎                          | 259/466 [00:00<00:00, 639.25it/s, Materializing param=model.layers.22.mamba.A_log]
Loading weights:  56%|███████████████████████████████████▋                            | 260/466 [00:00<00:00, 639.25it/s, Materializing param=model.layers.22.mamba.D]
Loading weights:  56%|███████████████████████████████████▋                            | 260/466 [00:00<00:00, 639.25it/s, Materializing param=model.layers.22.mamba.D]
Loading weights:  56%|██████████████████████████████▏                       | 261/466 [00:00<00:00, 639.25it/s, Materializing param=model.layers.22.mamba.conv1d.bias]
Loading weights:  56%|██████████████████████████████▏                       | 261/466 [00:00<00:00, 639.25it/s, Materializing param=model.layers.22.mamba.conv1d.bias]
Loading weights:  56%|█████████████████████████████▏                      | 262/466 [00:00<00:00, 639.25it/s, Materializing param=model.layers.22.mamba.conv1d.weight]
Loading weights:  56%|█████████████████████████████▏                      | 262/466 [00:00<00:00, 639.25it/s, Materializing param=model.layers.22.mamba.conv1d.weight]
Loading weights:  56%|████████████████████████████████▋                         | 263/466 [00:00<00:00, 639.25it/s, Materializing param=model.layers.22.mamba.dt_bias]
Loading weights:  56%|████████████████████████████████▋                         | 263/466 [00:00<00:00, 639.25it/s, Materializing param=model.layers.22.mamba.dt_bias]
Loading weights:  57%|████████████████████████████▉                      | 264/466 [00:00<00:00, 639.25it/s, Materializing param=model.layers.22.mamba.in_proj.weight]
Loading weights:  57%|████████████████████████████▉                      | 264/466 [00:00<00:00, 639.25it/s, Materializing param=model.layers.22.mamba.in_proj.weight]
Loading weights:  57%|██████████████████████████████▋                       | 265/466 [00:00<00:00, 639.25it/s, Materializing param=model.layers.22.mamba.norm.weight]
Loading weights:  57%|██████████████████████████████▋                       | 265/466 [00:00<00:00, 639.25it/s, Materializing param=model.layers.22.mamba.norm.weight]
Loading weights:  57%|████████████████████████████▌                     | 266/466 [00:00<00:00, 639.25it/s, Materializing param=model.layers.22.mamba.out_proj.weight]
Loading weights:  57%|████████████████████████████▌                     | 266/466 [00:00<00:00, 639.25it/s, Materializing param=model.layers.22.mamba.out_proj.weight]
Loading weights:  57%|██████████████████████▉                 | 267/466 [00:00<00:00, 639.25it/s, Materializing param=model.layers.22.post_attention_layernorm.weight]
Loading weights:  57%|██████████████████████▉                 | 267/466 [00:00<00:00, 639.25it/s, Materializing param=model.layers.22.post_attention_layernorm.weight]
Loading weights:  58%|███████████████████████▌                 | 268/466 [00:00<00:00, 639.25it/s, Materializing param=model.layers.22.shared_mlp.input_linear.weight]
Loading weights:  58%|███████████████████████▌                 | 268/466 [00:00<00:00, 639.25it/s, Materializing param=model.layers.22.shared_mlp.input_linear.weight]
Loading weights:  58%|███████████████████████                 | 269/466 [00:00<00:00, 639.25it/s, Materializing param=model.layers.22.shared_mlp.output_linear.weight]
Loading weights:  58%|███████████████████████                 | 269/466 [00:00<00:00, 639.25it/s, Materializing param=model.layers.22.shared_mlp.output_linear.weight]
Loading weights:  58%|████████████████████████████▍                    | 270/466 [00:00<00:00, 639.25it/s, Materializing param=model.layers.23.input_layernorm.weight]
Loading weights:  58%|████████████████████████████▍                    | 270/466 [00:00<00:00, 639.25it/s, Materializing param=model.layers.23.input_layernorm.weight]
Loading weights:  58%|██████████████████████████████████▉                         | 271/466 [00:00<00:00, 639.25it/s, Materializing param=model.layers.23.mamba.A_log]
Loading weights:  58%|██████████████████████████████████▉                         | 271/466 [00:00<00:00, 639.25it/s, Materializing param=model.layers.23.mamba.A_log]
Loading weights:  58%|█████████████████████████████████████▎                          | 272/466 [00:00<00:00, 639.25it/s, Materializing param=model.layers.23.mamba.D]
Loading weights:  58%|█████████████████████████████████████▎                          | 272/466 [00:00<00:00, 639.25it/s, Materializing param=model.layers.23.mamba.D]
Loading weights:  59%|███████████████████████████████▋                      | 273/466 [00:00<00:00, 639.25it/s, Materializing param=model.layers.23.mamba.conv1d.bias]
Loading weights:  59%|███████████████████████████████▋                      | 273/466 [00:00<00:00, 639.25it/s, Materializing param=model.layers.23.mamba.conv1d.bias]
Loading weights:  59%|██████████████████████████████▌                     | 274/466 [00:00<00:00, 639.25it/s, Materializing param=model.layers.23.mamba.conv1d.weight]
Loading weights:  59%|██████████████████████████████▌                     | 274/466 [00:00<00:00, 639.25it/s, Materializing param=model.layers.23.mamba.conv1d.weight]
Loading weights:  59%|██████████████████████████████████▏                       | 275/466 [00:00<00:00, 639.25it/s, Materializing param=model.layers.23.mamba.dt_bias]
Loading weights:  59%|██████████████████████████████████▏                       | 275/466 [00:00<00:00, 639.25it/s, Materializing param=model.layers.23.mamba.dt_bias]
Loading weights:  59%|██████████████████████████████▏                    | 276/466 [00:00<00:00, 639.25it/s, Materializing param=model.layers.23.mamba.in_proj.weight]
Loading weights:  59%|██████████████████████████████▏                    | 276/466 [00:00<00:00, 639.25it/s, Materializing param=model.layers.23.mamba.in_proj.weight]
Loading weights:  59%|████████████████████████████████                      | 277/466 [00:00<00:00, 639.25it/s, Materializing param=model.layers.23.mamba.norm.weight]
Loading weights:  59%|████████████████████████████████                      | 277/466 [00:00<00:00, 639.25it/s, Materializing param=model.layers.23.mamba.norm.weight]
Loading weights:  60%|█████████████████████████████▊                    | 278/466 [00:00<00:00, 639.25it/s, Materializing param=model.layers.23.mamba.out_proj.weight]
Loading weights:  60%|█████████████████████████████▊                    | 278/466 [00:00<00:00, 639.25it/s, Materializing param=model.layers.23.mamba.out_proj.weight]
Loading weights:  60%|███████████████████████▉                | 279/466 [00:00<00:00, 639.25it/s, Materializing param=model.layers.23.post_attention_layernorm.weight]
Loading weights:  60%|███████████████████████▉                | 279/466 [00:00<00:00, 639.25it/s, Materializing param=model.layers.23.post_attention_layernorm.weight]
Loading weights:  60%|████████████████████████▋                | 280/466 [00:00<00:00, 639.25it/s, Materializing param=model.layers.23.shared_mlp.input_linear.weight]
Loading weights:  60%|████████████████████████▋                | 280/466 [00:00<00:00, 639.25it/s, Materializing param=model.layers.23.shared_mlp.input_linear.weight]
Loading weights:  60%|████████████████████████                | 281/466 [00:00<00:00, 639.25it/s, Materializing param=model.layers.23.shared_mlp.output_linear.weight]
Loading weights:  60%|████████████████████████                | 281/466 [00:00<00:00, 639.25it/s, Materializing param=model.layers.23.shared_mlp.output_linear.weight]
Loading weights:  61%|█████████████████████████████▋                   | 282/466 [00:00<00:00, 639.25it/s, Materializing param=model.layers.24.input_layernorm.weight]
Loading weights:  61%|█████████████████████████████▋                   | 282/466 [00:00<00:00, 639.25it/s, Materializing param=model.layers.24.input_layernorm.weight]
Loading weights:  61%|████████████████████████████████████▍                       | 283/466 [00:00<00:00, 639.25it/s, Materializing param=model.layers.24.mamba.A_log]
Loading weights:  61%|████████████████████████████████████▍                       | 283/466 [00:00<00:00, 639.25it/s, Materializing param=model.layers.24.mamba.A_log]
Loading weights:  61%|███████████████████████████████████████                         | 284/466 [00:00<00:00, 639.25it/s, Materializing param=model.layers.24.mamba.D]
Loading weights:  61%|███████████████████████████████████████                         | 284/466 [00:00<00:00, 639.25it/s, Materializing param=model.layers.24.mamba.D]
Loading weights:  61%|█████████████████████████████████                     | 285/466 [00:00<00:00, 639.25it/s, Materializing param=model.layers.24.mamba.conv1d.bias]
Loading weights:  61%|█████████████████████████████████                     | 285/466 [00:00<00:00, 639.25it/s, Materializing param=model.layers.24.mamba.conv1d.bias]
Loading weights:  61%|███████████████████████████████▉                    | 286/466 [00:00<00:00, 639.25it/s, Materializing param=model.layers.24.mamba.conv1d.weight]
Loading weights:  61%|███████████████████████████████▉                    | 286/466 [00:00<00:00, 639.25it/s, Materializing param=model.layers.24.mamba.conv1d.weight]
Loading weights:  62%|███████████████████████████████████▋                      | 287/466 [00:00<00:00, 639.25it/s, Materializing param=model.layers.24.mamba.dt_bias]
Loading weights:  62%|███████████████████████████████████▋                      | 287/466 [00:00<00:00, 639.25it/s, Materializing param=model.layers.24.mamba.dt_bias]
Loading weights:  62%|███████████████████████████████▌                   | 288/466 [00:00<00:00, 639.25it/s, Materializing param=model.layers.24.mamba.in_proj.weight]
Loading weights:  62%|███████████████████████████████▌                   | 288/466 [00:00<00:00, 639.25it/s, Materializing param=model.layers.24.mamba.in_proj.weight]
Loading weights:  62%|█████████████████████████████████▍                    | 289/466 [00:00<00:00, 639.25it/s, Materializing param=model.layers.24.mamba.norm.weight]
Loading weights:  62%|█████████████████████████████████▍                    | 289/466 [00:00<00:00, 639.25it/s, Materializing param=model.layers.24.mamba.norm.weight]
Loading weights:  62%|███████████████████████████████                   | 290/466 [00:00<00:00, 639.25it/s, Materializing param=model.layers.24.mamba.out_proj.weight]
Loading weights:  62%|███████████████████████████████                   | 290/466 [00:00<00:00, 639.25it/s, Materializing param=model.layers.24.mamba.out_proj.weight]
Loading weights:  62%|████████████████████████▉               | 291/466 [00:00<00:00, 639.25it/s, Materializing param=model.layers.24.post_attention_layernorm.weight]
Loading weights:  62%|████████████████████████▉               | 291/466 [00:00<00:00, 639.25it/s, Materializing param=model.layers.24.post_attention_layernorm.weight]
Loading weights:  63%|█████████████████████████▋               | 292/466 [00:00<00:00, 639.25it/s, Materializing param=model.layers.24.shared_mlp.input_linear.weight]
Loading weights:  63%|█████████████████████████▋               | 292/466 [00:00<00:00, 639.25it/s, Materializing param=model.layers.24.shared_mlp.input_linear.weight]
Loading weights:  63%|█████████████████████████▏              | 293/466 [00:00<00:00, 639.25it/s, Materializing param=model.layers.24.shared_mlp.output_linear.weight]
Loading weights:  63%|█████████████████████████▏              | 293/466 [00:00<00:00, 639.25it/s, Materializing param=model.layers.24.shared_mlp.output_linear.weight]
Loading weights:  63%|██████████████████████████████▉                  | 294/466 [00:00<00:00, 639.25it/s, Materializing param=model.layers.25.input_layernorm.weight]
Loading weights:  63%|██████████████████████████████▉                  | 294/466 [00:00<00:00, 639.25it/s, Materializing param=model.layers.25.input_layernorm.weight]
Loading weights:  63%|█████████████████████████▎              | 295/466 [00:00<00:00, 639.25it/s, Materializing param=model.layers.25.post_attention_layernorm.weight]
Loading weights:  63%|█████████████████████████▎              | 295/466 [00:00<00:00, 639.25it/s, Materializing param=model.layers.25.post_attention_layernorm.weight]
Loading weights:  64%|██████████████████████████████▍                 | 296/466 [00:00<00:00, 639.25it/s, Materializing param=model.layers.25.self_attn.k_proj.weight]
Loading weights:  64%|██████████████████████████████▍                 | 296/466 [00:00<00:00, 639.25it/s, Materializing param=model.layers.25.self_attn.k_proj.weight]
Loading weights:  64%|██████████████████████████████▌                 | 297/466 [00:00<00:00, 639.25it/s, Materializing param=model.layers.25.self_attn.o_proj.weight]
Loading weights:  64%|██████████████████████████████▌                 | 297/466 [00:00<00:00, 639.25it/s, Materializing param=model.layers.25.self_attn.o_proj.weight]
Loading weights:  64%|██████████████████████████████▋                 | 298/466 [00:00<00:00, 639.25it/s, Materializing param=model.layers.25.self_attn.q_proj.weight]
Loading weights:  64%|██████████████████████████████▋                 | 298/466 [00:00<00:00, 639.25it/s, Materializing param=model.layers.25.self_attn.q_proj.weight]
Loading weights:  64%|██████████████████████████████▊                 | 299/466 [00:00<00:00, 639.25it/s, Materializing param=model.layers.25.self_attn.v_proj.weight]
Loading weights:  64%|██████████████████████████████▊                 | 299/466 [00:00<00:00, 639.25it/s, Materializing param=model.layers.25.self_attn.v_proj.weight]
Loading weights:  64%|██████████████████████████▍              | 300/466 [00:00<00:00, 639.25it/s, Materializing param=model.layers.25.shared_mlp.input_linear.weight]
Loading weights:  64%|██████████████████████████▍              | 300/466 [00:00<00:00, 639.25it/s, Materializing param=model.layers.25.shared_mlp.input_linear.weight]
Loading weights:  65%|█████████████████████████▊              | 301/466 [00:00<00:00, 639.25it/s, Materializing param=model.layers.25.shared_mlp.output_linear.weight]
Loading weights:  65%|█████████████████████████▊              | 301/466 [00:00<00:00, 639.25it/s, Materializing param=model.layers.25.shared_mlp.output_linear.weight]
Loading weights:  65%|███████████████████████████████▊                 | 302/466 [00:00<00:00, 639.25it/s, Materializing param=model.layers.26.input_layernorm.weight]
Loading weights:  65%|███████████████████████████████▊                 | 302/466 [00:00<00:00, 639.25it/s, Materializing param=model.layers.26.input_layernorm.weight]
Loading weights:  65%|███████████████████████████████████████                     | 303/466 [00:00<00:00, 639.25it/s, Materializing param=model.layers.26.mamba.A_log]
Loading weights:  65%|███████████████████████████████████████                     | 303/466 [00:00<00:00, 639.25it/s, Materializing param=model.layers.26.mamba.A_log]
Loading weights:  65%|█████████████████████████████████████████▊                      | 304/466 [00:00<00:00, 639.25it/s, Materializing param=model.layers.26.mamba.D]
Loading weights:  65%|█████████████████████████████████████████▊                      | 304/466 [00:00<00:00, 639.25it/s, Materializing param=model.layers.26.mamba.D]
Loading weights:  65%|███████████████████████████████████▎                  | 305/466 [00:00<00:00, 639.25it/s, Materializing param=model.layers.26.mamba.conv1d.bias]
Loading weights:  65%|███████████████████████████████████▎                  | 305/466 [00:00<00:00, 639.25it/s, Materializing param=model.layers.26.mamba.conv1d.bias]
Loading weights:  66%|██████████████████████████████████▏                 | 306/466 [00:00<00:00, 639.25it/s, Materializing param=model.layers.26.mamba.conv1d.weight]
Loading weights:  66%|██████████████████████████████████▏                 | 306/466 [00:00<00:00, 639.25it/s, Materializing param=model.layers.26.mamba.conv1d.weight]
Loading weights:  66%|██████████████████████████████████████▏                   | 307/466 [00:00<00:00, 639.25it/s, Materializing param=model.layers.26.mamba.dt_bias]
Loading weights:  66%|██████████████████████████████████████▏                   | 307/466 [00:00<00:00, 639.25it/s, Materializing param=model.layers.26.mamba.dt_bias]
Loading weights:  66%|█████████████████████████████████▋                 | 308/466 [00:00<00:00, 639.25it/s, Materializing param=model.layers.26.mamba.in_proj.weight]
Loading weights:  66%|█████████████████████████████████▋                 | 308/466 [00:00<00:00, 639.25it/s, Materializing param=model.layers.26.mamba.in_proj.weight]
Loading weights:  66%|███████████████████████████████████▊                  | 309/466 [00:00<00:00, 639.25it/s, Materializing param=model.layers.26.mamba.norm.weight]
Loading weights:  66%|███████████████████████████████████▊                  | 309/466 [00:00<00:00, 639.25it/s, Materializing param=model.layers.26.mamba.norm.weight]
Loading weights:  67%|█████████████████████████████████▎                | 310/466 [00:00<00:00, 639.25it/s, Materializing param=model.layers.26.mamba.out_proj.weight]
Loading weights:  67%|█████████████████████████████████▎                | 310/466 [00:00<00:00, 639.25it/s, Materializing param=model.layers.26.mamba.out_proj.weight]
Loading weights:  67%|██████████████████████████▋             | 311/466 [00:00<00:00, 639.25it/s, Materializing param=model.layers.26.post_attention_layernorm.weight]
Loading weights:  67%|██████████████████████████▋             | 311/466 [00:00<00:00, 639.25it/s, Materializing param=model.layers.26.post_attention_layernorm.weight]
Loading weights:  67%|███████████████████████████▍             | 312/466 [00:00<00:00, 639.25it/s, Materializing param=model.layers.26.shared_mlp.input_linear.weight]
Loading weights:  67%|███████████████████████████▍             | 312/466 [00:00<00:00, 639.25it/s, Materializing param=model.layers.26.shared_mlp.input_linear.weight]
Loading weights:  67%|██████████████████████████▊             | 313/466 [00:00<00:00, 639.25it/s, Materializing param=model.layers.26.shared_mlp.output_linear.weight]
Loading weights:  67%|██████████████████████████▊             | 313/466 [00:00<00:00, 639.25it/s, Materializing param=model.layers.26.shared_mlp.output_linear.weight]
Loading weights:  67%|█████████████████████████████████                | 314/466 [00:00<00:00, 639.25it/s, Materializing param=model.layers.27.input_layernorm.weight]
Loading weights:  67%|█████████████████████████████████                | 314/466 [00:00<00:00, 639.25it/s, Materializing param=model.layers.27.input_layernorm.weight]
Loading weights:  68%|████████████████████████████████████████▌                   | 315/466 [00:00<00:00, 639.25it/s, Materializing param=model.layers.27.mamba.A_log]
Loading weights:  68%|████████████████████████████████████████▌                   | 315/466 [00:00<00:00, 639.25it/s, Materializing param=model.layers.27.mamba.A_log]
Loading weights:  68%|███████████████████████████████████████████▍                    | 316/466 [00:00<00:00, 639.25it/s, Materializing param=model.layers.27.mamba.D]
Loading weights:  68%|███████████████████████████████████████████▍                    | 316/466 [00:00<00:00, 639.25it/s, Materializing param=model.layers.27.mamba.D]
Loading weights:  68%|████████████████████████████████████▋                 | 317/466 [00:00<00:00, 639.25it/s, Materializing param=model.layers.27.mamba.conv1d.bias]
Loading weights:  68%|████████████████████████████████████▋                 | 317/466 [00:00<00:00, 639.25it/s, Materializing param=model.layers.27.mamba.conv1d.bias]
Loading weights:  68%|███████████████████████████████████▍                | 318/466 [00:00<00:00, 639.25it/s, Materializing param=model.layers.27.mamba.conv1d.weight]
Loading weights:  68%|███████████████████████████████████▍                | 318/466 [00:00<00:00, 639.25it/s, Materializing param=model.layers.27.mamba.conv1d.weight]
Loading weights:  68%|███████████████████████████████████████▋                  | 319/466 [00:00<00:00, 639.25it/s, Materializing param=model.layers.27.mamba.dt_bias]
Loading weights:  68%|███████████████████████████████████████▋                  | 319/466 [00:00<00:00, 639.25it/s, Materializing param=model.layers.27.mamba.dt_bias]
Loading weights:  69%|███████████████████████████████████████▊                  | 320/466 [00:00<00:00, 623.12it/s, Materializing param=model.layers.27.mamba.dt_bias]
Loading weights:  69%|███████████████████████████████████                | 320/466 [00:00<00:00, 623.12it/s, Materializing param=model.layers.27.mamba.in_proj.weight]
Loading weights:  69%|███████████████████████████████████                | 320/466 [00:00<00:00, 623.12it/s, Materializing param=model.layers.27.mamba.in_proj.weight]
Loading weights:  69%|█████████████████████████████████████▏                | 321/466 [00:00<00:00, 623.12it/s, Materializing param=model.layers.27.mamba.norm.weight]
Loading weights:  69%|█████████████████████████████████████▏                | 321/466 [00:00<00:00, 623.12it/s, Materializing param=model.layers.27.mamba.norm.weight]
Loading weights:  69%|██████████████████████████████████▌               | 322/466 [00:00<00:00, 623.12it/s, Materializing param=model.layers.27.mamba.out_proj.weight]
Loading weights:  69%|██████████████████████████████████▌               | 322/466 [00:00<00:00, 623.12it/s, Materializing param=model.layers.27.mamba.out_proj.weight]
Loading weights:  69%|███████████████████████████▋            | 323/466 [00:00<00:00, 623.12it/s, Materializing param=model.layers.27.post_attention_layernorm.weight]
Loading weights:  69%|███████████████████████████▋            | 323/466 [00:00<00:00, 623.12it/s, Materializing param=model.layers.27.post_attention_layernorm.weight]
Loading weights:  70%|████████████████████████████▌            | 324/466 [00:00<00:00, 623.12it/s, Materializing param=model.layers.27.shared_mlp.input_linear.weight]
Loading weights:  70%|████████████████████████████▌            | 324/466 [00:00<00:00, 623.12it/s, Materializing param=model.layers.27.shared_mlp.input_linear.weight]
Loading weights:  70%|███████████████████████████▉            | 325/466 [00:00<00:00, 623.12it/s, Materializing param=model.layers.27.shared_mlp.output_linear.weight]
Loading weights:  70%|███████████████████████████▉            | 325/466 [00:00<00:00, 623.12it/s, Materializing param=model.layers.27.shared_mlp.output_linear.weight]
Loading weights:  70%|██████████████████████████████████▎              | 326/466 [00:00<00:00, 623.12it/s, Materializing param=model.layers.28.input_layernorm.weight]
Loading weights:  70%|██████████████████████████████████▎              | 326/466 [00:00<00:00, 623.12it/s, Materializing param=model.layers.28.input_layernorm.weight]
Loading weights:  70%|██████████████████████████████████████████                  | 327/466 [00:00<00:00, 623.12it/s, Materializing param=model.layers.28.mamba.A_log]
Loading weights:  70%|██████████████████████████████████████████                  | 327/466 [00:00<00:00, 623.12it/s, Materializing param=model.layers.28.mamba.A_log]
Loading weights:  70%|█████████████████████████████████████████████                   | 328/466 [00:00<00:00, 623.12it/s, Materializing param=model.layers.28.mamba.D]
Loading weights:  70%|█████████████████████████████████████████████                   | 328/466 [00:00<00:00, 623.12it/s, Materializing param=model.layers.28.mamba.D]
Loading weights:  71%|██████████████████████████████████████                | 329/466 [00:00<00:00, 623.12it/s, Materializing param=model.layers.28.mamba.conv1d.bias]
Loading weights:  71%|██████████████████████████████████████                | 329/466 [00:00<00:00, 623.12it/s, Materializing param=model.layers.28.mamba.conv1d.bias]
Loading weights:  71%|████████████████████████████████████▊               | 330/466 [00:00<00:00, 623.12it/s, Materializing param=model.layers.28.mamba.conv1d.weight]
Loading weights:  71%|████████████████████████████████████▊               | 330/466 [00:00<00:00, 623.12it/s, Materializing param=model.layers.28.mamba.conv1d.weight]
Loading weights:  71%|█████████████████████████████████████████▏                | 331/466 [00:00<00:00, 623.12it/s, Materializing param=model.layers.28.mamba.dt_bias]
Loading weights:  71%|█████████████████████████████████████████▏                | 331/466 [00:00<00:00, 623.12it/s, Materializing param=model.layers.28.mamba.dt_bias]
Loading weights:  71%|████████████████████████████████████▎              | 332/466 [00:00<00:00, 623.12it/s, Materializing param=model.layers.28.mamba.in_proj.weight]
Loading weights:  71%|████████████████████████████████████▎              | 332/466 [00:00<00:00, 623.12it/s, Materializing param=model.layers.28.mamba.in_proj.weight]
Loading weights:  71%|██████████████████████████████████████▌               | 333/466 [00:00<00:00, 623.12it/s, Materializing param=model.layers.28.mamba.norm.weight]
Loading weights:  71%|██████████████████████████████████████▌               | 333/466 [00:00<00:00, 623.12it/s, Materializing param=model.layers.28.mamba.norm.weight]
Loading weights:  72%|███████████████████████████████████▊              | 334/466 [00:00<00:00, 623.12it/s, Materializing param=model.layers.28.mamba.out_proj.weight]
Loading weights:  72%|███████████████████████████████████▊              | 334/466 [00:00<00:00, 623.12it/s, Materializing param=model.layers.28.mamba.out_proj.weight]
Loading weights:  72%|████████████████████████████▊           | 335/466 [00:00<00:00, 623.12it/s, Materializing param=model.layers.28.post_attention_layernorm.weight]
Loading weights:  72%|████████████████████████████▊           | 335/466 [00:00<00:00, 623.12it/s, Materializing param=model.layers.28.post_attention_layernorm.weight]
Loading weights:  72%|█████████████████████████████▌           | 336/466 [00:00<00:00, 623.12it/s, Materializing param=model.layers.28.shared_mlp.input_linear.weight]
Loading weights:  72%|█████████████████████████████▌           | 336/466 [00:00<00:00, 623.12it/s, Materializing param=model.layers.28.shared_mlp.input_linear.weight]
Loading weights:  72%|████████████████████████████▉           | 337/466 [00:00<00:00, 623.12it/s, Materializing param=model.layers.28.shared_mlp.output_linear.weight]
Loading weights:  72%|████████████████████████████▉           | 337/466 [00:00<00:00, 623.12it/s, Materializing param=model.layers.28.shared_mlp.output_linear.weight]
Loading weights:  73%|███████████████████████████████████▌             | 338/466 [00:00<00:00, 623.12it/s, Materializing param=model.layers.29.input_layernorm.weight]
Loading weights:  73%|███████████████████████████████████▌             | 338/466 [00:00<00:00, 623.12it/s, Materializing param=model.layers.29.input_layernorm.weight]
Loading weights:  73%|███████████████████████████████████████████▋                | 339/466 [00:00<00:00, 623.12it/s, Materializing param=model.layers.29.mamba.A_log]
Loading weights:  73%|███████████████████████████████████████████▋                | 339/466 [00:00<00:00, 623.12it/s, Materializing param=model.layers.29.mamba.A_log]
Loading weights:  73%|██████████████████████████████████████████████▋                 | 340/466 [00:00<00:00, 623.12it/s, Materializing param=model.layers.29.mamba.D]
Loading weights:  73%|██████████████████████████████████████████████▋                 | 340/466 [00:00<00:00, 623.12it/s, Materializing param=model.layers.29.mamba.D]
Loading weights:  73%|███████████████████████████████████████▌              | 341/466 [00:00<00:00, 623.12it/s, Materializing param=model.layers.29.mamba.conv1d.bias]
Loading weights:  73%|███████████████████████████████████████▌              | 341/466 [00:00<00:00, 623.12it/s, Materializing param=model.layers.29.mamba.conv1d.bias]
Loading weights:  73%|██████████████████████████████████████▏             | 342/466 [00:00<00:00, 623.12it/s, Materializing param=model.layers.29.mamba.conv1d.weight]
Loading weights:  73%|██████████████████████████████████████▏             | 342/466 [00:00<00:00, 623.12it/s, Materializing param=model.layers.29.mamba.conv1d.weight]
Loading weights:  74%|██████████████████████████████████████████▋               | 343/466 [00:00<00:00, 623.12it/s, Materializing param=model.layers.29.mamba.dt_bias]
Loading weights:  74%|██████████████████████████████████████████▋               | 343/466 [00:00<00:00, 623.12it/s, Materializing param=model.layers.29.mamba.dt_bias]
Loading weights:  74%|█████████████████████████████████████▋             | 344/466 [00:00<00:00, 623.12it/s, Materializing param=model.layers.29.mamba.in_proj.weight]
Loading weights:  74%|█████████████████████████████████████▋             | 344/466 [00:00<00:00, 623.12it/s, Materializing param=model.layers.29.mamba.in_proj.weight]
Loading weights:  74%|███████████████████████████████████████▉              | 345/466 [00:00<00:00, 623.12it/s, Materializing param=model.layers.29.mamba.norm.weight]
Loading weights:  74%|███████████████████████████████████████▉              | 345/466 [00:00<00:00, 623.12it/s, Materializing param=model.layers.29.mamba.norm.weight]
Loading weights:  74%|█████████████████████████████████████             | 346/466 [00:00<00:00, 623.12it/s, Materializing param=model.layers.29.mamba.out_proj.weight]
Loading weights:  74%|█████████████████████████████████████             | 346/466 [00:00<00:00, 623.12it/s, Materializing param=model.layers.29.mamba.out_proj.weight]
Loading weights:  74%|█████████████████████████████▊          | 347/466 [00:00<00:00, 623.12it/s, Materializing param=model.layers.29.post_attention_layernorm.weight]
Loading weights:  74%|█████████████████████████████▊          | 347/466 [00:00<00:00, 623.12it/s, Materializing param=model.layers.29.post_attention_layernorm.weight]
Loading weights:  75%|██████████████████████████████▌          | 348/466 [00:00<00:00, 623.12it/s, Materializing param=model.layers.29.shared_mlp.input_linear.weight]
Loading weights:  75%|██████████████████████████████▌          | 348/466 [00:00<00:00, 623.12it/s, Materializing param=model.layers.29.shared_mlp.input_linear.weight]
Loading weights:  75%|█████████████████████████████▉          | 349/466 [00:00<00:00, 623.12it/s, Materializing param=model.layers.29.shared_mlp.output_linear.weight]
Loading weights:  75%|█████████████████████████████▉          | 349/466 [00:00<00:00, 623.12it/s, Materializing param=model.layers.29.shared_mlp.output_linear.weight]
Loading weights:  75%|████████████████████████████████████▊            | 350/466 [00:00<00:00, 623.12it/s, Materializing param=model.layers.30.input_layernorm.weight]
Loading weights:  75%|████████████████████████████████████▊            | 350/466 [00:00<00:00, 623.12it/s, Materializing param=model.layers.30.input_layernorm.weight]
Loading weights:  75%|█████████████████████████████████████████████▏              | 351/466 [00:00<00:00, 623.12it/s, Materializing param=model.layers.30.mamba.A_log]
Loading weights:  75%|█████████████████████████████████████████████▏              | 351/466 [00:00<00:00, 623.12it/s, Materializing param=model.layers.30.mamba.A_log]
Loading weights:  76%|████████████████████████████████████████████████▎               | 352/466 [00:00<00:00, 623.12it/s, Materializing param=model.layers.30.mamba.D]
Loading weights:  76%|████████████████████████████████████████████████▎               | 352/466 [00:00<00:00, 623.12it/s, Materializing param=model.layers.30.mamba.D]
Loading weights:  76%|████████████████████████████████████████▉             | 353/466 [00:00<00:00, 623.12it/s, Materializing param=model.layers.30.mamba.conv1d.bias]
Loading weights:  76%|████████████████████████████████████████▉             | 353/466 [00:00<00:00, 623.12it/s, Materializing param=model.layers.30.mamba.conv1d.bias]
Loading weights:  76%|███████████████████████████████████████▌            | 354/466 [00:00<00:00, 623.12it/s, Materializing param=model.layers.30.mamba.conv1d.weight]
Loading weights:  76%|███████████████████████████████████████▌            | 354/466 [00:00<00:00, 623.12it/s, Materializing param=model.layers.30.mamba.conv1d.weight]
Loading weights:  76%|████████████████████████████████████████████▏             | 355/466 [00:00<00:00, 623.12it/s, Materializing param=model.layers.30.mamba.dt_bias]
Loading weights:  76%|████████████████████████████████████████████▏             | 355/466 [00:00<00:00, 623.12it/s, Materializing param=model.layers.30.mamba.dt_bias]
Loading weights:  76%|██████████████████████████████████████▉            | 356/466 [00:00<00:00, 623.12it/s, Materializing param=model.layers.30.mamba.in_proj.weight]
Loading weights:  76%|██████████████████████████████████████▉            | 356/466 [00:00<00:00, 623.12it/s, Materializing param=model.layers.30.mamba.in_proj.weight]
Loading weights:  77%|█████████████████████████████████████████▎            | 357/466 [00:00<00:00, 623.12it/s, Materializing param=model.layers.30.mamba.norm.weight]
Loading weights:  77%|█████████████████████████████████████████▎            | 357/466 [00:00<00:00, 623.12it/s, Materializing param=model.layers.30.mamba.norm.weight]
Loading weights:  77%|██████████████████████████████████████▍           | 358/466 [00:00<00:00, 623.12it/s, Materializing param=model.layers.30.mamba.out_proj.weight]
Loading weights:  77%|██████████████████████████████████████▍           | 358/466 [00:00<00:00, 623.12it/s, Materializing param=model.layers.30.mamba.out_proj.weight]
Loading weights:  77%|██████████████████████████████▊         | 359/466 [00:00<00:00, 623.12it/s, Materializing param=model.layers.30.post_attention_layernorm.weight]
Loading weights:  77%|██████████████████████████████▊         | 359/466 [00:00<00:00, 623.12it/s, Materializing param=model.layers.30.post_attention_layernorm.weight]
Loading weights:  77%|███████████████████████████████▋         | 360/466 [00:00<00:00, 623.12it/s, Materializing param=model.layers.30.shared_mlp.input_linear.weight]
Loading weights:  77%|███████████████████████████████▋         | 360/466 [00:00<00:00, 623.12it/s, Materializing param=model.layers.30.shared_mlp.input_linear.weight]
Loading weights:  77%|██████████████████████████████▉         | 361/466 [00:00<00:00, 623.12it/s, Materializing param=model.layers.30.shared_mlp.output_linear.weight]
Loading weights:  77%|██████████████████████████████▉         | 361/466 [00:00<00:00, 623.12it/s, Materializing param=model.layers.30.shared_mlp.output_linear.weight]
Loading weights:  78%|██████████████████████████████████████           | 362/466 [00:00<00:00, 623.12it/s, Materializing param=model.layers.31.input_layernorm.weight]
Loading weights:  78%|██████████████████████████████████████           | 362/466 [00:00<00:00, 623.12it/s, Materializing param=model.layers.31.input_layernorm.weight]
Loading weights:  78%|██████████████████████████████████████████████▋             | 363/466 [00:00<00:00, 623.12it/s, Materializing param=model.layers.31.mamba.A_log]
Loading weights:  78%|██████████████████████████████████████████████▋             | 363/466 [00:00<00:00, 623.12it/s, Materializing param=model.layers.31.mamba.A_log]
Loading weights:  78%|█████████████████████████████████████████████████▉              | 364/466 [00:00<00:00, 623.12it/s, Materializing param=model.layers.31.mamba.D]
Loading weights:  78%|█████████████████████████████████████████████████▉              | 364/466 [00:00<00:00, 623.12it/s, Materializing param=model.layers.31.mamba.D]
Loading weights:  78%|██████████████████████████████████████████▎           | 365/466 [00:00<00:00, 623.12it/s, Materializing param=model.layers.31.mamba.conv1d.bias]
Loading weights:  78%|██████████████████████████████████████████▎           | 365/466 [00:00<00:00, 623.12it/s, Materializing param=model.layers.31.mamba.conv1d.bias]
Loading weights:  79%|████████████████████████████████████████▊           | 366/466 [00:00<00:00, 623.12it/s, Materializing param=model.layers.31.mamba.conv1d.weight]
Loading weights:  79%|████████████████████████████████████████▊           | 366/466 [00:00<00:00, 623.12it/s, Materializing param=model.layers.31.mamba.conv1d.weight]
Loading weights:  79%|█████████████████████████████████████████████▋            | 367/466 [00:00<00:00, 623.12it/s, Materializing param=model.layers.31.mamba.dt_bias]
Loading weights:  79%|█████████████████████████████████████████████▋            | 367/466 [00:00<00:00, 623.12it/s, Materializing param=model.layers.31.mamba.dt_bias]
Loading weights:  79%|████████████████████████████████████████▎          | 368/466 [00:00<00:00, 623.12it/s, Materializing param=model.layers.31.mamba.in_proj.weight]
Loading weights:  79%|████████████████████████████████████████▎          | 368/466 [00:00<00:00, 623.12it/s, Materializing param=model.layers.31.mamba.in_proj.weight]
Loading weights:  79%|██████████████████████████████████████████▊           | 369/466 [00:00<00:00, 623.12it/s, Materializing param=model.layers.31.mamba.norm.weight]
Loading weights:  79%|██████████████████████████████████████████▊           | 369/466 [00:00<00:00, 623.12it/s, Materializing param=model.layers.31.mamba.norm.weight]
Loading weights:  79%|███████████████████████████████████████▋          | 370/466 [00:00<00:00, 623.12it/s, Materializing param=model.layers.31.mamba.out_proj.weight]
Loading weights:  79%|███████████████████████████████████████▋          | 370/466 [00:00<00:00, 623.12it/s, Materializing param=model.layers.31.mamba.out_proj.weight]
Loading weights:  80%|███████████████████████████████▊        | 371/466 [00:00<00:00, 623.12it/s, Materializing param=model.layers.31.post_attention_layernorm.weight]
Loading weights:  80%|███████████████████████████████▊        | 371/466 [00:00<00:00, 623.12it/s, Materializing param=model.layers.31.post_attention_layernorm.weight]
Loading weights:  80%|████████████████████████████████▋        | 372/466 [00:00<00:00, 623.12it/s, Materializing param=model.layers.31.shared_mlp.input_linear.weight]
Loading weights:  80%|████████████████████████████████▋        | 372/466 [00:00<00:00, 623.12it/s, Materializing param=model.layers.31.shared_mlp.input_linear.weight]
Loading weights:  80%|████████████████████████████████        | 373/466 [00:00<00:00, 623.12it/s, Materializing param=model.layers.31.shared_mlp.output_linear.weight]
Loading weights:  80%|████████████████████████████████        | 373/466 [00:00<00:00, 623.12it/s, Materializing param=model.layers.31.shared_mlp.output_linear.weight]
Loading weights:  80%|███████████████████████████████████████▎         | 374/466 [00:00<00:00, 623.12it/s, Materializing param=model.layers.32.input_layernorm.weight]
Loading weights:  80%|███████████████████████████████████████▎         | 374/466 [00:00<00:00, 623.12it/s, Materializing param=model.layers.32.input_layernorm.weight]
Loading weights:  80%|████████████████████████████████████████████████▎           | 375/466 [00:00<00:00, 623.12it/s, Materializing param=model.layers.32.mamba.A_log]
Loading weights:  80%|████████████████████████████████████████████████▎           | 375/466 [00:00<00:00, 623.12it/s, Materializing param=model.layers.32.mamba.A_log]
Loading weights:  81%|███████████████████████████████████████████████████▋            | 376/466 [00:00<00:00, 623.12it/s, Materializing param=model.layers.32.mamba.D]
Loading weights:  81%|███████████████████████████████████████████████████▋            | 376/466 [00:00<00:00, 623.12it/s, Materializing param=model.layers.32.mamba.D]
Loading weights:  81%|███████████████████████████████████████████▋          | 377/466 [00:00<00:00, 623.12it/s, Materializing param=model.layers.32.mamba.conv1d.bias]
Loading weights:  81%|███████████████████████████████████████████▋          | 377/466 [00:00<00:00, 623.12it/s, Materializing param=model.layers.32.mamba.conv1d.bias]
Loading weights:  81%|██████████████████████████████████████████▏         | 378/466 [00:00<00:00, 623.12it/s, Materializing param=model.layers.32.mamba.conv1d.weight]
Loading weights:  81%|██████████████████████████████████████████▏         | 378/466 [00:00<00:00, 623.12it/s, Materializing param=model.layers.32.mamba.conv1d.weight]
Loading weights:  81%|███████████████████████████████████████████████▏          | 379/466 [00:00<00:00, 623.12it/s, Materializing param=model.layers.32.mamba.dt_bias]
Loading weights:  81%|███████████████████████████████████████████████▏          | 379/466 [00:00<00:00, 623.12it/s, Materializing param=model.layers.32.mamba.dt_bias]
Loading weights:  82%|█████████████████████████████████████████▌         | 380/466 [00:00<00:00, 623.12it/s, Materializing param=model.layers.32.mamba.in_proj.weight]
Loading weights:  82%|█████████████████████████████████████████▌         | 380/466 [00:00<00:00, 623.12it/s, Materializing param=model.layers.32.mamba.in_proj.weight]
Loading weights:  82%|████████████████████████████████████████████▏         | 381/466 [00:00<00:00, 623.12it/s, Materializing param=model.layers.32.mamba.norm.weight]
Loading weights:  82%|████████████████████████████████████████████▏         | 381/466 [00:00<00:00, 623.12it/s, Materializing param=model.layers.32.mamba.norm.weight]
Loading weights:  82%|████████████████████████████████████████▉         | 382/466 [00:00<00:00, 623.12it/s, Materializing param=model.layers.32.mamba.out_proj.weight]
Loading weights:  82%|████████████████████████████████████████▉         | 382/466 [00:00<00:00, 623.12it/s, Materializing param=model.layers.32.mamba.out_proj.weight]
Loading weights:  82%|█████████████████████████████████████████         | 383/466 [00:00<00:00, 625.05it/s, Materializing param=model.layers.32.mamba.out_proj.weight]
Loading weights:  82%|████████████████████████████████▉       | 383/466 [00:00<00:00, 625.05it/s, Materializing param=model.layers.32.post_attention_layernorm.weight]
Loading weights:  82%|████████████████████████████████▉       | 383/466 [00:00<00:00, 625.05it/s, Materializing param=model.layers.32.post_attention_layernorm.weight]
Loading weights:  82%|█████████████████████████████████▊       | 384/466 [00:00<00:00, 625.05it/s, Materializing param=model.layers.32.shared_mlp.input_linear.weight]
Loading weights:  82%|█████████████████████████████████▊       | 384/466 [00:00<00:00, 625.05it/s, Materializing param=model.layers.32.shared_mlp.input_linear.weight]
Loading weights:  83%|█████████████████████████████████       | 385/466 [00:00<00:00, 625.05it/s, Materializing param=model.layers.32.shared_mlp.output_linear.weight]
Loading weights:  83%|█████████████████████████████████       | 385/466 [00:00<00:00, 625.05it/s, Materializing param=model.layers.32.shared_mlp.output_linear.weight]
Loading weights:  83%|████████████████████████████████████████▌        | 386/466 [00:00<00:00, 625.05it/s, Materializing param=model.layers.33.input_layernorm.weight]
Loading weights:  83%|████████████████████████████████████████▌        | 386/466 [00:00<00:00, 625.05it/s, Materializing param=model.layers.33.input_layernorm.weight]
Loading weights:  83%|█████████████████████████████████████████████████▊          | 387/466 [00:00<00:00, 625.05it/s, Materializing param=model.layers.33.mamba.A_log]
Loading weights:  83%|█████████████████████████████████████████████████▊          | 387/466 [00:00<00:00, 625.05it/s, Materializing param=model.layers.33.mamba.A_log]
Loading weights:  83%|█████████████████████████████████████████████████████▎          | 388/466 [00:00<00:00, 625.05it/s, Materializing param=model.layers.33.mamba.D]
Loading weights:  83%|█████████████████████████████████████████████████████▎          | 388/466 [00:00<00:00, 625.05it/s, Materializing param=model.layers.33.mamba.D]
Loading weights:  83%|█████████████████████████████████████████████         | 389/466 [00:00<00:00, 625.05it/s, Materializing param=model.layers.33.mamba.conv1d.bias]
Loading weights:  83%|█████████████████████████████████████████████         | 389/466 [00:00<00:00, 625.05it/s, Materializing param=model.layers.33.mamba.conv1d.bias]
Loading weights:  84%|███████████████████████████████████████████▌        | 390/466 [00:00<00:00, 625.05it/s, Materializing param=model.layers.33.mamba.conv1d.weight]
Loading weights:  84%|███████████████████████████████████████████▌        | 390/466 [00:00<00:00, 625.05it/s, Materializing param=model.layers.33.mamba.conv1d.weight]
Loading weights:  84%|████████████████████████████████████████████████▋         | 391/466 [00:00<00:00, 625.05it/s, Materializing param=model.layers.33.mamba.dt_bias]
Loading weights:  84%|████████████████████████████████████████████████▋         | 391/466 [00:00<00:00, 625.05it/s, Materializing param=model.layers.33.mamba.dt_bias]
Loading weights:  84%|██████████████████████████████████████████▉        | 392/466 [00:00<00:00, 625.05it/s, Materializing param=model.layers.33.mamba.in_proj.weight]
Loading weights:  84%|██████████████████████████████████████████▉        | 392/466 [00:00<00:00, 625.05it/s, Materializing param=model.layers.33.mamba.in_proj.weight]
Loading weights:  84%|█████████████████████████████████████████████▌        | 393/466 [00:00<00:00, 625.05it/s, Materializing param=model.layers.33.mamba.norm.weight]
Loading weights:  84%|█████████████████████████████████████████████▌        | 393/466 [00:00<00:00, 625.05it/s, Materializing param=model.layers.33.mamba.norm.weight]
Loading weights:  85%|██████████████████████████████████████████▎       | 394/466 [00:00<00:00, 625.05it/s, Materializing param=model.layers.33.mamba.out_proj.weight]
Loading weights:  85%|██████████████████████████████████████████▎       | 394/466 [00:00<00:00, 625.05it/s, Materializing param=model.layers.33.mamba.out_proj.weight]
Loading weights:  85%|█████████████████████████████████▉      | 395/466 [00:00<00:00, 625.05it/s, Materializing param=model.layers.33.post_attention_layernorm.weight]
Loading weights:  85%|█████████████████████████████████▉      | 395/466 [00:00<00:00, 625.05it/s, Materializing param=model.layers.33.post_attention_layernorm.weight]
Loading weights:  85%|██████████████████████████████████▊      | 396/466 [00:00<00:00, 625.05it/s, Materializing param=model.layers.33.shared_mlp.input_linear.weight]
Loading weights:  85%|██████████████████████████████████▊      | 396/466 [00:00<00:00, 625.05it/s, Materializing param=model.layers.33.shared_mlp.input_linear.weight]
Loading weights:  85%|██████████████████████████████████      | 397/466 [00:00<00:00, 625.05it/s, Materializing param=model.layers.33.shared_mlp.output_linear.weight]
Loading weights:  85%|██████████████████████████████████      | 397/466 [00:00<00:00, 625.05it/s, Materializing param=model.layers.33.shared_mlp.output_linear.weight]
Loading weights:  85%|█████████████████████████████████████████▊       | 398/466 [00:00<00:00, 625.05it/s, Materializing param=model.layers.34.input_layernorm.weight]
Loading weights:  85%|█████████████████████████████████████████▊       | 398/466 [00:00<00:00, 625.05it/s, Materializing param=model.layers.34.input_layernorm.weight]
Loading weights:  86%|███████████████████████████████████████████████████▎        | 399/466 [00:00<00:00, 625.05it/s, Materializing param=model.layers.34.mamba.A_log]
Loading weights:  86%|███████████████████████████████████████████████████▎        | 399/466 [00:00<00:00, 625.05it/s, Materializing param=model.layers.34.mamba.A_log]
Loading weights:  86%|██████████████████████████████████████████████████████▉         | 400/466 [00:00<00:00, 625.05it/s, Materializing param=model.layers.34.mamba.D]
Loading weights:  86%|██████████████████████████████████████████████████████▉         | 400/466 [00:00<00:00, 625.05it/s, Materializing param=model.layers.34.mamba.D]
Loading weights:  86%|██████████████████████████████████████████████▍       | 401/466 [00:00<00:00, 625.05it/s, Materializing param=model.layers.34.mamba.conv1d.bias]
Loading weights:  86%|██████████████████████████████████████████████▍       | 401/466 [00:00<00:00, 625.05it/s, Materializing param=model.layers.34.mamba.conv1d.bias]
Loading weights:  86%|████████████████████████████████████████████▊       | 402/466 [00:00<00:00, 625.05it/s, Materializing param=model.layers.34.mamba.conv1d.weight]
Loading weights:  86%|████████████████████████████████████████████▊       | 402/466 [00:00<00:00, 625.05it/s, Materializing param=model.layers.34.mamba.conv1d.weight]
Loading weights:  86%|██████████████████████████████████████████████████▏       | 403/466 [00:00<00:00, 625.05it/s, Materializing param=model.layers.34.mamba.dt_bias]
Loading weights:  86%|██████████████████████████████████████████████████▏       | 403/466 [00:00<00:00, 625.05it/s, Materializing param=model.layers.34.mamba.dt_bias]
Loading weights:  87%|████████████████████████████████████████████▏      | 404/466 [00:00<00:00, 625.05it/s, Materializing param=model.layers.34.mamba.in_proj.weight]
Loading weights:  87%|████████████████████████████████████████████▏      | 404/466 [00:00<00:00, 625.05it/s, Materializing param=model.layers.34.mamba.in_proj.weight]
Loading weights:  87%|██████████████████████████████████████████████▉       | 405/466 [00:00<00:00, 625.05it/s, Materializing param=model.layers.34.mamba.norm.weight]
Loading weights:  87%|██████████████████████████████████████████████▉       | 405/466 [00:00<00:00, 625.05it/s, Materializing param=model.layers.34.mamba.norm.weight]
Loading weights:  87%|███████████████████████████████████████████▌      | 406/466 [00:00<00:00, 625.05it/s, Materializing param=model.layers.34.mamba.out_proj.weight]
Loading weights:  87%|███████████████████████████████████████████▌      | 406/466 [00:00<00:00, 625.05it/s, Materializing param=model.layers.34.mamba.out_proj.weight]
Loading weights:  87%|██████████████████████████████████▉     | 407/466 [00:00<00:00, 625.05it/s, Materializing param=model.layers.34.post_attention_layernorm.weight]
Loading weights:  87%|██████████████████████████████████▉     | 407/466 [00:00<00:00, 625.05it/s, Materializing param=model.layers.34.post_attention_layernorm.weight]
Loading weights:  88%|███████████████████████████████████▉     | 408/466 [00:00<00:00, 625.05it/s, Materializing param=model.layers.34.shared_mlp.input_linear.weight]
Loading weights:  88%|███████████████████████████████████▉     | 408/466 [00:00<00:00, 625.05it/s, Materializing param=model.layers.34.shared_mlp.input_linear.weight]
Loading weights:  88%|███████████████████████████████████     | 409/466 [00:00<00:00, 625.05it/s, Materializing param=model.layers.34.shared_mlp.output_linear.weight]
Loading weights:  88%|███████████████████████████████████     | 409/466 [00:00<00:00, 625.05it/s, Materializing param=model.layers.34.shared_mlp.output_linear.weight]
Loading weights:  88%|███████████████████████████████████████████      | 410/466 [00:00<00:00, 625.05it/s, Materializing param=model.layers.35.input_layernorm.weight]
Loading weights:  88%|███████████████████████████████████████████      | 410/466 [00:00<00:00, 625.05it/s, Materializing param=model.layers.35.input_layernorm.weight]
Loading weights:  88%|███████████████████████████████████▎    | 411/466 [00:00<00:00, 625.05it/s, Materializing param=model.layers.35.post_attention_layernorm.weight]
Loading weights:  88%|███████████████████████████████████▎    | 411/466 [00:00<00:00, 625.05it/s, Materializing param=model.layers.35.post_attention_layernorm.weight]
Loading weights:  88%|██████████████████████████████████████████▍     | 412/466 [00:00<00:00, 625.05it/s, Materializing param=model.layers.35.self_attn.k_proj.weight]
Loading weights:  88%|██████████████████████████████████████████▍     | 412/466 [00:00<00:00, 625.05it/s, Materializing param=model.layers.35.self_attn.k_proj.weight]
Loading weights:  89%|██████████████████████████████████████████▌     | 413/466 [00:00<00:00, 625.05it/s, Materializing param=model.layers.35.self_attn.o_proj.weight]
Loading weights:  89%|██████████████████████████████████████████▌     | 413/466 [00:00<00:00, 625.05it/s, Materializing param=model.layers.35.self_attn.o_proj.weight]
Loading weights:  89%|██████████████████████████████████████████▋     | 414/466 [00:00<00:00, 625.05it/s, Materializing param=model.layers.35.self_attn.q_proj.weight]
Loading weights:  89%|██████████████████████████████████████████▋     | 414/466 [00:00<00:00, 625.05it/s, Materializing param=model.layers.35.self_attn.q_proj.weight]
Loading weights:  89%|██████████████████████████████████████████▋     | 415/466 [00:00<00:00, 625.05it/s, Materializing param=model.layers.35.self_attn.v_proj.weight]
Loading weights:  89%|██████████████████████████████████████████▋     | 415/466 [00:00<00:00, 625.05it/s, Materializing param=model.layers.35.self_attn.v_proj.weight]
Loading weights:  89%|████████████████████████████████████▌    | 416/466 [00:00<00:00, 625.05it/s, Materializing param=model.layers.35.shared_mlp.input_linear.weight]
Loading weights:  89%|████████████████████████████████████▌    | 416/466 [00:00<00:00, 625.05it/s, Materializing param=model.layers.35.shared_mlp.input_linear.weight]
Loading weights:  89%|███████████████████████████████████▊    | 417/466 [00:00<00:00, 625.05it/s, Materializing param=model.layers.35.shared_mlp.output_linear.weight]
Loading weights:  89%|███████████████████████████████████▊    | 417/466 [00:00<00:00, 625.05it/s, Materializing param=model.layers.35.shared_mlp.output_linear.weight]
Loading weights:  90%|███████████████████████████████████████████▉     | 418/466 [00:00<00:00, 625.05it/s, Materializing param=model.layers.36.input_layernorm.weight]
Loading weights:  90%|███████████████████████████████████████████▉     | 418/466 [00:00<00:00, 625.05it/s, Materializing param=model.layers.36.input_layernorm.weight]
Loading weights:  90%|█████████████████████████████████████████████████████▉      | 419/466 [00:00<00:00, 625.05it/s, Materializing param=model.layers.36.mamba.A_log]
Loading weights:  90%|█████████████████████████████████████████████████████▉      | 419/466 [00:00<00:00, 625.05it/s, Materializing param=model.layers.36.mamba.A_log]
Loading weights:  90%|█████████████████████████████████████████████████████████▋      | 420/466 [00:00<00:00, 625.05it/s, Materializing param=model.layers.36.mamba.D]
Loading weights:  90%|█████████████████████████████████████████████████████████▋      | 420/466 [00:00<00:00, 625.05it/s, Materializing param=model.layers.36.mamba.D]
Loading weights:  90%|████████████████████████████████████████████████▊     | 421/466 [00:00<00:00, 625.05it/s, Materializing param=model.layers.36.mamba.conv1d.bias]
Loading weights:  90%|████████████████████████████████████████████████▊     | 421/466 [00:00<00:00, 625.05it/s, Materializing param=model.layers.36.mamba.conv1d.bias]
Loading weights:  91%|███████████████████████████████████████████████     | 422/466 [00:00<00:00, 625.05it/s, Materializing param=model.layers.36.mamba.conv1d.weight]
Loading weights:  91%|███████████████████████████████████████████████     | 422/466 [00:00<00:00, 625.05it/s, Materializing param=model.layers.36.mamba.conv1d.weight]
Loading weights:  91%|████████████████████████████████████████████████████▋     | 423/466 [00:00<00:00, 625.05it/s, Materializing param=model.layers.36.mamba.dt_bias]
Loading weights:  91%|████████████████████████████████████████████████████▋     | 423/466 [00:00<00:00, 625.05it/s, Materializing param=model.layers.36.mamba.dt_bias]
Loading weights:  91%|██████████████████████████████████████████████▍    | 424/466 [00:00<00:00, 625.05it/s, Materializing param=model.layers.36.mamba.in_proj.weight]
Loading weights:  91%|██████████████████████████████████████████████▍    | 424/466 [00:00<00:00, 625.05it/s, Materializing param=model.layers.36.mamba.in_proj.weight]
Loading weights:  91%|█████████████████████████████████████████████████▏    | 425/466 [00:00<00:00, 625.05it/s, Materializing param=model.layers.36.mamba.norm.weight]
Loading weights:  91%|█████████████████████████████████████████████████▏    | 425/466 [00:00<00:00, 625.05it/s, Materializing param=model.layers.36.mamba.norm.weight]
Loading weights:  91%|█████████████████████████████████████████████▋    | 426/466 [00:00<00:00, 625.05it/s, Materializing param=model.layers.36.mamba.out_proj.weight]
Loading weights:  91%|█████████████████████████████████████████████▋    | 426/466 [00:00<00:00, 625.05it/s, Materializing param=model.layers.36.mamba.out_proj.weight]
Loading weights:  92%|████████████████████████████████████▋   | 427/466 [00:00<00:00, 625.05it/s, Materializing param=model.layers.36.post_attention_layernorm.weight]
Loading weights:  92%|████████████████████████████████████▋   | 427/466 [00:00<00:00, 625.05it/s, Materializing param=model.layers.36.post_attention_layernorm.weight]
Loading weights:  92%|█████████████████████████████████████▋   | 428/466 [00:00<00:00, 625.05it/s, Materializing param=model.layers.36.shared_mlp.input_linear.weight]
Loading weights:  92%|█████████████████████████████████████▋   | 428/466 [00:00<00:00, 625.05it/s, Materializing param=model.layers.36.shared_mlp.input_linear.weight]
Loading weights:  92%|████████████████████████████████████▊   | 429/466 [00:00<00:00, 625.05it/s, Materializing param=model.layers.36.shared_mlp.output_linear.weight]
Loading weights:  92%|████████████████████████████████████▊   | 429/466 [00:00<00:00, 625.05it/s, Materializing param=model.layers.36.shared_mlp.output_linear.weight]
Loading weights:  92%|█████████████████████████████████████████████▏   | 430/466 [00:00<00:00, 625.05it/s, Materializing param=model.layers.37.input_layernorm.weight]
Loading weights:  92%|█████████████████████████████████████████████▏   | 430/466 [00:00<00:00, 625.05it/s, Materializing param=model.layers.37.input_layernorm.weight]
Loading weights:  92%|███████████████████████████████████████████████████████▍    | 431/466 [00:00<00:00, 625.05it/s, Materializing param=model.layers.37.mamba.A_log]
Loading weights:  92%|███████████████████████████████████████████████████████▍    | 431/466 [00:00<00:00, 625.05it/s, Materializing param=model.layers.37.mamba.A_log]
Loading weights:  93%|███████████████████████████████████████████████████████████▎    | 432/466 [00:00<00:00, 625.05it/s, Materializing param=model.layers.37.mamba.D]
Loading weights:  93%|███████████████████████████████████████████████████████████▎    | 432/466 [00:00<00:00, 625.05it/s, Materializing param=model.layers.37.mamba.D]
Loading weights:  93%|██████████████████████████████████████████████████▏   | 433/466 [00:00<00:00, 625.05it/s, Materializing param=model.layers.37.mamba.conv1d.bias]
Loading weights:  93%|██████████████████████████████████████████████████▏   | 433/466 [00:00<00:00, 625.05it/s, Materializing param=model.layers.37.mamba.conv1d.bias]
Loading weights:  93%|████████████████████████████████████████████████▍   | 434/466 [00:00<00:00, 625.05it/s, Materializing param=model.layers.37.mamba.conv1d.weight]
Loading weights:  93%|████████████████████████████████████████████████▍   | 434/466 [00:00<00:00, 625.05it/s, Materializing param=model.layers.37.mamba.conv1d.weight]
Loading weights:  93%|██████████████████████████████████████████████████████▏   | 435/466 [00:00<00:00, 625.05it/s, Materializing param=model.layers.37.mamba.dt_bias]
Loading weights:  93%|██████████████████████████████████████████████████████▏   | 435/466 [00:00<00:00, 625.05it/s, Materializing param=model.layers.37.mamba.dt_bias]
Loading weights:  94%|███████████████████████████████████████████████▋   | 436/466 [00:00<00:00, 625.05it/s, Materializing param=model.layers.37.mamba.in_proj.weight]
Loading weights:  94%|███████████████████████████████████████████████▋   | 436/466 [00:00<00:00, 625.05it/s, Materializing param=model.layers.37.mamba.in_proj.weight]
Loading weights:  94%|██████████████████████████████████████████████████▋   | 437/466 [00:00<00:00, 625.05it/s, Materializing param=model.layers.37.mamba.norm.weight]
Loading weights:  94%|██████████████████████████████████████████████████▋   | 437/466 [00:00<00:00, 625.05it/s, Materializing param=model.layers.37.mamba.norm.weight]
Loading weights:  94%|██████████████████████████████████████████████▉   | 438/466 [00:00<00:00, 625.05it/s, Materializing param=model.layers.37.mamba.out_proj.weight]
Loading weights:  94%|██████████████████████████████████████████████▉   | 438/466 [00:00<00:00, 625.05it/s, Materializing param=model.layers.37.mamba.out_proj.weight]
Loading weights:  94%|█████████████████████████████████████▋  | 439/466 [00:00<00:00, 625.05it/s, Materializing param=model.layers.37.post_attention_layernorm.weight]
Loading weights:  94%|█████████████████████████████████████▋  | 439/466 [00:00<00:00, 625.05it/s, Materializing param=model.layers.37.post_attention_layernorm.weight]
Loading weights:  94%|██████████████████████████████████████▋  | 440/466 [00:00<00:00, 625.05it/s, Materializing param=model.layers.37.shared_mlp.input_linear.weight]
Loading weights:  94%|██████████████████████████████████████▋  | 440/466 [00:00<00:00, 625.05it/s, Materializing param=model.layers.37.shared_mlp.input_linear.weight]
Loading weights:  95%|█████████████████████████████████████▊  | 441/466 [00:00<00:00, 625.05it/s, Materializing param=model.layers.37.shared_mlp.output_linear.weight]
Loading weights:  95%|█████████████████████████████████████▊  | 441/466 [00:00<00:00, 625.05it/s, Materializing param=model.layers.37.shared_mlp.output_linear.weight]
Loading weights:  95%|██████████████████████████████████████████████▍  | 442/466 [00:00<00:00, 625.05it/s, Materializing param=model.layers.38.input_layernorm.weight]
Loading weights:  95%|██████████████████████████████████████████████▍  | 442/466 [00:00<00:00, 625.05it/s, Materializing param=model.layers.38.input_layernorm.weight]
Loading weights:  95%|█████████████████████████████████████████████████████████   | 443/466 [00:00<00:00, 625.05it/s, Materializing param=model.layers.38.mamba.A_log]
Loading weights:  95%|█████████████████████████████████████████████████████████   | 443/466 [00:00<00:00, 625.05it/s, Materializing param=model.layers.38.mamba.A_log]
Loading weights:  95%|████████████████████████████████████████████████████████████▉   | 444/466 [00:00<00:00, 625.05it/s, Materializing param=model.layers.38.mamba.D]
Loading weights:  95%|████████████████████████████████████████████████████████████▉   | 444/466 [00:00<00:00, 625.05it/s, Materializing param=model.layers.38.mamba.D]
Loading weights:  95%|███████████████████████████████████████████████████▌  | 445/466 [00:00<00:00, 625.05it/s, Materializing param=model.layers.38.mamba.conv1d.bias]
Loading weights:  95%|███████████████████████████████████████████████████▌  | 445/466 [00:00<00:00, 625.05it/s, Materializing param=model.layers.38.mamba.conv1d.bias]
Loading weights:  96%|█████████████████████████████████████████████████▊  | 446/466 [00:00<00:00, 625.05it/s, Materializing param=model.layers.38.mamba.conv1d.weight]
Loading weights:  96%|█████████████████████████████████████████████████▊  | 446/466 [00:00<00:00, 625.05it/s, Materializing param=model.layers.38.mamba.conv1d.weight]
Loading weights:  96%|███████████████████████████████████████████████████████▋  | 447/466 [00:00<00:00, 625.05it/s, Materializing param=model.layers.38.mamba.dt_bias]
Loading weights:  96%|███████████████████████████████████████████████████████▋  | 447/466 [00:00<00:00, 625.05it/s, Materializing param=model.layers.38.mamba.dt_bias]
Loading weights:  96%|█████████████████████████████████████████████████  | 448/466 [00:00<00:00, 625.05it/s, Materializing param=model.layers.38.mamba.in_proj.weight]
Loading weights:  96%|█████████████████████████████████████████████████  | 448/466 [00:00<00:00, 625.05it/s, Materializing param=model.layers.38.mamba.in_proj.weight]
Loading weights:  96%|████████████████████████████████████████████████████  | 449/466 [00:00<00:00, 625.05it/s, Materializing param=model.layers.38.mamba.norm.weight]
Loading weights:  96%|████████████████████████████████████████████████████  | 449/466 [00:00<00:00, 625.05it/s, Materializing param=model.layers.38.mamba.norm.weight]
Loading weights:  97%|████████████████████████████████████████████████▎ | 450/466 [00:00<00:00, 625.05it/s, Materializing param=model.layers.38.mamba.out_proj.weight]
Loading weights:  97%|████████████████████████████████████████████████▎ | 450/466 [00:00<00:00, 625.05it/s, Materializing param=model.layers.38.mamba.out_proj.weight]
Loading weights:  97%|██████████████████████████████████████▋ | 451/466 [00:00<00:00, 625.05it/s, Materializing param=model.layers.38.post_attention_layernorm.weight]
Loading weights:  97%|██████████████████████████████████████▋ | 451/466 [00:00<00:00, 625.05it/s, Materializing param=model.layers.38.post_attention_layernorm.weight]
Loading weights:  97%|███████████████████████████████████████▊ | 452/466 [00:00<00:00, 625.05it/s, Materializing param=model.layers.38.shared_mlp.input_linear.weight]
Loading weights:  97%|███████████████████████████████████████▊ | 452/466 [00:00<00:00, 625.05it/s, Materializing param=model.layers.38.shared_mlp.input_linear.weight]
Loading weights:  97%|███████████████████████████████████████▊ | 453/466 [00:00<00:00, 646.86it/s, Materializing param=model.layers.38.shared_mlp.input_linear.weight]
Loading weights:  97%|██████████████████████████████████████▉ | 453/466 [00:00<00:00, 646.86it/s, Materializing param=model.layers.38.shared_mlp.output_linear.weight]
Loading weights:  97%|██████████████████████████████████████▉ | 453/466 [00:00<00:00, 646.86it/s, Materializing param=model.layers.38.shared_mlp.output_linear.weight]
Loading weights:  97%|███████████████████████████████████████████████▋ | 454/466 [00:00<00:00, 646.86it/s, Materializing param=model.layers.39.input_layernorm.weight]
Loading weights:  97%|███████████████████████████████████████████████▋ | 454/466 [00:00<00:00, 646.86it/s, Materializing param=model.layers.39.input_layernorm.weight]
Loading weights:  98%|██████████████████████████████████████████████████████████▌ | 455/466 [00:00<00:00, 646.86it/s, Materializing param=model.layers.39.mamba.A_log]
Loading weights:  98%|██████████████████████████████████████████████████████████▌ | 455/466 [00:00<00:00, 646.86it/s, Materializing param=model.layers.39.mamba.A_log]
Loading weights:  98%|██████████████████████████████████████████████████████████████▋ | 456/466 [00:00<00:00, 646.86it/s, Materializing param=model.layers.39.mamba.D]
Loading weights:  98%|██████████████████████████████████████████████████████████████▋ | 456/466 [00:00<00:00, 646.86it/s, Materializing param=model.layers.39.mamba.D]
Loading weights:  98%|████████████████████████████████████████████████████▉ | 457/466 [00:00<00:00, 646.86it/s, Materializing param=model.layers.39.mamba.conv1d.bias]
Loading weights:  98%|████████████████████████████████████████████████████▉ | 457/466 [00:00<00:00, 646.86it/s, Materializing param=model.layers.39.mamba.conv1d.bias]
Loading weights:  98%|███████████████████████████████████████████████████ | 458/466 [00:00<00:00, 646.86it/s, Materializing param=model.layers.39.mamba.conv1d.weight]
Loading weights:  98%|███████████████████████████████████████████████████ | 458/466 [00:00<00:00, 646.86it/s, Materializing param=model.layers.39.mamba.conv1d.weight]
Loading weights:  98%|█████████████████████████████████████████████████████████▏| 459/466 [00:00<00:00, 646.86it/s, Materializing param=model.layers.39.mamba.dt_bias]
Loading weights:  98%|█████████████████████████████████████████████████████████▏| 459/466 [00:00<00:00, 646.86it/s, Materializing param=model.layers.39.mamba.dt_bias]
Loading weights:  99%|██████████████████████████████████████████████████▎| 460/466 [00:00<00:00, 646.86it/s, Materializing param=model.layers.39.mamba.in_proj.weight]
Loading weights:  99%|██████████████████████████████████████████████████▎| 460/466 [00:00<00:00, 646.86it/s, Materializing param=model.layers.39.mamba.in_proj.weight]
Loading weights:  99%|█████████████████████████████████████████████████████▍| 461/466 [00:00<00:00, 646.86it/s, Materializing param=model.layers.39.mamba.norm.weight]
Loading weights:  99%|█████████████████████████████████████████████████████▍| 461/466 [00:00<00:00, 646.86it/s, Materializing param=model.layers.39.mamba.norm.weight]
Loading weights:  99%|█████████████████████████████████████████████████▌| 462/466 [00:00<00:00, 646.86it/s, Materializing param=model.layers.39.mamba.out_proj.weight]
Loading weights:  99%|█████████████████████████████████████████████████▌| 462/466 [00:00<00:00, 646.86it/s, Materializing param=model.layers.39.mamba.out_proj.weight]
Loading weights:  99%|███████████████████████████████████████▋| 463/466 [00:00<00:00, 646.86it/s, Materializing param=model.layers.39.post_attention_layernorm.weight]
Loading weights:  99%|███████████████████████████████████████▋| 463/466 [00:00<00:00, 646.86it/s, Materializing param=model.layers.39.post_attention_layernorm.weight]
Loading weights: 100%|████████████████████████████████████████▊| 464/466 [00:00<00:00, 646.86it/s, Materializing param=model.layers.39.shared_mlp.input_linear.weight]
Loading weights: 100%|████████████████████████████████████████▊| 464/466 [00:00<00:00, 646.86it/s, Materializing param=model.layers.39.shared_mlp.input_linear.weight]
Loading weights: 100%|███████████████████████████████████████▉| 465/466 [00:00<00:00, 646.86it/s, Materializing param=model.layers.39.shared_mlp.output_linear.weight]
Loading weights: 100%|███████████████████████████████████████▉| 465/466 [00:00<00:00, 646.86it/s, Materializing param=model.layers.39.shared_mlp.output_linear.weight]
Loading weights: 100%|██████████████████████████████████████████████████████████████████████| 466/466 [00:00<00:00, 646.86it/s, Materializing param=model.norm.weight]
Loading weights: 100%|██████████████████████████████████████████████████████████████████████| 466/466 [00:00<00:00, 646.86it/s, Materializing param=model.norm.weight]
Loading weights: 100%|██████████████████████████████████████████████████████████████████████| 466/466 [00:00<00:00, 624.36it/s, Materializing param=model.norm.weight]
14:29:14 INFO: HTTP Request: HEAD https://huggingface.co/ibm-granite/granite-4.0-h-micro/resolve/main/generation_config.json "HTTP/1.1 307 Temporary Redirect"
14:29:14 INFO: HTTP Request: HEAD https://huggingface.co/api/resolve-cache/models/ibm-granite/granite-4.0-h-micro/d5f01a3ea75f088947be3aae039f4ad52837dfde/generation_config.json "HTTP/1.1 200 OK"
14:29:14 INFO: HTTP Request: GET https://huggingface.co/api/resolve-cache/models/ibm-granite/granite-4.0-h-micro/d5f01a3ea75f088947be3aae039f4ad52837dfde/generation_config.json "HTTP/1.1 200 OK"
14:29:14 INFO: HTTP Request: HEAD https://huggingface.co/ibm-granite/granite-4.0-h-micro/resolve/main/custom_generate/generate.py "HTTP/1.1 404 Not Found"
14:29:14 INFO: HTTP Request: HEAD https://huggingface.co/ibm-granite/granite-4.0-h-micro/resolve/main/config.json "HTTP/1.1 307 Temporary Redirect"
14:29:14 INFO: HTTP Request: HEAD https://huggingface.co/api/resolve-cache/models/ibm-granite/granite-4.0-h-micro/d5f01a3ea75f088947be3aae039f4ad52837dfde/config.json "HTTP/1.1 200 OK"
14:29:14 INFO: HTTP Request: HEAD https://huggingface.co/ibm-granite/granite-4.0-h-micro/resolve/main/tokenizer_config.json "HTTP/1.1 307 Temporary Redirect"
14:29:14 INFO: HTTP Request: HEAD https://huggingface.co/api/resolve-cache/models/ibm-granite/granite-4.0-h-micro/d5f01a3ea75f088947be3aae039f4ad52837dfde/tokenizer_config.json "HTTP/1.1 200 OK"
14:29:14 INFO: HTTP Request: GET https://huggingface.co/api/resolve-cache/models/ibm-granite/granite-4.0-h-micro/d5f01a3ea75f088947be3aae039f4ad52837dfde/tokenizer_config.json "HTTP/1.1 200 OK"
14:29:14 INFO: HTTP Request: GET https://huggingface.co/api/models/ibm-granite/granite-4.0-h-micro/tree/main/additional_chat_templates?recursive=false&expand=false "HTTP/1.1 404 Not Found"
14:29:14 INFO: HTTP Request: GET https://huggingface.co/api/models/ibm-granite/granite-4.0-h-micro/tree/main?recursive=true&expand=false "HTTP/1.1 200 OK"
14:29:15 INFO: HTTP Request: HEAD https://huggingface.co/ibm-granite/granite-4.0-h-micro/resolve/main/vocab.json "HTTP/1.1 307 Temporary Redirect"
14:29:15 INFO: HTTP Request: HEAD https://huggingface.co/api/resolve-cache/models/ibm-granite/granite-4.0-h-micro/d5f01a3ea75f088947be3aae039f4ad52837dfde/vocab.json "HTTP/1.1 200 OK"
14:29:15 INFO: HTTP Request: GET https://huggingface.co/api/resolve-cache/models/ibm-granite/granite-4.0-h-micro/d5f01a3ea75f088947be3aae039f4ad52837dfde/vocab.json "HTTP/1.1 200 OK"
14:29:15 INFO: HTTP Request: HEAD https://huggingface.co/ibm-granite/granite-4.0-h-micro/resolve/main/merges.txt "HTTP/1.1 307 Temporary Redirect"
14:29:15 INFO: HTTP Request: HEAD https://huggingface.co/api/resolve-cache/models/ibm-granite/granite-4.0-h-micro/d5f01a3ea75f088947be3aae039f4ad52837dfde/merges.txt "HTTP/1.1 200 OK"
14:29:15 INFO: HTTP Request: GET https://huggingface.co/api/resolve-cache/models/ibm-granite/granite-4.0-h-micro/d5f01a3ea75f088947be3aae039f4ad52837dfde/merges.txt "HTTP/1.1 200 OK"
14:29:15 INFO: HTTP Request: HEAD https://huggingface.co/ibm-granite/granite-4.0-h-micro/resolve/main/added_tokens.json "HTTP/1.1 404 Not Found"
14:29:15 INFO: HTTP Request: HEAD https://huggingface.co/ibm-granite/granite-4.0-h-micro/resolve/main/special_tokens_map.json "HTTP/1.1 307 Temporary Redirect"
14:29:15 INFO: HTTP Request: HEAD https://huggingface.co/api/resolve-cache/models/ibm-granite/granite-4.0-h-micro/d5f01a3ea75f088947be3aae039f4ad52837dfde/special_tokens_map.json "HTTP/1.1 200 OK"
14:29:15 INFO: HTTP Request: GET https://huggingface.co/api/resolve-cache/models/ibm-granite/granite-4.0-h-micro/d5f01a3ea75f088947be3aae039f4ad52837dfde/special_tokens_map.json "HTTP/1.1 200 OK"
14:29:15 INFO: HTTP Request: HEAD https://huggingface.co/ibm-granite/granite-4.0-h-micro/resolve/main/tokenizer.json "HTTP/1.1 307 Temporary Redirect"
14:29:15 INFO: HTTP Request: HEAD https://huggingface.co/api/resolve-cache/models/ibm-granite/granite-4.0-h-micro/d5f01a3ea75f088947be3aae039f4ad52837dfde/tokenizer.json "HTTP/1.1 200 OK"
14:29:15 INFO: HTTP Request: GET https://huggingface.co/api/resolve-cache/models/ibm-granite/granite-4.0-h-micro/d5f01a3ea75f088947be3aae039f4ad52837dfde/tokenizer.json "HTTP/1.1 200 OK"
14:29:15 INFO: HTTP Request: HEAD https://huggingface.co/ibm-granite/granite-4.0-h-micro/resolve/main/chat_template.jinja "HTTP/1.1 307 Temporary Redirect"
14:29:15 INFO: HTTP Request: HEAD https://huggingface.co/api/resolve-cache/models/ibm-granite/granite-4.0-h-micro/d5f01a3ea75f088947be3aae039f4ad52837dfde/chat_template.jinja "HTTP/1.1 200 OK"
14:29:15 INFO: HTTP Request: GET https://huggingface.co/api/resolve-cache/models/ibm-granite/granite-4.0-h-micro/d5f01a3ea75f088947be3aae039f4ad52837dfde/chat_template.jinja "HTTP/1.1 200 OK"
14:29:16 INFO: HTTP Request: GET https://huggingface.co/api/models/ibm-granite/granite-4.0-h-micro "HTTP/1.1 200 OK"

--- SSM Core Training ---
Unfrozen 108 SSM core parameters (6,912 values)
  base_model.model.model.layers.0.mamba.dt_bias: shape=[64], numel=64
  base_model.model.model.layers.0.mamba.A_log: shape=[64], numel=64
  base_model.model.model.layers.0.mamba.D: shape=[64], numel=64
  base_model.model.model.layers.1.mamba.dt_bias: shape=[64], numel=64
  base_model.model.model.layers.1.mamba.A_log: shape=[64], numel=64
  base_model.model.model.layers.1.mamba.D: shape=[64], numel=64
  base_model.model.model.layers.2.mamba.dt_bias: shape=[64], numel=64
  base_model.model.model.layers.2.mamba.A_log: shape=[64], numel=64
  base_model.model.model.layers.2.mamba.D: shape=[64], numel=64
  ... and 99 more

trainable params: 28,830,464 || all params: 3,220,219,648 || trainable%: 0.8953
============================================================
Granite 4.0-H-Micro Layer Coverage Report
============================================================
Total layers: 40 (4 Transformer + 36 Mamba-2)

Transformer attention layers: 4
  └─ LoRA applied: q_proj, k_proj, v_proj, o_proj ✓

Mamba-2 layers: 36
  └─ LoRA applied: in_proj, out_proj ✓
  └─ SSM core unfrozen: A_log, D, dt_bias ✓
      Shape: [num_heads=64] per param (Mamba-2 SSD scalar constraint)
      Total SSM core params: 6,912

MLP layers (shared across all 40 layers):
  └─ LoRA applied: input_linear, output_linear ✓

------------------------------------------------------------
Parameter Budget
------------------------------------------------------------
  LoRA adapter params:        28,823,552
  SSM core params:                 6,912
  Frozen params:            3,191,389,184
  ─────────────────────────────────────
  Total model params:       3,220,219,648
  Total trainable:            28,830,464 (0.90%)

Frozen layer categories:
  • MLP base weights (LoRA adapts these)
  • Mamba projection base weights (LoRA adapts these)
  • attention base weights (LoRA adapts these)
  • conv1d (Mamba convolution)
  • embed_tokens (embedding layer)
  • layer norms

============================================================
End Coverage Report
============================================================

Saved to: /workspace/output_v4/assessos-classification-20260228_142905/layer_coverage_report.txt

--- SSM Parameter Snapshot (before) ---
  base_model.model.model.layers.0.mamba.A_log: mean=0.098756, std=0.206946, min=-0.652344, max=0.601562
  base_model.model.model.layers.0.mamba.D: mean=0.044150, std=0.024491, min=-0.071777, max=0.075195
  base_model.model.model.layers.0.mamba.dt_bias: mean=-4.106201, std=2.611501, min=-11.437500, max=4.312500
  base_model.model.model.layers.1.mamba.A_log: mean=-0.020718, std=0.108430, min=-0.213867, max=0.480469
  base_model.model.model.layers.1.mamba.D: mean=0.044446, std=0.032388, min=0.000637, max=0.171875
  base_model.model.model.layers.1.mamba.dt_bias: mean=-0.994232, std=0.723481, min=-3.843750, max=0.718750
  base_model.model.model.layers.2.mamba.A_log: mean=0.014685, std=0.082281, min=-0.214844, max=0.211914
  base_model.model.model.layers.2.mamba.D: mean=0.024451, std=0.007436, min=0.006012, max=0.052979
  base_model.model.model.layers.2.mamba.dt_bias: mean=-6.320312, std=1.822878, min=-13.312500, max=-1.468750
warmup_ratio is deprecated and will be removed in v5.2. Use `warmup_steps` instead.
14:29:17 WARNING: Padding-free training is enabled, but the attention implementation is not set to a supported flash attention variant. Padding-free training flattens batches into a single sequence, and only the following implementations are known to reliably support this: flash_attention_2, flash_attention_3, kernels-community/flash-attn2, kernels-community/flash-attn3, kernels-community/vllm-flash-attn3. Using other implementations may lead to unexpected behavior. To ensure compatibility, set `attn_implementation` in the model configuration to one of these supported options or verify that your attention mechanism can handle flattened sequences.
14:29:17 WARNING: You are using packing, but the attention implementation is not set to a supported flash attention variant. Packing gathers multiple samples into a single sequence, and only the following implementations are known to reliably support this: flash_attention_2, flash_attention_3, kernels-community/flash-attn2, kernels-community/flash-attn3, kernels-community/vllm-flash-attn3. Using other implementations may lead to cross-contamination between samples. To avoid this, either disable packing by setting `packing=False`, or set `attn_implementation` in the model configuration to one of these supported options.

Adding EOS to train dataset:   0%|                                                                                                   | 0/21932 [00:00<?, ? examples/s]
Adding EOS to train dataset:  30%|█████████████████████████▉                                                           | 6687/21932 [00:00<00:00, 66703.71 examples/s]
Adding EOS to train dataset:  62%|███████████████████████████████████████████████████▉                                | 13561/21932 [00:00<00:00, 67898.72 examples/s]
Adding EOS to train dataset:  93%|██████████████████████████████████████████████████████████████████████████████▎     | 20447/21932 [00:00<00:00, 68335.14 examples/s]
Adding EOS to train dataset: 100%|████████████████████████████████████████████████████████████████████████████████████| 21932/21932 [00:00<00:00, 67984.74 examples/s]

Tokenizing train dataset:   0%|                                                                                                      | 0/21932 [00:00<?, ? examples/s]
Tokenizing train dataset:   2%|██▏                                                                                       | 539/21932 [00:00<00:03, 5357.51 examples/s]
Tokenizing train dataset:   6%|█████▎                                                                                   | 1317/21932 [00:00<00:03, 5232.36 examples/s]
Tokenizing train dataset:   8%|███████▌                                                                                 | 1855/21932 [00:00<00:03, 5280.84 examples/s]
Tokenizing train dataset:  12%|██████████▌                                                                              | 2604/21932 [00:00<00:03, 5145.04 examples/s]
Tokenizing train dataset:  15%|█████████████▋                                                                           | 3374/21932 [00:00<00:03, 5136.89 examples/s]
Tokenizing train dataset:  18%|███████████████▉                                                                         | 3920/21932 [00:00<00:03, 5223.44 examples/s]
Tokenizing train dataset:  21%|██████████████████▉                                                                      | 4672/21932 [00:00<00:03, 5142.54 examples/s]
Tokenizing train dataset:  25%|██████████████████████▏                                                                  | 5461/21932 [00:01<00:03, 5179.56 examples/s]
Tokenizing train dataset:  27%|████████████████████████▎                                                                | 6000/21932 [00:01<00:03, 5063.73 examples/s]
Tokenizing train dataset:  30%|██████████████████████████▍                                                              | 6521/21932 [00:01<00:03, 5098.13 examples/s]
Tokenizing train dataset:  33%|█████████████████████████████▋                                                           | 7305/21932 [00:01<00:02, 5139.17 examples/s]
Tokenizing train dataset:  36%|███████████████████████████████▊                                                         | 7854/21932 [00:01<00:02, 5221.59 examples/s]
Tokenizing train dataset:  39%|███████████████████████████████████                                                      | 8646/21932 [00:01<00:02, 5236.37 examples/s]
Tokenizing train dataset:  43%|██████████████████████████████████████                                                   | 9381/21932 [00:01<00:02, 5121.01 examples/s]
Tokenizing train dataset:  46%|████████████████████████████████████████▏                                               | 10019/21932 [00:01<00:02, 4836.30 examples/s]
Tokenizing train dataset:  48%|██████████████████████████████████████████▍                                             | 10566/21932 [00:02<00:02, 4980.47 examples/s]
Tokenizing train dataset:  52%|█████████████████████████████████████████████▍                                          | 11316/21932 [00:02<00:02, 4981.54 examples/s]
Tokenizing train dataset:  54%|███████████████████████████████████████████████▋                                        | 11877/21932 [00:02<00:01, 5131.01 examples/s]
Tokenizing train dataset:  58%|██████████████████████████████████████████████████▋                                     | 12632/21932 [00:02<00:01, 5095.02 examples/s]
Tokenizing train dataset:  61%|█████████████████████████████████████████████████████▊                                  | 13422/21932 [00:02<00:01, 5146.84 examples/s]
Tokenizing train dataset:  64%|████████████████████████████████████████████████████████                                | 13978/21932 [00:02<00:01, 5243.38 examples/s]
Tokenizing train dataset:  67%|███████████████████████████████████████████████████████████▏                            | 14754/21932 [00:02<00:01, 5218.24 examples/s]
Tokenizing train dataset:  71%|██████████████████████████████████████████████████████████████▍                         | 15567/21932 [00:03<00:01, 5231.85 examples/s]
Tokenizing train dataset:  75%|█████████████████████████████████████████████████████████████████▌                      | 16352/21932 [00:03<00:01, 5229.41 examples/s]
Tokenizing train dataset:  77%|███████████████████████████████████████████████████████████████████▉                    | 16921/21932 [00:03<00:00, 5332.38 examples/s]
Tokenizing train dataset:  81%|██████████████████████████████████████████████████████████████████████▉                 | 17681/21932 [00:03<00:00, 5243.92 examples/s]
Tokenizing train dataset:  84%|██████████████████████████████████████████████████████████████████████████              | 18451/21932 [00:03<00:00, 5204.92 examples/s]
Tokenizing train dataset:  87%|████████████████████████████████████████████████████████████████████████████▏           | 19000/21932 [00:03<00:00, 5160.81 examples/s]
Tokenizing train dataset:  89%|██████████████████████████████████████████████████████████████████████████████▍         | 19536/21932 [00:03<00:00, 5207.76 examples/s]
Tokenizing train dataset:  93%|█████████████████████████████████████████████████████████████████████████████████▍      | 20294/21932 [00:03<00:00, 5151.43 examples/s]
Tokenizing train dataset:  95%|███████████████████████████████████████████████████████████████████████████████████▋    | 20848/21932 [00:04<00:00, 5244.96 examples/s]
Tokenizing train dataset:  99%|██████████████████████████████████████████████████████████████████████████████████████▊ | 21628/21932 [00:04<00:00, 5226.98 examples/s]
Tokenizing train dataset: 100%|████████████████████████████████████████████████████████████████████████████████████████| 21932/21932 [00:04<00:00, 5145.91 examples/s]

Packing train dataset:   0%|                                                                                                         | 0/21932 [00:00<?, ? examples/s]
Packing train dataset:  68%|████████████████████████████████████████████████████████████▊                            | 15000/21932 [00:00<00:00, 138911.22 examples/s]
Packing train dataset: 100%|█████████████████████████████████████████████████████████████████████████████████████████| 21932/21932 [00:00<00:00, 136264.35 examples/s]

Adding EOS to eval dataset:   0%|                                                                                                     | 0/2437 [00:00<?, ? examples/s]
Adding EOS to eval dataset: 100%|███████████████████████████████████████████████████████████████████████████████████████| 2437/2437 [00:00<00:00, 61251.45 examples/s]

Tokenizing eval dataset:   0%|                                                                                                        | 0/2437 [00:00<?, ? examples/s]
Tokenizing eval dataset:  22%|████████████████████▎                                                                       | 537/2437 [00:00<00:00, 5329.81 examples/s]
Tokenizing eval dataset:  53%|████████████████████████████████████████████████▍                                          | 1297/2437 [00:00<00:00, 5145.97 examples/s]
Tokenizing eval dataset:  76%|█████████████████████████████████████████████████████████████████████                      | 1851/2437 [00:00<00:00, 5298.71 examples/s]
Tokenizing eval dataset: 100%|███████████████████████████████████████████████████████████████████████████████████████████| 2437/2437 [00:00<00:00, 5070.00 examples/s]
Tokenizing eval dataset: 100%|███████████████████████████████████████████████████████████████████████████████████████████| 2437/2437 [00:00<00:00, 5126.24 examples/s]

Packing eval dataset:   0%|                                                                                                           | 0/2437 [00:00<?, ? examples/s]
Packing eval dataset: 100%|████████████████████████████████████████████████████████████████████████████████████████████| 2437/2437 [00:00<00:00, 136170.72 examples/s]
14:29:23 INFO: Starting training for task 'classification'...

  0%|                                                                                                                                         | 0/339 [00:00<?, ?it/s]
  0%|▎                                                                                                                              | 1/339 [00:53<5:00:33, 53.35s/it]
  1%|▋                                                                                                                              | 2/339 [01:00<2:25:27, 25.90s/it]
  1%|█                                                                                                                              | 3/339 [01:06<1:35:06, 16.98s/it]
  1%|█▍                                                                                                                             | 4/339 [01:12<1:11:28, 12.80s/it]
  1%|█▉                                                                                                                               | 5/339 [01:19<58:22, 10.49s/it]
  2%|██▎                                                                                                                              | 6/339 [01:25<50:13,  9.05s/it]
  2%|██▋                                                                                                                              | 7/339 [01:31<45:16,  8.18s/it]
  2%|███                                                                                                                              | 8/339 [01:38<41:46,  7.57s/it]
  3%|███▍                                                                                                                             | 9/339 [01:44<39:23,  7.16s/it]
  3%|███▊                                                                                                                            | 10/339 [01:50<37:32,  6.85s/it]
                                                                                                                                                                      
{'loss': '3.44', 'grad_norm': '13.23', 'learning_rate': '8.571e-05', 'entropy': '1.362', 'num_tokens': '4.057e+05', 'mean_token_accuracy': '0.5398', 'epoch': '0.0885'}

  3%|███▊                                                                                                                            | 10/339 [01:50<37:32,  6.85s/it]
  3%|████▏                                                                                                                           | 11/339 [01:56<36:29,  6.67s/it]
  4%|████▌                                                                                                                           | 12/339 [02:03<35:44,  6.56s/it]
  4%|████▉                                                                                                                           | 13/339 [02:09<35:08,  6.47s/it]
  4%|█████▎                                                                                                                          | 14/339 [02:15<34:38,  6.39s/it]
  4%|█████▋                                                                                                                          | 15/339 [02:21<34:21,  6.36s/it]
  5%|██████                                                                                                                          | 16/339 [02:28<34:04,  6.33s/it]
  5%|██████▍                                                                                                                         | 17/339 [02:37<39:21,  7.33s/it]
  5%|██████▊                                                                                                                         | 18/339 [02:44<37:33,  7.02s/it]
  6%|███████▏                                                                                                                        | 19/339 [02:50<36:13,  6.79s/it]
  6%|███████▌                                                                                                                        | 20/339 [02:56<35:18,  6.64s/it]
                                                                                                                                                                      
{'loss': '1.672', 'grad_norm': '8.337', 'learning_rate': '0.000181', 'entropy': '1.281', 'num_tokens': '8.126e+05', 'mean_token_accuracy': '0.6822', 'epoch': '0.177'}

  6%|███████▌                                                                                                                        | 20/339 [02:56<35:18,  6.64s/it]
  6%|███████▉                                                                                                                        | 21/339 [03:02<34:36,  6.53s/it]
  6%|████████▎                                                                                                                       | 22/339 [03:09<34:06,  6.46s/it]
  7%|████████▋                                                                                                                       | 23/339 [03:15<33:39,  6.39s/it]
  7%|█████████                                                                                                                       | 24/339 [03:21<33:25,  6.37s/it]
  7%|█████████▍                                                                                                                      | 25/339 [03:28<33:22,  6.38s/it]
  8%|█████████▊                                                                                                                      | 26/339 [03:34<33:05,  6.34s/it]
  8%|██████████▏                                                                                                                     | 27/339 [03:40<32:54,  6.33s/it]
  8%|██████████▌                                                                                                                     | 28/339 [03:46<32:29,  6.27s/it]
  9%|██████████▉                                                                                                                     | 29/339 [03:53<32:25,  6.27s/it]
  9%|███████████▎                                                                                                                    | 30/339 [03:59<32:19,  6.28s/it]
                                                                                                                                                                      
{'loss': '1.297', 'grad_norm': '1.132', 'learning_rate': '0.0001997', 'entropy': '1.35', 'num_tokens': '1.219e+06', 'mean_token_accuracy': '0.7229', 'epoch': '0.2655'}

  9%|███████████▎                                                                                                                    | 30/339 [03:59<32:19,  6.28s/it]
  9%|███████████▋                                                                                                                    | 31/339 [04:05<31:56,  6.22s/it]
  9%|████████████                                                                                                                    | 32/339 [04:11<31:56,  6.24s/it]
 10%|████████████▍                                                                                                                   | 33/339 [04:18<31:52,  6.25s/it]
 10%|████████████▊                                                                                                                   | 34/339 [04:24<31:49,  6.26s/it]
 10%|█████████████▏                                                                                                                  | 35/339 [04:30<31:33,  6.23s/it]
 11%|█████████████▌                                                                                                                  | 36/339 [04:36<31:30,  6.24s/it]
 11%|█████████████▉                                                                                                                  | 37/339 [04:43<31:28,  6.25s/it]
 11%|██████████████▎                                                                                                                 | 38/339 [04:49<31:26,  6.27s/it]
 12%|██████████████▋                                                                                                                 | 39/339 [04:55<31:15,  6.25s/it]
 12%|███████████████                                                                                                                 | 40/339 [05:01<31:05,  6.24s/it]
                                                                                                                                                                      
{'loss': '1.132', 'grad_norm': '0.7308', 'learning_rate': '0.0001984', 'entropy': '1.19', 'num_tokens': '1.623e+06', 'mean_token_accuracy': '0.7434', 'epoch': '0.354'}

 12%|███████████████                                                                                                                 | 40/339 [05:01<31:05,  6.24s/it]
 12%|███████████████▍                                                                                                                | 41/339 [05:08<31:03,  6.25s/it]
 12%|███████████████▊                                                                                                                | 42/339 [05:14<30:58,  6.26s/it]
 13%|████████████████▏                                                                                                               | 43/339 [05:20<30:52,  6.26s/it]
 13%|████████████████▌                                                                                                               | 44/339 [05:26<30:49,  6.27s/it]
 13%|████████████████▉                                                                                                               | 45/339 [05:33<30:34,  6.24s/it]
 14%|█████████████████▎                                                                                                              | 46/339 [05:39<30:30,  6.25s/it]
 14%|█████████████████▋                                                                                                              | 47/339 [05:45<30:21,  6.24s/it]
 14%|██████████████████                                                                                                              | 48/339 [05:51<30:17,  6.25s/it]
 14%|██████████████████▌                                                                                                             | 49/339 [05:58<30:15,  6.26s/it]
 15%|██████████████████▉                                                                                                             | 50/339 [06:04<30:04,  6.24s/it]
                                                                                                                                                                      
{'loss': '1.035', 'grad_norm': '0.5228', 'learning_rate': '0.0001962', 'entropy': '1.101', 'num_tokens': '2.028e+06', 'mean_token_accuracy': '0.7681', 'epoch': '0.4425'}

 15%|██████████████████▉                                                                                                             | 50/339 [06:04<30:04,  6.24s/it]

  0%|                                                                                                                                          | 0/13 [00:00<?, ?it/s][A

 15%|████████████████████                                                                                                              | 2/13 [00:02<00:11,  1.08s/it][A

 23%|██████████████████████████████                                                                                                    | 3/13 [00:04<00:15,  1.52s/it][A

 31%|████████████████████████████████████████                                                                                          | 4/13 [00:06<00:15,  1.75s/it][A

 38%|██████████████████████████████████████████████████                                                                                | 5/13 [00:08<00:15,  1.88s/it][A

 46%|████████████████████████████████████████████████████████████                                                                      | 6/13 [00:10<00:13,  1.96s/it][A

 54%|██████████████████████████████████████████████████████████████████████                                                            | 7/13 [00:12<00:12,  2.01s/it][A

 62%|████████████████████████████████████████████████████████████████████████████████                                                  | 8/13 [00:14<00:10,  2.05s/it][A

 69%|██████████████████████████████████████████████████████████████████████████████████████████                                        | 9/13 [00:17<00:08,  2.08s/it][A

 77%|███████████████████████████████████████████████████████████████████████████████████████████████████▏                             | 10/13 [00:19<00:06,  2.10s/it][A

 85%|█████████████████████████████████████████████████████████████████████████████████████████████████████████████▏                   | 11/13 [00:21<00:04,  2.11s/it][A

 92%|███████████████████████████████████████████████████████████████████████████████████████████████████████████████████████          | 12/13 [00:23<00:02,  2.12s/it][A

100%|█████████████████████████████████████████████████████████████████████████████████████████████████████████████████████████████████| 13/13 [00:24<00:00,  1.89s/it][A
                                                                                                                                                                      

                                                                                                                                                                      
[A{'eval_loss': '0.942', 'eval_runtime': '27.02', 'eval_samples_per_second': '14.99', 'eval_steps_per_second': '0.481', 'eval_entropy': '1.007', 'eval_num_tokens': '2.028e+06', 'eval_mean_token_accuracy': '0.7862', 'epoch': '0.4425'}

 15%|██████████████████▉                                                                                                             | 50/339 [06:31<30:04,  6.24s/it]

100%|█████████████████████████████████████████████████████████████████████████████████████████████████████████████████████████████████| 13/13 [00:24<00:00,  1.89s/it][A

                                                                                                                                                                      [A
 15%|██████████████████▉                                                                                                           | 51/339 [06:37<1:08:56, 14.36s/it]
 15%|███████████████████▋                                                                                                            | 52/339 [06:43<56:57, 11.91s/it]
 16%|████████████████████                                                                                                            | 53/339 [06:50<48:43, 10.22s/it]
 16%|████████████████████▍                                                                                                           | 54/339 [06:56<42:57,  9.04s/it]
 16%|████████████████████▊                                                                                                           | 55/339 [07:02<38:52,  8.21s/it]
 17%|█████████████████████▏                                                                                                          | 56/339 [07:08<36:00,  7.64s/it]
 17%|█████████████████████▌                                                                                                          | 57/339 [07:15<33:57,  7.22s/it]
 17%|█████████████████████▉                                                                                                          | 58/339 [07:21<32:29,  6.94s/it]
 17%|██████████████████████▎                                                                                                         | 59/339 [07:27<31:27,  6.74s/it]
 18%|██████████████████████▋                                                                                                         | 60/339 [07:34<30:42,  6.60s/it]
                                                                                                                                                                      
{'loss': '0.9776', 'grad_norm': '0.5979', 'learning_rate': '0.000193', 'entropy': '1.048', 'num_tokens': '2.435e+06', 'mean_token_accuracy': '0.7765', 'epoch': '0.531'}

 18%|██████████████████████▋                                                                                                         | 60/339 [07:34<30:42,  6.60s/it]
 18%|███████████████████████                                                                                                         | 61/339 [07:40<30:07,  6.50s/it]
 18%|███████████████████████▍                                                                                                        | 62/339 [07:46<29:42,  6.44s/it]
 19%|███████████████████████▊                                                                                                        | 63/339 [07:52<29:24,  6.39s/it]
 19%|████████████████████████▏                                                                                                       | 64/339 [07:59<29:07,  6.36s/it]
 19%|████████████████████████▌                                                                                                       | 65/339 [08:05<28:56,  6.34s/it]
 19%|████████████████████████▉                                                                                                       | 66/339 [08:11<28:45,  6.32s/it]
 20%|█████████████████████████▎                                                                                                      | 67/339 [08:17<28:34,  6.30s/it]
 20%|█████████████████████████▋                                                                                                      | 68/339 [08:24<28:27,  6.30s/it]
 20%|██████████████████████████                                                                                                      | 69/339 [08:30<28:19,  6.30s/it]
 21%|██████████████████████████▍                                                                                                     | 70/339 [08:36<28:12,  6.29s/it]
                                                                                                                                                                      
{'loss': '0.9098', 'grad_norm': '0.6373', 'learning_rate': '0.000189', 'entropy': '0.9793', 'num_tokens': '2.842e+06', 'mean_token_accuracy': '0.7903', 'epoch': '0.6195'}

 21%|██████████████████████████▍                                                                                                     | 70/339 [08:36<28:12,  6.29s/it]
 21%|██████████████████████████▊                                                                                                     | 71/339 [08:43<28:05,  6.29s/it]
 21%|███████████████████████████▏                                                                                                    | 72/339 [08:49<27:59,  6.29s/it]
 22%|███████████████████████████▌                                                                                                    | 73/339 [08:55<27:51,  6.28s/it]
 22%|███████████████████████████▉                                                                                                    | 74/339 [09:01<27:43,  6.28s/it]
 22%|████████████████████████████▎                                                                                                   | 75/339 [09:08<27:39,  6.29s/it]
 22%|████████████████████████████▋                                                                                                   | 76/339 [09:14<27:32,  6.28s/it]
 23%|█████████████████████████████                                                                                                   | 77/339 [09:20<27:25,  6.28s/it]
 23%|█████████████████████████████▍                                                                                                  | 78/339 [09:27<27:19,  6.28s/it]
 23%|█████████████████████████████▊                                                                                                  | 79/339 [09:33<27:12,  6.28s/it]
 24%|██████████████████████████████▏                                                                                                 | 80/339 [09:39<27:03,  6.27s/it]
                                                                                                                                                                      
{'loss': '0.8593', 'grad_norm': '0.7756', 'learning_rate': '0.000184', 'entropy': '0.9331', 'num_tokens': '3.249e+06', 'mean_token_accuracy': '0.7982', 'epoch': '0.708'}

 24%|██████████████████████████████▏                                                                                                 | 80/339 [09:39<27:03,  6.27s/it]
 24%|██████████████████████████████▌                                                                                                 | 81/339 [09:45<26:58,  6.27s/it]
 24%|██████████████████████████████▉                                                                                                 | 82/339 [09:52<26:51,  6.27s/it]
 24%|███████████████████████████████▎                                                                                                | 83/339 [09:58<26:43,  6.26s/it]
 25%|███████████████████████████████▋                                                                                                | 84/339 [10:04<26:31,  6.24s/it]
 25%|████████████████████████████████                                                                                                | 85/339 [10:10<26:25,  6.24s/it]
 25%|████████████████████████████████▍                                                                                               | 86/339 [10:17<26:19,  6.24s/it]
 26%|████████████████████████████████▊                                                                                               | 87/339 [10:23<26:14,  6.25s/it]
 26%|█████████████████████████████████▏                                                                                              | 88/339 [10:29<26:12,  6.26s/it]
 26%|█████████████████████████████████▌                                                                                              | 89/339 [10:35<26:07,  6.27s/it]
 27%|█████████████████████████████████▉                                                                                              | 90/339 [10:42<26:01,  6.27s/it]
                                                                                                                                                                      
{'loss': '0.8311', 'grad_norm': '0.635', 'learning_rate': '0.0001783', 'entropy': '0.9102', 'num_tokens': '3.655e+06', 'mean_token_accuracy': '0.804', 'epoch': '0.7965'}

 27%|█████████████████████████████████▉                                                                                              | 90/339 [10:42<26:01,  6.27s/it]
 27%|██████████████████████████████████▎                                                                                             | 91/339 [10:48<25:42,  6.22s/it]
 27%|██████████████████████████████████▋                                                                                             | 92/339 [10:54<25:39,  6.23s/it]
 27%|███████████████████████████████████                                                                                             | 93/339 [11:00<25:36,  6.25s/it]
 28%|███████████████████████████████████▍                                                                                            | 94/339 [11:07<25:33,  6.26s/it]
 28%|███████████████████████████████████▊                                                                                            | 95/339 [11:13<25:26,  6.26s/it]
 28%|████████████████████████████████████▏                                                                                           | 96/339 [11:19<25:19,  6.25s/it]
 29%|████████████████████████████████████▋                                                                                           | 97/339 [11:25<25:13,  6.25s/it]
 29%|█████████████████████████████████████                                                                                           | 98/339 [11:32<25:09,  6.26s/it]
 29%|█████████████████████████████████████▍                                                                                          | 99/339 [11:38<25:03,  6.26s/it]
 29%|█████████████████████████████████████▍                                                                                         | 100/339 [11:44<24:58,  6.27s/it]
                                                                                                                                                                      
{'loss': '0.799', 'grad_norm': '0.5852', 'learning_rate': '0.0001718', 'entropy': '0.8779', 'num_tokens': '4.061e+06', 'mean_token_accuracy': '0.8112', 'epoch': '0.885'}

 29%|█████████████████████████████████████▍                                                                                         | 100/339 [11:44<24:58,  6.27s/it]

  0%|                                                                                                                                          | 0/13 [00:00<?, ?it/s][A

 15%|████████████████████                                                                                                              | 2/13 [00:02<00:11,  1.07s/it][A

 23%|██████████████████████████████                                                                                                    | 3/13 [00:04<00:15,  1.52s/it][A

 31%|████████████████████████████████████████                                                                                          | 4/13 [00:06<00:15,  1.75s/it][A

 38%|██████████████████████████████████████████████████                                                                                | 5/13 [00:08<00:15,  1.88s/it][A

 46%|████████████████████████████████████████████████████████████                                                                      | 6/13 [00:10<00:13,  1.96s/it][A

 54%|██████████████████████████████████████████████████████████████████████                                                            | 7/13 [00:12<00:12,  2.01s/it][A

 62%|████████████████████████████████████████████████████████████████████████████████                                                  | 8/13 [00:14<00:10,  2.05s/it][A

 69%|██████████████████████████████████████████████████████████████████████████████████████████                                        | 9/13 [00:17<00:08,  2.08s/it][A

 77%|███████████████████████████████████████████████████████████████████████████████████████████████████▏                             | 10/13 [00:19<00:06,  2.10s/it][A

 85%|█████████████████████████████████████████████████████████████████████████████████████████████████████████████▏                   | 11/13 [00:21<00:04,  2.11s/it][A

 92%|███████████████████████████████████████████████████████████████████████████████████████████████████████████████████████          | 12/13 [00:23<00:02,  2.12s/it][A

100%|█████████████████████████████████████████████████████████████████████████████████████████████████████████████████████████████████| 13/13 [00:24<00:00,  1.89s/it][A
                                                                                                                                                                      

                                                                                                                                                                      
[A{'eval_loss': '0.7426', 'eval_runtime': '27.02', 'eval_samples_per_second': '14.99', 'eval_steps_per_second': '0.481', 'eval_entropy': '0.8165', 'eval_num_tokens': '4.061e+06', 'eval_mean_token_accuracy': '0.8231', 'epoch': '0.885'}

 29%|█████████████████████████████████████▍                                                                                         | 100/339 [12:11<24:58,  6.27s/it]

100%|█████████████████████████████████████████████████████████████████████████████████████████████████████████████████████████████████| 13/13 [00:24<00:00,  1.89s/it][A

                                                                                                                                                                      [A
 30%|█████████████████████████████████████▊                                                                                         | 101/339 [12:17<57:01, 14.38s/it]
 30%|██████████████████████████████████████▏                                                                                        | 102/339 [12:24<47:09, 11.94s/it]
 30%|██████████████████████████████████████▌                                                                                        | 103/339 [12:30<40:17, 10.24s/it]
 31%|██████████████████████████████████████▉                                                                                        | 104/339 [12:36<35:36,  9.09s/it]
 31%|███████████████████████████████████████▎                                                                                       | 105/339 [12:43<32:02,  8.22s/it]
 31%|███████████████████████████████████████▋                                                                                       | 106/339 [12:49<29:38,  7.63s/it]
 32%|████████████████████████████████████████                                                                                       | 107/339 [12:55<27:55,  7.22s/it]
 32%|████████████████████████████████████████▍                                                                                      | 108/339 [13:01<26:30,  6.89s/it]
 32%|████████████████████████████████████████▊                                                                                      | 109/339 [13:07<25:40,  6.70s/it]
 32%|█████████████████████████████████████████▏                                                                                     | 110/339 [13:13<24:44,  6.48s/it]
                                                                                                                                                                      
{'loss': '0.7633', 'grad_norm': '0.7086', 'learning_rate': '0.0001645', 'entropy': '0.8362', 'num_tokens': '4.464e+06', 'mean_token_accuracy': '0.8194', 'epoch': '0.9735'}

 32%|█████████████████████████████████████████▏                                                                                     | 110/339 [13:13<24:44,  6.48s/it]
 33%|█████████████████████████████████████████▌                                                                                     | 111/339 [13:20<24:14,  6.38s/it]
 33%|█████████████████████████████████████████▉                                                                                     | 112/339 [13:26<24:01,  6.35s/it]
 33%|██████████████████████████████████████████▎                                                                                    | 113/339 [13:30<20:53,  5.55s/it]
 34%|██████████████████████████████████████████▋                                                                                    | 114/339 [13:36<21:36,  5.76s/it]
 34%|███████████████████████████████████████████                                                                                    | 115/339 [13:42<22:04,  5.91s/it]
 34%|███████████████████████████████████████████▍                                                                                   | 116/339 [13:48<22:22,  6.02s/it]
 35%|███████████████████████████████████████████▊                                                                                   | 117/339 [13:54<22:22,  6.05s/it]
 35%|████████████████████████████████████████████▏                                                                                  | 118/339 [14:01<22:28,  6.10s/it]
 35%|████████████████████████████████████████████▌                                                                                  | 119/339 [14:07<22:34,  6.16s/it]
 35%|████████████████████████████████████████████▉                                                                                  | 120/339 [14:13<22:36,  6.19s/it]
                                                                                                                                                                      
{'loss': '0.7261', 'grad_norm': '0.5903', 'learning_rate': '0.0001567', 'entropy': '0.8079', 'num_tokens': '4.852e+06', 'mean_token_accuracy': '0.8257', 'epoch': '1.062'}

 35%|████████████████████████████████████████████▉                                                                                  | 120/339 [14:13<22:36,  6.19s/it]
 36%|█████████████████████████████████████████████▎                                                                                 | 121/339 [14:19<22:32,  6.20s/it]
 36%|█████████████████████████████████████████████▋                                                                                 | 122/339 [14:26<22:31,  6.23s/it]
 36%|██████████████████████████████████████████████                                                                                 | 123/339 [14:32<22:29,  6.25s/it]
 37%|██████████████████████████████████████████████▍                                                                                | 124/339 [14:38<22:25,  6.26s/it]
 37%|██████████████████████████████████████████████▊                                                                                | 125/339 [14:45<22:20,  6.26s/it]
 37%|███████████████████████████████████████████████▏                                                                               | 126/339 [14:51<22:15,  6.27s/it]
 37%|███████████████████████████████████████████████▌                                                                               | 127/339 [14:57<22:09,  6.27s/it]
 38%|███████████████████████████████████████████████▉                                                                               | 128/339 [15:03<22:03,  6.27s/it]
 38%|████████████████████████████████████████████████▎                                                                              | 129/339 [15:10<21:57,  6.28s/it]
 38%|████████████████████████████████████████████████▋                                                                              | 130/339 [15:16<21:47,  6.26s/it]
                                                                                                                                                                      
{'loss': '0.6883', 'grad_norm': '0.9105', 'learning_rate': '0.0001483', 'entropy': '0.7694', 'num_tokens': '5.259e+06', 'mean_token_accuracy': '0.8354', 'epoch': '1.15'}

 38%|████████████████████████████████████████████████▋                                                                              | 130/339 [15:16<21:47,  6.26s/it]
 39%|█████████████████████████████████████████████████                                                                              | 131/339 [15:22<21:40,  6.25s/it]
 39%|█████████████████████████████████████████████████▍                                                                             | 132/339 [15:28<21:35,  6.26s/it]
 39%|█████████████████████████████████████████████████▊                                                                             | 133/339 [15:35<21:30,  6.26s/it]
 40%|██████████████████████████████████████████████████▏                                                                            | 134/339 [15:41<21:24,  6.26s/it]
 40%|██████████████████████████████████████████████████▌                                                                            | 135/339 [15:47<21:19,  6.27s/it]
 40%|██████████████████████████████████████████████████▉                                                                            | 136/339 [15:54<21:13,  6.27s/it]
 40%|███████████████████████████████████████████████████▎                                                                           | 137/339 [16:00<21:00,  6.24s/it]
 41%|███████████████████████████████████████████████████▋                                                                           | 138/339 [16:06<20:56,  6.25s/it]
 41%|████████████████████████████████████████████████████                                                                           | 139/339 [16:12<20:51,  6.26s/it]
 41%|████████████████████████████████████████████████████▍                                                                          | 140/339 [16:19<20:46,  6.26s/it]
                                                                                                                                                                      
{'loss': '0.6621', 'grad_norm': '0.5281', 'learning_rate': '0.0001394', 'entropy': '0.7438', 'num_tokens': '5.665e+06', 'mean_token_accuracy': '0.8411', 'epoch': '1.239'}

 41%|████████████████████████████████████████████████████▍                                                                          | 140/339 [16:19<20:46,  6.26s/it]
 42%|████████████████████████████████████████████████████▊                                                                          | 141/339 [16:25<20:39,  6.26s/it]
 42%|█████████████████████████████████████████████████████▏                                                                         | 142/339 [16:31<20:27,  6.23s/it]
 42%|█████████████████████████████████████████████████████▌                                                                         | 143/339 [16:37<20:24,  6.25s/it]
 42%|█████████████████████████████████████████████████████▉                                                                         | 144/339 [16:44<20:20,  6.26s/it]
 43%|██████████████████████████████████████████████████████▎                                                                        | 145/339 [16:50<20:14,  6.26s/it]
 43%|██████████████████████████████████████████████████████▋                                                                        | 146/339 [16:56<20:09,  6.27s/it]
 43%|███████████████████████████████████████████████████████                                                                        | 147/339 [17:02<20:03,  6.27s/it]
 44%|███████████████████████████████████████████████████████▍                                                                       | 148/339 [17:09<19:56,  6.27s/it]
 44%|███████████████████████████████████████████████████████▊                                                                       | 149/339 [17:15<19:51,  6.27s/it]
 44%|████████████████████████████████████████████████████████▏                                                                      | 150/339 [17:21<19:45,  6.27s/it]
                                                                                                                                                                      
{'loss': '0.6505', 'grad_norm': '0.6428', 'learning_rate': '0.0001301', 'entropy': '0.7356', 'num_tokens': '6.071e+06', 'mean_token_accuracy': '0.8431', 'epoch': '1.327'}

 44%|████████████████████████████████████████████████████████▏                                                                      | 150/339 [17:21<19:45,  6.27s/it]

  0%|                                                                                                                                          | 0/13 [00:00<?, ?it/s][A

 15%|████████████████████                                                                                                              | 2/13 [00:02<00:11,  1.07s/it][A

 23%|██████████████████████████████                                                                                                    | 3/13 [00:04<00:15,  1.52s/it][A

 31%|████████████████████████████████████████                                                                                          | 4/13 [00:06<00:15,  1.75s/it][A

 38%|██████████████████████████████████████████████████                                                                                | 5/13 [00:08<00:15,  1.88s/it][A

 46%|████████████████████████████████████████████████████████████                                                                      | 6/13 [00:10<00:13,  1.96s/it][A

 54%|██████████████████████████████████████████████████████████████████████                                                            | 7/13 [00:12<00:12,  2.01s/it][A

 62%|████████████████████████████████████████████████████████████████████████████████                                                  | 8/13 [00:14<00:10,  2.05s/it][A

 69%|██████████████████████████████████████████████████████████████████████████████████████████                                        | 9/13 [00:17<00:08,  2.08s/it][A

 77%|███████████████████████████████████████████████████████████████████████████████████████████████████▏                             | 10/13 [00:19<00:06,  2.10s/it][A

 85%|█████████████████████████████████████████████████████████████████████████████████████████████████████████████▏                   | 11/13 [00:21<00:04,  2.11s/it][A

 92%|███████████████████████████████████████████████████████████████████████████████████████████████████████████████████████          | 12/13 [00:23<00:02,  2.12s/it][A

100%|█████████████████████████████████████████████████████████████████████████████████████████████████████████████████████████████████| 13/13 [00:24<00:00,  1.89s/it][A
                                                                                                                                                                      

                                                                                                                                                                      
[A{'eval_loss': '0.644', 'eval_runtime': '27.02', 'eval_samples_per_second': '14.99', 'eval_steps_per_second': '0.481', 'eval_entropy': '0.7114', 'eval_num_tokens': '6.071e+06', 'eval_mean_token_accuracy': '0.8453', 'epoch': '1.327'}

 44%|████████████████████████████████████████████████████████▏                                                                      | 150/339 [17:48<19:45,  6.27s/it]

100%|█████████████████████████████████████████████████████████████████████████████████████████████████████████████████████████████████| 13/13 [00:24<00:00,  1.89s/it][A

                                                                                                                                                                      [A
 45%|████████████████████████████████████████████████████████▌                                                                      | 151/339 [17:54<45:03, 14.38s/it]
 45%|████████████████████████████████████████████████████████▉                                                                      | 152/339 [18:01<37:14, 11.95s/it]
 45%|█████████████████████████████████████████████████████████▎                                                                     | 153/339 [18:07<31:46, 10.25s/it]
 45%|█████████████████████████████████████████████████████████▋                                                                     | 154/339 [18:13<27:56,  9.06s/it]
 46%|██████████████████████████████████████████████████████████                                                                     | 155/339 [18:20<25:12,  8.22s/it]
 46%|██████████████████████████████████████████████████████████▍                                                                    | 156/339 [18:26<23:07,  7.58s/it]
 46%|██████████████████████████████████████████████████████████▊                                                                    | 157/339 [18:32<21:48,  7.19s/it]
 47%|███████████████████████████████████████████████████████████▏                                                                   | 158/339 [18:38<20:51,  6.91s/it]
 47%|███████████████████████████████████████████████████████████▌                                                                   | 159/339 [18:45<20:10,  6.72s/it]
 47%|███████████████████████████████████████████████████████████▉                                                                   | 160/339 [18:51<19:39,  6.59s/it]
                                                                                                                                                                      
{'loss': '0.6382', 'grad_norm': '0.6101', 'learning_rate': '0.0001206', 'entropy': '0.7197', 'num_tokens': '6.477e+06', 'mean_token_accuracy': '0.8466', 'epoch': '1.416'}

 47%|███████████████████████████████████████████████████████████▉                                                                   | 160/339 [18:51<19:39,  6.59s/it]
 47%|████████████████████████████████████████████████████████████▎                                                                  | 161/339 [18:57<19:07,  6.45s/it]
 48%|████████████████████████████████████████████████████████████▋                                                                  | 162/339 [19:03<18:52,  6.40s/it]
 48%|█████████████████████████████████████████████████████████████                                                                  | 163/339 [19:09<18:39,  6.36s/it]
 48%|█████████████████████████████████████████████████████████████▍                                                                 | 164/339 [19:16<18:30,  6.34s/it]
 49%|█████████████████████████████████████████████████████████████▊                                                                 | 165/339 [19:22<18:15,  6.30s/it]
 49%|██████████████████████████████████████████████████████████████▏                                                                | 166/339 [19:28<18:09,  6.30s/it]
 49%|██████████████████████████████████████████████████████████████▌                                                                | 167/339 [19:34<17:56,  6.26s/it]
 50%|██████████████████████████████████████████████████████████████▉                                                                | 168/339 [19:41<17:50,  6.26s/it]
 50%|███████████████████████████████████████████████████████████████▎                                                               | 169/339 [19:47<17:45,  6.27s/it]
 50%|███████████████████████████████████████████████████████████████▋                                                               | 170/339 [19:53<17:35,  6.25s/it]
                                                                                                                                                                      
{'loss': '0.6254', 'grad_norm': '0.5808', 'learning_rate': '0.0001108', 'entropy': '0.7098', 'num_tokens': '6.881e+06', 'mean_token_accuracy': '0.8495', 'epoch': '1.504'}

 50%|███████████████████████████████████████████████████████████████▋                                                               | 170/339 [19:53<17:35,  6.25s/it]
 50%|████████████████████████████████████████████████████████████████                                                               | 171/339 [19:59<17:31,  6.26s/it]
 51%|████████████████████████████████████████████████████████████████▍                                                              | 172/339 [20:06<17:26,  6.27s/it]
 51%|████████████████████████████████████████████████████████████████▊                                                              | 173/339 [20:12<17:20,  6.27s/it]
 51%|█████████████████████████████████████████████████████████████████▏                                                             | 174/339 [20:18<17:14,  6.27s/it]
 52%|█████████████████████████████████████████████████████████████████▌                                                             | 175/339 [20:25<17:08,  6.27s/it]
 52%|█████████████████████████████████████████████████████████████████▉                                                             | 176/339 [20:31<17:02,  6.27s/it]
 52%|██████████████████████████████████████████████████████████████████▎                                                            | 177/339 [20:37<16:56,  6.28s/it]
 53%|██████████████████████████████████████████████████████████████████▋                                                            | 178/339 [20:43<16:51,  6.28s/it]
 53%|███████████████████████████████████████████████████████████████████                                                            | 179/339 [20:50<16:44,  6.28s/it]
 53%|███████████████████████████████████████████████████████████████████▍                                                           | 180/339 [20:56<16:37,  6.28s/it]
                                                                                                                                                                      
{'loss': '0.6039', 'grad_norm': '0.6611', 'learning_rate': '0.000101', 'entropy': '0.6841', 'num_tokens': '7.289e+06', 'mean_token_accuracy': '0.8534', 'epoch': '1.593'}

 53%|███████████████████████████████████████████████████████████████████▍                                                           | 180/339 [20:56<16:37,  6.28s/it]
 53%|███████████████████████████████████████████████████████████████████▊                                                           | 181/339 [21:02<16:31,  6.28s/it]
 54%|████████████████████████████████████████████████████████████████████▏                                                          | 182/339 [21:09<16:25,  6.28s/it]
 54%|████████████████████████████████████████████████████████████████████▌                                                          | 183/339 [21:15<16:20,  6.28s/it]
 54%|████████████████████████████████████████████████████████████████████▉                                                          | 184/339 [21:21<16:12,  6.28s/it]
 55%|█████████████████████████████████████████████████████████████████████▎                                                         | 185/339 [21:27<15:59,  6.23s/it]
 55%|█████████████████████████████████████████████████████████████████████▋                                                         | 186/339 [21:33<15:53,  6.23s/it]
 55%|██████████████████████████████████████████████████████████████████████                                                         | 187/339 [21:40<15:49,  6.25s/it]
 55%|██████████████████████████████████████████████████████████████████████▍                                                        | 188/339 [21:46<15:44,  6.25s/it]
 56%|██████████████████████████████████████████████████████████████████████▊                                                        | 189/339 [21:52<15:39,  6.26s/it]
 56%|███████████████████████████████████████████████████████████████████████▏                                                       | 190/339 [21:59<15:34,  6.27s/it]
                                                                                                                                                                      
{'loss': '0.6004', 'grad_norm': '0.6304', 'learning_rate': '9.112e-05', 'entropy': '0.6832', 'num_tokens': '7.695e+06', 'mean_token_accuracy': '0.8544', 'epoch': '1.681'}

 56%|███████████████████████████████████████████████████████████████████████▏                                                       | 190/339 [21:59<15:34,  6.27s/it]
 56%|███████████████████████████████████████████████████████████████████████▌                                                       | 191/339 [22:05<15:34,  6.32s/it]
 57%|███████████████████████████████████████████████████████████████████████▉                                                       | 192/339 [22:11<15:26,  6.31s/it]
 57%|████████████████████████████████████████████████████████████████████████▎                                                      | 193/339 [22:17<15:15,  6.27s/it]
 57%|████████████████████████████████████████████████████████████████████████▋                                                      | 194/339 [22:24<15:04,  6.24s/it]
 58%|█████████████████████████████████████████████████████████████████████████                                                      | 195/339 [22:30<15:00,  6.25s/it]
 58%|█████████████████████████████████████████████████████████████████████████▍                                                     | 196/339 [22:36<14:53,  6.25s/it]
 58%|█████████████████████████████████████████████████████████████████████████▊                                                     | 197/339 [22:42<14:48,  6.25s/it]
 58%|██████████████████████████████████████████████████████████████████████████▏                                                    | 198/339 [22:49<14:41,  6.25s/it]
 59%|██████████████████████████████████████████████████████████████████████████▌                                                    | 199/339 [22:55<14:36,  6.26s/it]
 59%|██████████████████████████████████████████████████████████████████████████▉                                                    | 200/339 [23:01<14:32,  6.27s/it]
                                                                                                                                                                      
{'loss': '0.6044', 'grad_norm': '0.5205', 'learning_rate': '8.134e-05', 'entropy': '0.6877', 'num_tokens': '8.101e+06', 'mean_token_accuracy': '0.8546', 'epoch': '1.77'}

 59%|██████████████████████████████████████████████████████████████████████████▉                                                    | 200/339 [23:01<14:32,  6.27s/it]

  0%|                                                                                                                                          | 0/13 [00:00<?, ?it/s][A

 15%|████████████████████                                                                                                              | 2/13 [00:02<00:11,  1.07s/it][A

 23%|██████████████████████████████                                                                                                    | 3/13 [00:04<00:15,  1.52s/it][A

 31%|████████████████████████████████████████                                                                                          | 4/13 [00:06<00:15,  1.75s/it][A

 38%|██████████████████████████████████████████████████                                                                                | 5/13 [00:08<00:15,  1.88s/it][A

 46%|████████████████████████████████████████████████████████████                                                                      | 6/13 [00:10<00:13,  1.96s/it][A

 54%|██████████████████████████████████████████████████████████████████████                                                            | 7/13 [00:12<00:12,  2.01s/it][A

 62%|████████████████████████████████████████████████████████████████████████████████                                                  | 8/13 [00:14<00:10,  2.06s/it][A

 69%|██████████████████████████████████████████████████████████████████████████████████████████                                        | 9/13 [00:17<00:08,  2.08s/it][A

 77%|███████████████████████████████████████████████████████████████████████████████████████████████████▏                             | 10/13 [00:19<00:06,  2.10s/it][A

 85%|█████████████████████████████████████████████████████████████████████████████████████████████████████████████▏                   | 11/13 [00:21<00:04,  2.11s/it][A

 92%|███████████████████████████████████████████████████████████████████████████████████████████████████████████████████████          | 12/13 [00:23<00:02,  2.12s/it][A

100%|█████████████████████████████████████████████████████████████████████████████████████████████████████████████████████████████████| 13/13 [00:24<00:00,  1.89s/it][A
                                                                                                                                                                      

                                                                                                                                                                      
[A{'eval_loss': '0.5881', 'eval_runtime': '27.02', 'eval_samples_per_second': '14.99', 'eval_steps_per_second': '0.481', 'eval_entropy': '0.66', 'eval_num_tokens': '8.101e+06', 'eval_mean_token_accuracy': '0.8584', 'epoch': '1.77'}

 59%|██████████████████████████████████████████████████████████████████████████▉                                                    | 200/339 [23:28<14:32,  6.27s/it]

100%|█████████████████████████████████████████████████████████████████████████████████████████████████████████████████████████████████| 13/13 [00:24<00:00,  1.89s/it][A

                                                                                                                                                                      [A14:52:52 INFO: HTTP Request: HEAD https://huggingface.co/ibm-granite/granite-4.0-h-micro/resolve/main/config.json "HTTP/1.1 307 Temporary Redirect"
14:52:52 INFO: HTTP Request: HEAD https://huggingface.co/api/resolve-cache/models/ibm-granite/granite-4.0-h-micro/d5f01a3ea75f088947be3aae039f4ad52837dfde/config.json "HTTP/1.1 200 OK"
14:52:52 INFO: HTTP Request: HEAD https://huggingface.co/ibm-granite/granite-4.0-h-micro/resolve/main/config.json "HTTP/1.1 307 Temporary Redirect"
14:52:52 INFO: HTTP Request: HEAD https://huggingface.co/api/resolve-cache/models/ibm-granite/granite-4.0-h-micro/d5f01a3ea75f088947be3aae039f4ad52837dfde/config.json "HTTP/1.1 200 OK"

 59%|███████████████████████████████████████████████████████████████████████████▎                                                   | 201/339 [23:35<33:22, 14.51s/it]
 60%|███████████████████████████████████████████████████████████████████████████▋                                                   | 202/339 [23:41<27:29, 12.04s/it]
 60%|████████████████████████████████████████████████████████████████████████████                                                   | 203/339 [23:47<23:16, 10.27s/it]
 60%|████████████████████████████████████████████████████████████████████████████▍                                                  | 204/339 [23:54<20:25,  9.08s/it]
 60%|████████████████████████████████████████████████████████████████████████████▊                                                  | 205/339 [24:00<18:24,  8.24s/it]
 61%|█████████████████████████████████████████████████████████████████████████████▏                                                 | 206/339 [24:06<16:58,  7.66s/it]
 61%|█████████████████████████████████████████████████████████████████████████████▌                                                 | 207/339 [24:13<15:55,  7.24s/it]
 61%|█████████████████████████████████████████████████████████████████████████████▉                                                 | 208/339 [24:19<15:09,  6.94s/it]
 62%|██████████████████████████████████████████████████████████████████████████████▎                                                | 209/339 [24:25<14:35,  6.74s/it]
 62%|██████████████████████████████████████████████████████████████████████████████▋                                                | 210/339 [24:31<14:12,  6.61s/it]
                                                                                                                                                                      
{'loss': '0.5788', 'grad_norm': '0.5586', 'learning_rate': '7.174e-05', 'entropy': '0.6613', 'num_tokens': '8.506e+06', 'mean_token_accuracy': '0.8609', 'epoch': '1.858'}

 62%|██████████████████████████████████████████████████████████████████████████████▋                                                | 210/339 [24:31<14:12,  6.61s/it]
 62%|███████████████████████████████████████████████████████████████████████████████                                                | 211/339 [24:38<13:53,  6.51s/it]
 63%|███████████████████████████████████████████████████████████████████████████████▍                                               | 212/339 [24:44<13:35,  6.42s/it]
 63%|███████████████████████████████████████████████████████████████████████████████▊                                               | 213/339 [24:50<13:23,  6.37s/it]
 63%|████████████████████████████████████████████████████████████████████████████████▏                                              | 214/339 [24:56<13:13,  6.35s/it]
 63%|████████████████████████████████████████████████████████████████████████████████▌                                              | 215/339 [25:03<13:04,  6.32s/it]
 64%|████████████████████████████████████████████████████████████████████████████████▉                                              | 216/339 [25:09<12:56,  6.31s/it]
 64%|█████████████████████████████████████████████████████████████████████████████████▎                                             | 217/339 [25:15<12:49,  6.30s/it]
 64%|█████████████████████████████████████████████████████████████████████████████████▋                                             | 218/339 [25:21<12:42,  6.30s/it]
 65%|██████████████████████████████████████████████████████████████████████████████████                                             | 219/339 [25:27<12:17,  6.15s/it]
 65%|██████████████████████████████████████████████████████████████████████████████████▍                                            | 220/339 [25:34<12:16,  6.19s/it]
                                                                                                                                                                      
{'loss': '0.5771', 'grad_norm': '0.5393', 'learning_rate': '6.242e-05', 'entropy': '0.6619', 'num_tokens': '8.91e+06', 'mean_token_accuracy': '0.8611', 'epoch': '1.947'}

 65%|██████████████████████████████████████████████████████████████████████████████████▍                                            | 220/339 [25:34<12:16,  6.19s/it]
 65%|██████████████████████████████████████████████████████████████████████████████████▊                                            | 221/339 [25:40<12:13,  6.21s/it]
 65%|███████████████████████████████████████████████████████████████████████████████████▏                                           | 222/339 [25:46<12:06,  6.21s/it]
 66%|███████████████████████████████████████████████████████████████████████████████████▌                                           | 223/339 [25:52<12:02,  6.23s/it]
 66%|███████████████████████████████████████████████████████████████████████████████████▉                                           | 224/339 [25:59<11:58,  6.24s/it]
 66%|████████████████████████████████████████████████████████████████████████████████████▎                                          | 225/339 [26:05<11:53,  6.26s/it]
 67%|████████████████████████████████████████████████████████████████████████████████████▋                                          | 226/339 [26:09<10:19,  5.49s/it]
 67%|█████████████████████████████████████████████████████████████████████████████████████                                          | 227/339 [26:15<10:41,  5.73s/it]
 67%|█████████████████████████████████████████████████████████████████████████████████████▍                                         | 228/339 [26:21<10:53,  5.89s/it]
 68%|█████████████████████████████████████████████████████████████████████████████████████▊                                         | 229/339 [26:27<11:01,  6.01s/it]
 68%|██████████████████████████████████████████████████████████████████████████████████████▏                                        | 230/339 [26:34<11:03,  6.09s/it]
                                                                                                                                                                      
{'loss': '0.5448', 'grad_norm': '0.5971', 'learning_rate': '5.346e-05', 'entropy': '0.6295', 'num_tokens': '9.3e+06', 'mean_token_accuracy': '0.8673', 'epoch': '2.035'}

 68%|██████████████████████████████████████████████████████████████████████████████████████▏                                        | 230/339 [26:34<11:03,  6.09s/it]
 68%|██████████████████████████████████████████████████████████████████████████████████████▌                                        | 231/339 [26:40<11:04,  6.15s/it]
 68%|██████████████████████████████████████████████████████████████████████████████████████▉                                        | 232/339 [26:46<11:02,  6.19s/it]
 69%|███████████████████████████████████████████████████████████████████████████████████████▎                                       | 233/339 [26:52<10:56,  6.20s/it]
 69%|███████████████████████████████████████████████████████████████████████████████████████▋                                       | 234/339 [26:59<10:52,  6.22s/it]
 69%|████████████████████████████████████████████████████████████████████████████████████████                                       | 235/339 [27:05<10:46,  6.22s/it]
 70%|████████████████████████████████████████████████████████████████████████████████████████▍                                      | 236/339 [27:11<10:42,  6.24s/it]
 70%|████████████████████████████████████████████████████████████████████████████████████████▊                                      | 237/339 [27:17<10:34,  6.22s/it]
 70%|█████████████████████████████████████████████████████████████████████████████████████████▏                                     | 238/339 [27:24<10:24,  6.18s/it]
 71%|█████████████████████████████████████████████████████████████████████████████████████████▌                                     | 239/339 [27:30<10:21,  6.21s/it]
 71%|█████████████████████████████████████████████████████████████████████████████████████████▉                                     | 240/339 [27:36<10:16,  6.23s/it]
                                                                                                                                                                      
{'loss': '0.5181', 'grad_norm': '0.5531', 'learning_rate': '4.496e-05', 'entropy': '0.6091', 'num_tokens': '9.705e+06', 'mean_token_accuracy': '0.8738', 'epoch': '2.124'}

 71%|█████████████████████████████████████████████████████████████████████████████████████████▉                                     | 240/339 [27:36<10:16,  6.23s/it]
 71%|██████████████████████████████████████████████████████████████████████████████████████████▎                                    | 241/339 [27:42<10:11,  6.24s/it]
 71%|██████████████████████████████████████████████████████████████████████████████████████████▋                                    | 242/339 [27:49<10:06,  6.26s/it]
 72%|███████████████████████████████████████████████████████████████████████████████████████████                                    | 243/339 [27:55<09:57,  6.22s/it]
 72%|███████████████████████████████████████████████████████████████████████████████████████████▍                                   | 244/339 [28:01<09:52,  6.24s/it]
 72%|███████████████████████████████████████████████████████████████████████████████████████████▊                                   | 245/339 [28:07<09:47,  6.25s/it]
 73%|████████████████████████████████████████████████████████████████████████████████████████████▏                                  | 246/339 [28:14<09:42,  6.26s/it]
 73%|████████████████████████████████████████████████████████████████████████████████████████████▌                                  | 247/339 [28:20<09:36,  6.27s/it]
 73%|████████████████████████████████████████████████████████████████████████████████████████████▉                                  | 248/339 [28:26<09:31,  6.28s/it]
 73%|█████████████████████████████████████████████████████████████████████████████████████████████▎                                 | 249/339 [28:32<09:24,  6.27s/it]
 74%|█████████████████████████████████████████████████████████████████████████████████████████████▋                                 | 250/339 [28:39<09:18,  6.27s/it]
                                                                                                                                                                      
{'loss': '0.524', 'grad_norm': '0.5613', 'learning_rate': '3.699e-05', 'entropy': '0.6125', 'num_tokens': '1.011e+07', 'mean_token_accuracy': '0.8733', 'epoch': '2.212'}

 74%|█████████████████████████████████████████████████████████████████████████████████████████████▋                                 | 250/339 [28:39<09:18,  6.27s/it]

  0%|                                                                                                                                          | 0/13 [00:00<?, ?it/s][A

 15%|████████████████████                                                                                                              | 2/13 [00:02<00:11,  1.07s/it][A

 23%|██████████████████████████████                                                                                                    | 3/13 [00:04<00:15,  1.52s/it][A

 31%|████████████████████████████████████████                                                                                          | 4/13 [00:06<00:15,  1.75s/it][A

 38%|██████████████████████████████████████████████████                                                                                | 5/13 [00:08<00:15,  1.88s/it][A

 46%|████████████████████████████████████████████████████████████                                                                      | 6/13 [00:10<00:13,  1.96s/it][A

 54%|██████████████████████████████████████████████████████████████████████                                                            | 7/13 [00:12<00:12,  2.01s/it][A

 62%|████████████████████████████████████████████████████████████████████████████████                                                  | 8/13 [00:14<00:10,  2.06s/it][A

 69%|██████████████████████████████████████████████████████████████████████████████████████████                                        | 9/13 [00:17<00:08,  2.08s/it][A

 77%|███████████████████████████████████████████████████████████████████████████████████████████████████▏                             | 10/13 [00:19<00:06,  2.10s/it][A

 85%|█████████████████████████████████████████████████████████████████████████████████████████████████████████████▏                   | 11/13 [00:21<00:04,  2.11s/it][A

 92%|███████████████████████████████████████████████████████████████████████████████████████████████████████████████████████          | 12/13 [00:23<00:02,  2.12s/it][A

100%|█████████████████████████████████████████████████████████████████████████████████████████████████████████████████████████████████| 13/13 [00:24<00:00,  1.89s/it][A
                                                                                                                                                                      

                                                                                                                                                                      
[A{'eval_loss': '0.5613', 'eval_runtime': '27.03', 'eval_samples_per_second': '14.99', 'eval_steps_per_second': '0.481', 'eval_entropy': '0.6134', 'eval_num_tokens': '1.011e+07', 'eval_mean_token_accuracy': '0.8655', 'epoch': '2.212'}

 74%|█████████████████████████████████████████████████████████████████████████████████████████████▋                                 | 250/339 [29:06<09:18,  6.27s/it]

100%|█████████████████████████████████████████████████████████████████████████████████████████████████████████████████████████████████| 13/13 [00:24<00:00,  1.89s/it][A

                                                                                                                                                                      [A
 74%|██████████████████████████████████████████████████████████████████████████████████████████████                                 | 251/339 [29:12<21:05, 14.38s/it]
 74%|██████████████████████████████████████████████████████████████████████████████████████████████▍                                | 252/339 [29:18<17:20, 11.96s/it]
 75%|██████████████████████████████████████████████████████████████████████████████████████████████▊                                | 253/339 [29:25<14:41, 10.25s/it]
 75%|███████████████████████████████████████████████████████████████████████████████████████████████▏                               | 254/339 [29:31<12:50,  9.06s/it]
 75%|███████████████████████████████████████████████████████████████████████████████████████████████▌                               | 255/339 [29:37<11:30,  8.22s/it]
 76%|███████████████████████████████████████████████████████████████████████████████████████████████▉                               | 256/339 [29:43<10:34,  7.64s/it]
 76%|████████████████████████████████████████████████████████████████████████████████████████████████▎                              | 257/339 [29:50<09:52,  7.23s/it]
 76%|████████████████████████████████████████████████████████████████████████████████████████████████▋                              | 258/339 [29:56<09:22,  6.95s/it]
 76%|█████████████████████████████████████████████████████████████████████████████████████████████████                              | 259/339 [30:02<08:59,  6.74s/it]
 77%|█████████████████████████████████████████████████████████████████████████████████████████████████▍                             | 260/339 [30:09<08:42,  6.61s/it]
                                                                                                                                                                      
{'loss': '0.5073', 'grad_norm': '0.5282', 'learning_rate': '2.964e-05', 'entropy': '0.5917', 'num_tokens': '1.052e+07', 'mean_token_accuracy': '0.8762', 'epoch': '2.301'}

 77%|█████████████████████████████████████████████████████████████████████████████████████████████████▍                             | 260/339 [30:09<08:42,  6.61s/it]
 77%|█████████████████████████████████████████████████████████████████████████████████████████████████▊                             | 261/339 [30:15<08:27,  6.50s/it]
 77%|██████████████████████████████████████████████████████████████████████████████████████████████████▏                            | 262/339 [30:21<08:15,  6.44s/it]
 78%|██████████████████████████████████████████████████████████████████████████████████████████████████▌                            | 263/339 [30:27<08:05,  6.39s/it]
 78%|██████████████████████████████████████████████████████████████████████████████████████████████████▉                            | 264/339 [30:34<07:54,  6.33s/it]
 78%|███████████████████████████████████████████████████████████████████████████████████████████████████▎                           | 265/339 [30:40<07:47,  6.32s/it]
 78%|███████████████████████████████████████████████████████████████████████████████████████████████████▋                           | 266/339 [30:46<07:40,  6.31s/it]
 79%|████████████████████████████████████████████████████████████████████████████████████████████████████                           | 267/339 [30:52<07:33,  6.30s/it]
 79%|████████████████████████████████████████████████████████████████████████████████████████████████████▍                          | 268/339 [30:59<07:27,  6.30s/it]
 79%|████████████████████████████████████████████████████████████████████████████████████████████████████▊                          | 269/339 [31:05<07:20,  6.30s/it]
 80%|█████████████████████████████████████████████████████████████████████████████████████████████████████▏                         | 270/339 [31:11<07:15,  6.31s/it]
                                                                                                                                                                      
{'loss': '0.4989', 'grad_norm': '0.5332', 'learning_rate': '2.297e-05', 'entropy': '0.585', 'num_tokens': '1.093e+07', 'mean_token_accuracy': '0.8787', 'epoch': '2.389'}

 80%|█████████████████████████████████████████████████████████████████████████████████████████████████████▏                         | 270/339 [31:11<07:15,  6.31s/it]
 80%|█████████████████████████████████████████████████████████████████████████████████████████████████████▌                         | 271/339 [31:18<07:08,  6.30s/it]
 80%|█████████████████████████████████████████████████████████████████████████████████████████████████████▉                         | 272/339 [31:24<06:58,  6.24s/it]
 81%|██████████████████████████████████████████████████████████████████████████████████████████████████████▎                        | 273/339 [31:30<06:53,  6.26s/it]
 81%|██████████████████████████████████████████████████████████████████████████████████████████████████████▋                        | 274/339 [31:36<06:47,  6.27s/it]
 81%|███████████████████████████████████████████████████████████████████████████████████████████████████████                        | 275/339 [31:43<06:41,  6.27s/it]
 81%|███████████████████████████████████████████████████████████████████████████████████████████████████████▍                       | 276/339 [31:49<06:35,  6.27s/it]
 82%|███████████████████████████████████████████████████████████████████████████████████████████████████████▊                       | 277/339 [31:55<06:27,  6.25s/it]
 82%|████████████████████████████████████████████████████████████████████████████████████████████████████████▏                      | 278/339 [32:01<06:21,  6.25s/it]
 82%|████████████████████████████████████████████████████████████████████████████████████████████████████████▌                      | 279/339 [32:08<06:15,  6.26s/it]
 83%|████████████████████████████████████████████████████████████████████████████████████████████████████████▉                      | 280/339 [32:14<06:09,  6.27s/it]
                                                                                                                                                                      
{'loss': '0.5221', 'grad_norm': '0.5428', 'learning_rate': '1.706e-05', 'entropy': '0.6073', 'num_tokens': '1.133e+07', 'mean_token_accuracy': '0.8725', 'epoch': '2.478'}

 83%|████████████████████████████████████████████████████████████████████████████████████████████████████████▉                      | 280/339 [32:14<06:09,  6.27s/it]
 83%|█████████████████████████████████████████████████████████████████████████████████████████████████████████▎                     | 281/339 [32:20<06:03,  6.27s/it]
 83%|█████████████████████████████████████████████████████████████████████████████████████████████████████████▋                     | 282/339 [32:27<05:57,  6.28s/it]
 83%|██████████████████████████████████████████████████████████████████████████████████████████████████████████                     | 283/339 [32:33<05:50,  6.25s/it]
 84%|██████████████████████████████████████████████████████████████████████████████████████████████████████████▍                    | 284/339 [32:39<05:44,  6.26s/it]
 84%|██████████████████████████████████████████████████████████████████████████████████████████████████████████▊                    | 285/339 [32:45<05:36,  6.23s/it]
 84%|███████████████████████████████████████████████████████████████████████████████████████████████████████████▏                   | 286/339 [32:51<05:31,  6.25s/it]
 85%|███████████████████████████████████████████████████████████████████████████████████████████████████████████▌                   | 287/339 [32:58<05:25,  6.26s/it]
 85%|███████████████████████████████████████████████████████████████████████████████████████████████████████████▉                   | 288/339 [33:04<05:17,  6.23s/it]
 85%|████████████████████████████████████████████████████████████████████████████████████████████████████████████▎                  | 289/339 [33:10<05:12,  6.25s/it]
 86%|████████████████████████████████████████████████████████████████████████████████████████████████████████████▋                  | 290/339 [33:16<05:06,  6.25s/it]
                                                                                                                                                                      
{'loss': '0.5017', 'grad_norm': '0.5629', 'learning_rate': '1.195e-05', 'entropy': '0.5875', 'num_tokens': '1.174e+07', 'mean_token_accuracy': '0.8783', 'epoch': '2.566'}

 86%|████████████████████████████████████████████████████████████████████████████████████████████████████████████▋                  | 290/339 [33:16<05:06,  6.25s/it]
 86%|█████████████████████████████████████████████████████████████████████████████████████████████████████████████                  | 291/339 [33:23<04:58,  6.22s/it]
 86%|█████████████████████████████████████████████████████████████████████████████████████████████████████████████▍                 | 292/339 [33:29<04:53,  6.24s/it]
 86%|█████████████████████████████████████████████████████████████████████████████████████████████████████████████▊                 | 293/339 [33:35<04:47,  6.24s/it]
 87%|██████████████████████████████████████████████████████████████████████████████████████████████████████████████▏                | 294/339 [33:41<04:41,  6.26s/it]
 87%|██████████████████████████████████████████████████████████████████████████████████████████████████████████████▌                | 295/339 [33:48<04:35,  6.27s/it]
 87%|██████████████████████████████████████████████████████████████████████████████████████████████████████████████▉                | 296/339 [33:54<04:27,  6.22s/it]
 88%|███████████████████████████████████████████████████████████████████████████████████████████████████████████████▎               | 297/339 [34:00<04:22,  6.24s/it]
 88%|███████████████████████████████████████████████████████████████████████████████████████████████████████████████▋               | 298/339 [34:06<04:15,  6.23s/it]
 88%|████████████████████████████████████████████████████████████████████████████████████████████████████████████████               | 299/339 [34:13<04:09,  6.24s/it]
 88%|████████████████████████████████████████████████████████████████████████████████████████████████████████████████▍              | 300/339 [34:19<04:03,  6.25s/it]
                                                                                                                                                                      
{'loss': '0.5133', 'grad_norm': '0.5845', 'learning_rate': '7.707e-06', 'entropy': '0.6015', 'num_tokens': '1.214e+07', 'mean_token_accuracy': '0.876', 'epoch': '2.655'}

 88%|████████████████████████████████████████████████████████████████████████████████████████████████████████████████▍              | 300/339 [34:19<04:03,  6.25s/it]

  0%|                                                                                                                                          | 0/13 [00:00<?, ?it/s][A

 15%|████████████████████                                                                                                              | 2/13 [00:02<00:11,  1.07s/it][A

 23%|██████████████████████████████                                                                                                    | 3/13 [00:04<00:15,  1.52s/it][A

 31%|████████████████████████████████████████                                                                                          | 4/13 [00:06<00:15,  1.75s/it][A

 38%|██████████████████████████████████████████████████                                                                                | 5/13 [00:08<00:15,  1.88s/it][A

 46%|████████████████████████████████████████████████████████████                                                                      | 6/13 [00:10<00:13,  1.96s/it][A

 54%|██████████████████████████████████████████████████████████████████████                                                            | 7/13 [00:12<00:12,  2.01s/it][A

 62%|████████████████████████████████████████████████████████████████████████████████                                                  | 8/13 [00:14<00:10,  2.05s/it][A

 69%|██████████████████████████████████████████████████████████████████████████████████████████                                        | 9/13 [00:17<00:08,  2.08s/it][A

 77%|███████████████████████████████████████████████████████████████████████████████████████████████████▏                             | 10/13 [00:19<00:06,  2.10s/it][A

 85%|█████████████████████████████████████████████████████████████████████████████████████████████████████████████▏                   | 11/13 [00:21<00:04,  2.11s/it][A

 92%|███████████████████████████████████████████████████████████████████████████████████████████████████████████████████████          | 12/13 [00:23<00:02,  2.12s/it][A

100%|█████████████████████████████████████████████████████████████████████████████████████████████████████████████████████████████████| 13/13 [00:24<00:00,  1.89s/it][A
                                                                                                                                                                      

                                                                                                                                                                      
[A{'eval_loss': '0.5493', 'eval_runtime': '27.02', 'eval_samples_per_second': '14.99', 'eval_steps_per_second': '0.481', 'eval_entropy': '0.6069', 'eval_num_tokens': '1.214e+07', 'eval_mean_token_accuracy': '0.8684', 'epoch': '2.655'}

 88%|████████████████████████████████████████████████████████████████████████████████████████████████████████████████▍              | 300/339 [34:46<04:03,  6.25s/it]

100%|█████████████████████████████████████████████████████████████████████████████████████████████████████████████████████████████████| 13/13 [00:24<00:00,  1.89s/it][A

                                                                                                                                                                      [A
 89%|████████████████████████████████████████████████████████████████████████████████████████████████████████████████▊              | 301/339 [34:52<09:05, 14.35s/it]
 89%|█████████████████████████████████████████████████████████████████████████████████████████████████████████████████▏             | 302/339 [34:58<07:21, 11.93s/it]
 89%|█████████████████████████████████████████████████████████████████████████████████████████████████████████████████▌             | 303/339 [35:05<06:08, 10.23s/it]
 90%|█████████████████████████████████████████████████████████████████████████████████████████████████████████████████▉             | 304/339 [35:11<05:16,  9.04s/it]
 90%|██████████████████████████████████████████████████████████████████████████████████████████████████████████████████▎            | 305/339 [35:17<04:39,  8.21s/it]
 90%|██████████████████████████████████████████████████████████████████████████████████████████████████████████████████▋            | 306/339 [35:23<04:11,  7.63s/it]
 91%|███████████████████████████████████████████████████████████████████████████████████████████████████████████████████            | 307/339 [35:30<03:49,  7.19s/it]
 91%|███████████████████████████████████████████████████████████████████████████████████████████████████████████████████▍           | 308/339 [35:36<03:34,  6.92s/it]
 91%|███████████████████████████████████████████████████████████████████████████████████████████████████████████████████▊           | 309/339 [35:42<03:21,  6.72s/it]
 91%|████████████████████████████████████████████████████████████████████████████████████████████████████████████████████▏          | 310/339 [35:48<03:11,  6.59s/it]
                                                                                                                                                                      
{'loss': '0.5078', 'grad_norm': '0.5604', 'learning_rate': '4.36e-06', 'entropy': '0.5968', 'num_tokens': '1.255e+07', 'mean_token_accuracy': '0.8763', 'epoch': '2.743'}

 91%|████████████████████████████████████████████████████████████████████████████████████████████████████████████████████▏          | 310/339 [35:48<03:11,  6.59s/it]
 92%|████████████████████████████████████████████████████████████████████████████████████████████████████████████████████▌          | 311/339 [35:55<03:01,  6.49s/it]
 92%|████████████████████████████████████████████████████████████████████████████████████████████████████████████████████▉          | 312/339 [36:01<02:53,  6.44s/it]
 92%|█████████████████████████████████████████████████████████████████████████████████████████████████████████████████████▎         | 313/339 [36:07<02:45,  6.38s/it]
 93%|█████████████████████████████████████████████████████████████████████████████████████████████████████████████████████▋         | 314/339 [36:14<02:38,  6.35s/it]
 93%|██████████████████████████████████████████████████████████████████████████████████████████████████████████████████████         | 315/339 [36:20<02:32,  6.33s/it]
 93%|██████████████████████████████████████████████████████████████████████████████████████████████████████████████████████▍        | 316/339 [36:26<02:25,  6.32s/it]
 94%|██████████████████████████████████████████████████████████████████████████████████████████████████████████████████████▊        | 317/339 [36:32<02:18,  6.31s/it]
 94%|███████████████████████████████████████████████████████████████████████████████████████████████████████████████████████▏       | 318/339 [36:39<02:12,  6.30s/it]
 94%|███████████████████████████████████████████████████████████████████████████████████████████████████████████████████████▌       | 319/339 [36:45<02:05,  6.30s/it]
 94%|███████████████████████████████████████████████████████████████████████████████████████████████████████████████████████▉       | 320/339 [36:51<01:58,  6.25s/it]
                                                                                                                                                                      
{'loss': '0.5115', 'grad_norm': '0.502', 'learning_rate': '1.946e-06', 'entropy': '0.5955', 'num_tokens': '1.295e+07', 'mean_token_accuracy': '0.8755', 'epoch': '2.832'}

 94%|███████████████████████████████████████████████████████████████████████████████████████████████████████████████████████▉       | 320/339 [36:51<01:58,  6.25s/it]
 95%|████████████████████████████████████████████████████████████████████████████████████████████████████████████████████████▎      | 321/339 [36:57<01:51,  6.21s/it]
 95%|████████████████████████████████████████████████████████████████████████████████████████████████████████████████████████▋      | 322/339 [37:03<01:45,  6.22s/it]
 95%|█████████████████████████████████████████████████████████████████████████████████████████████████████████████████████████      | 323/339 [37:10<01:39,  6.21s/it]
 96%|█████████████████████████████████████████████████████████████████████████████████████████████████████████████████████████▍     | 324/339 [37:16<01:33,  6.23s/it]
 96%|█████████████████████████████████████████████████████████████████████████████████████████████████████████████████████████▊     | 325/339 [37:22<01:27,  6.24s/it]
 96%|██████████████████████████████████████████████████████████████████████████████████████████████████████████████████████████▏    | 326/339 [37:28<01:21,  6.25s/it]
 96%|██████████████████████████████████████████████████████████████████████████████████████████████████████████████████████████▌    | 327/339 [37:35<01:15,  6.25s/it]
 97%|██████████████████████████████████████████████████████████████████████████████████████████████████████████████████████████▉    | 328/339 [37:41<01:08,  6.26s/it]
 97%|███████████████████████████████████████████████████████████████████████████████████████████████████████████████████████████▎   | 329/339 [37:47<01:02,  6.26s/it]
 97%|███████████████████████████████████████████████████████████████████████████████████████████████████████████████████████████▋   | 330/339 [37:54<00:56,  6.27s/it]
                                                                                                                                                                      
{'loss': '0.5141', 'grad_norm': '0.5525', 'learning_rate': '4.876e-07', 'entropy': '0.6039', 'num_tokens': '1.336e+07', 'mean_token_accuracy': '0.875', 'epoch': '2.92'}

 97%|███████████████████████████████████████████████████████████████████████████████████████████████████████████████████████████▋   | 330/339 [37:54<00:56,  6.27s/it]
 98%|████████████████████████████████████████████████████████████████████████████████████████████████████████████████████████████   | 331/339 [38:00<00:50,  6.27s/it]
 98%|████████████████████████████████████████████████████████████████████████████████████████████████████████████████████████████▍  | 332/339 [38:06<00:43,  6.26s/it]
 98%|████████████████████████████████████████████████████████████████████████████████████████████████████████████████████████████▊  | 333/339 [38:12<00:37,  6.27s/it]
 99%|█████████████████████████████████████████████████████████████████████████████████████████████████████████████████████████████▏ | 334/339 [38:19<00:31,  6.27s/it]
 99%|█████████████████████████████████████████████████████████████████████████████████████████████████████████████████████████████▌ | 335/339 [38:25<00:25,  6.28s/it]
 99%|█████████████████████████████████████████████████████████████████████████████████████████████████████████████████████████████▉ | 336/339 [38:31<00:18,  6.28s/it]
 99%|██████████████████████████████████████████████████████████████████████████████████████████████████████████████████████████████▎| 337/339 [38:38<00:12,  6.28s/it]
100%|██████████████████████████████████████████████████████████████████████████████████████████████████████████████████████████████▋| 338/339 [38:44<00:06,  6.27s/it]
100%|███████████████████████████████████████████████████████████████████████████████████████████████████████████████████████████████| 339/339 [38:47<00:00,  5.42s/it]15:08:11 INFO: HTTP Request: HEAD https://huggingface.co/ibm-granite/granite-4.0-h-micro/resolve/main/config.json "HTTP/1.1 307 Temporary Redirect"
15:08:11 INFO: HTTP Request: HEAD https://huggingface.co/api/resolve-cache/models/ibm-granite/granite-4.0-h-micro/d5f01a3ea75f088947be3aae039f4ad52837dfde/config.json "HTTP/1.1 200 OK"
15:08:11 INFO: HTTP Request: HEAD https://huggingface.co/ibm-granite/granite-4.0-h-micro/resolve/main/config.json "HTTP/1.1 307 Temporary Redirect"
15:08:11 INFO: HTTP Request: HEAD https://huggingface.co/api/resolve-cache/models/ibm-granite/granite-4.0-h-micro/d5f01a3ea75f088947be3aae039f4ad52837dfde/config.json "HTTP/1.1 200 OK"

                                                                                                                                                                      
{'train_runtime': '2328', 'train_samples_per_second': '4.643', 'train_steps_per_second': '0.146', 'train_loss': '0.7902', 'epoch': '3'}

100%|███████████████████████████████████████████████████████████████████████████████████████████████████████████████████████████████| 339/339 [38:48<00:00,  5.42s/it]
100%|███████████████████████████████████████████████████████████████████████████████████████████████████████████████████████████████| 339/339 [38:48<00:00,  6.87s/it]

--- SSM Parameter Snapshot (after) ---
  base_model.model.model.layers.0.mamba.A_log: mean=0.098678, std=0.206983, min=-0.652344, max=0.601562
  base_model.model.model.layers.0.mamba.D: mean=0.044073, std=0.024440, min=-0.071777, max=0.075195
  base_model.model.model.layers.0.mamba.dt_bias: mean=-4.106201, std=2.611501, min=-11.437500, max=4.312500
  base_model.model.model.layers.1.mamba.A_log: mean=-0.020698, std=0.108445, min=-0.213867, max=0.480469
  base_model.model.model.layers.1.mamba.D: mean=0.044138, std=0.032451, min=0.002884, max=0.171875
  base_model.model.model.layers.1.mamba.dt_bias: mean=-0.994232, std=0.723481, min=-3.843750, max=0.718750
  base_model.model.model.layers.2.mamba.A_log: mean=0.014703, std=0.082484, min=-0.214844, max=0.211914
  base_model.model.model.layers.2.mamba.D: mean=0.024573, std=0.007909, min=0.007080, max=0.052979
  base_model.model.model.layers.2.mamba.dt_bias: mean=-6.320312, std=1.822878, min=-13.312500, max=-1.468750

============================================================
SSM Core Parameter Delta (Before vs After Training)
============================================================

  base_model.model.model.layers.0.mamba.A_log:
    before: mean=0.098756, std=0.206946
    after:  mean=0.098678, std=0.206983
    delta:  mean=0.00034523, max=0.00317383, changed=18.8%  [UPDATED ✓]

  base_model.model.model.layers.0.mamba.D:
    before: mean=0.044150, std=0.024491
    after:  mean=0.044073, std=0.024440
    delta:  mean=0.00076485, max=0.00341797, changed=43.8%  [UPDATED ✓]

  base_model.model.model.layers.0.mamba.dt_bias:
    before: mean=-4.106201, std=2.611501
    after:  mean=-4.106201, std=2.611501
    delta:  mean=0.00000000, max=0.00000000, changed=0.0%  [UNCHANGED ✗]

  base_model.model.model.layers.1.mamba.A_log:
    before: mean=-0.020718, std=0.108430
    after:  mean=-0.020698, std=0.108445
    delta:  mean=0.00045300, max=0.00341797, changed=31.2%  [UPDATED ✓]

  base_model.model.model.layers.1.mamba.D:
    before: mean=0.044446, std=0.032388
    after:  mean=0.044138, std=0.032451
    delta:  mean=0.00102693, max=0.00378418, changed=65.6%  [UPDATED ✓]

  base_model.model.model.layers.1.mamba.dt_bias:
    before: mean=-0.994232, std=0.723481
    after:  mean=-0.994232, std=0.723481
    delta:  mean=0.00000000, max=0.00000000, changed=0.0%  [UNCHANGED ✗]

  base_model.model.model.layers.2.mamba.A_log:
    before: mean=0.014685, std=0.082281
    after:  mean=0.014703, std=0.082484
    delta:  mean=0.00114077, max=0.01019287, changed=48.4%  [UPDATED ✓]

  base_model.model.model.layers.2.mamba.D:
    before: mean=0.024451, std=0.007436
    after:  mean=0.024573, std=0.007909
    delta:  mean=0.00150728, max=0.00537109, changed=92.2%  [UPDATED ✓]

  base_model.model.model.layers.2.mamba.dt_bias:
    before: mean=-6.320312, std=1.822878
    after:  mean=-6.320312, std=1.822878
    delta:  mean=0.00000000, max=0.00000000, changed=0.0%  [UNCHANGED ✗]

------------------------------------------------------------
RESULT: SSM core parameters UPDATED during training ✓
The model's state transition dynamics were domain-adapted.
============================================================

Saved to: /workspace/output_v4/assessos-classification-20260228_142905/ssm_parameter_delta.txt
15:08:11 INFO: Saved 108 SSM core params to /workspace/output_v4/assessos-classification-20260228_142905/final/ssm_core_params.pt (6,912 values)
15:08:11 INFO: HTTP Request: HEAD https://huggingface.co/ibm-granite/granite-4.0-h-micro/resolve/main/config.json "HTTP/1.1 307 Temporary Redirect"
15:08:11 INFO: HTTP Request: HEAD https://huggingface.co/api/resolve-cache/models/ibm-granite/granite-4.0-h-micro/d5f01a3ea75f088947be3aae039f4ad52837dfde/config.json "HTTP/1.1 200 OK"
15:08:11 INFO: HTTP Request: HEAD https://huggingface.co/ibm-granite/granite-4.0-h-micro/resolve/main/config.json "HTTP/1.1 307 Temporary Redirect"
15:08:11 INFO: HTTP Request: HEAD https://huggingface.co/api/resolve-cache/models/ibm-granite/granite-4.0-h-micro/d5f01a3ea75f088947be3aae039f4ad52837dfde/config.json "HTTP/1.1 200 OK"
15:08:12 INFO: Saved LoRA adapter to /workspace/output_v4/assessos-classification-20260228_142905/final

  0%|                                                                                                                                          | 0/13 [00:00<?, ?it/s]
 15%|████████████████████                                                                                                              | 2/13 [00:02<00:11,  1.07s/it]
 23%|██████████████████████████████                                                                                                    | 3/13 [00:04<00:15,  1.52s/it]
 31%|████████████████████████████████████████                                                                                          | 4/13 [00:06<00:15,  1.75s/it]
 38%|██████████████████████████████████████████████████                                                                                | 5/13 [00:08<00:15,  1.88s/it]
 46%|████████████████████████████████████████████████████████████                                                                      | 6/13 [00:10<00:13,  1.96s/it]
 54%|██████████████████████████████████████████████████████████████████████                                                            | 7/13 [00:12<00:12,  2.01s/it]
 62%|████████████████████████████████████████████████████████████████████████████████                                                  | 8/13 [00:14<00:10,  2.05s/it]
 69%|██████████████████████████████████████████████████████████████████████████████████████████                                        | 9/13 [00:17<00:08,  2.08s/it]
 77%|███████████████████████████████████████████████████████████████████████████████████████████████████▏                             | 10/13 [00:19<00:06,  2.10s/it]
 85%|█████████████████████████████████████████████████████████████████████████████████████████████████████████████▏                   | 11/13 [00:21<00:04,  2.11s/it]
 92%|███████████████████████████████████████████████████████████████████████████████████████████████████████████████████████          | 12/13 [00:23<00:02,  2.12s/it]
100%|█████████████████████████████████████████████████████████████████████████████████████████████████████████████████████████████████| 13/13 [00:24<00:00,  1.89s/it]
100%|█████████████████████████████████████████████████████████████████████████████████████████████████████████████████████████████████| 13/13 [00:24<00:00,  1.91s/it]
15:08:39 INFO: Eval loss: 0.5880575180053711
15:08:39 INFO: Task 'classification' training complete!
15:08:39 INFO: 
============================================================
15:08:39 INFO: Training LoRA adapter: mapping
15:08:39 INFO: ============================================================
15:08:39 ERROR: Training data not found: /workspace/mapping_training.jsonl
15:08:39 ERROR: Run the synth pipeline first (Phase 2)
15:08:39 INFO: 
============================================================
15:08:39 INFO: Training LoRA adapter: rule_generation
15:08:39 INFO: ============================================================
15:08:39 INFO: Loaded 9165 training examples for task 'rule_generation'
15:08:39 INFO: Train: 8248, Eval: 917
Loading model: ibm-granite/granite-4.0-h-micro
15:08:39 INFO: HTTP Request: HEAD https://huggingface.co/ibm-granite/granite-4.0-h-micro/resolve/main/config.json "HTTP/1.1 307 Temporary Redirect"
15:08:39 INFO: HTTP Request: HEAD https://huggingface.co/api/resolve-cache/models/ibm-granite/granite-4.0-h-micro/d5f01a3ea75f088947be3aae039f4ad52837dfde/config.json "HTTP/1.1 200 OK"
15:08:39 INFO: HTTP Request: HEAD https://huggingface.co/ibm-granite/granite-4.0-h-micro/resolve/main/config.json "HTTP/1.1 307 Temporary Redirect"
15:08:39 INFO: HTTP Request: HEAD https://huggingface.co/api/resolve-cache/models/ibm-granite/granite-4.0-h-micro/d5f01a3ea75f088947be3aae039f4ad52837dfde/config.json "HTTP/1.1 200 OK"

Loading weights:   0%|                                                                                                                        | 0/466 [00:00<?, ?it/s]
Loading weights:   0%|▏                                                             | 1/466 [00:00<00:00, 50533.78it/s, Materializing param=model.embed_tokens.weight]
Loading weights:   0%|▏                                                             | 1/466 [00:00<00:00, 13797.05it/s, Materializing param=model.embed_tokens.weight]
Loading weights:   0%|▏                                                    | 2/466 [00:00<00:08, 52.22it/s, Materializing param=model.layers.0.input_layernorm.weight]
Loading weights:   0%|▏                                                    | 2/466 [00:00<00:08, 51.66it/s, Materializing param=model.layers.0.input_layernorm.weight]
Loading weights:   1%|▍                                                               | 3/466 [00:00<00:05, 77.34it/s, Materializing param=model.layers.0.mamba.A_log]
Loading weights:   1%|▍                                                               | 3/466 [00:00<00:05, 77.26it/s, Materializing param=model.layers.0.mamba.A_log]
Loading weights:   1%|▌                                                                  | 4/466 [00:00<00:04, 102.86it/s, Materializing param=model.layers.0.mamba.D]
Loading weights:   1%|▌                                                                  | 4/466 [00:00<00:04, 102.78it/s, Materializing param=model.layers.0.mamba.D]
Loading weights:   1%|▌                                                        | 5/466 [00:00<00:03, 128.00it/s, Materializing param=model.layers.0.mamba.conv1d.bias]
Loading weights:   1%|▌                                                        | 5/466 [00:00<00:03, 127.89it/s, Materializing param=model.layers.0.mamba.conv1d.bias]
Loading weights:   1%|▋                                                      | 6/466 [00:00<00:03, 153.27it/s, Materializing param=model.layers.0.mamba.conv1d.weight]
Loading weights:   1%|▋                                                      | 6/466 [00:00<00:03, 153.15it/s, Materializing param=model.layers.0.mamba.conv1d.weight]
Loading weights:   2%|▉                                                            | 7/466 [00:00<00:02, 178.44it/s, Materializing param=model.layers.0.mamba.dt_bias]
Loading weights:   2%|▉                                                            | 7/466 [00:00<00:02, 178.30it/s, Materializing param=model.layers.0.mamba.dt_bias]
Loading weights:   2%|▉                                                     | 8/466 [00:00<00:02, 203.51it/s, Materializing param=model.layers.0.mamba.in_proj.weight]
Loading weights:   2%|▉                                                     | 8/466 [00:00<00:02, 203.35it/s, Materializing param=model.layers.0.mamba.in_proj.weight]
Loading weights:   2%|█                                                        | 9/466 [00:00<00:02, 208.41it/s, Materializing param=model.layers.0.mamba.norm.weight]
Loading weights:   2%|█                                                        | 9/466 [00:00<00:02, 208.23it/s, Materializing param=model.layers.0.mamba.norm.weight]
Loading weights:   2%|█                                                   | 10/466 [00:00<00:02, 218.91it/s, Materializing param=model.layers.0.mamba.out_proj.weight]
Loading weights:   2%|█                                                   | 10/466 [00:00<00:02, 218.64it/s, Materializing param=model.layers.0.mamba.out_proj.weight]
Loading weights:   2%|▉                                         | 11/466 [00:00<00:01, 240.16it/s, Materializing param=model.layers.0.post_attention_layernorm.weight]
Loading weights:   2%|▉                                         | 11/466 [00:00<00:01, 239.97it/s, Materializing param=model.layers.0.post_attention_layernorm.weight]
Loading weights:   3%|█                                          | 12/466 [00:00<00:01, 261.47it/s, Materializing param=model.layers.0.shared_mlp.input_linear.weight]
Loading weights:   3%|█                                          | 12/466 [00:00<00:01, 261.28it/s, Materializing param=model.layers.0.shared_mlp.input_linear.weight]
Loading weights:   3%|█▏                                        | 13/466 [00:00<00:01, 250.83it/s, Materializing param=model.layers.0.shared_mlp.output_linear.weight]
Loading weights:   3%|█▏                                        | 13/466 [00:00<00:01, 250.61it/s, Materializing param=model.layers.0.shared_mlp.output_linear.weight]
Loading weights:   3%|█▌                                                 | 14/466 [00:00<00:01, 248.52it/s, Materializing param=model.layers.1.input_layernorm.weight]
Loading weights:   3%|█▌                                                 | 14/466 [00:00<00:01, 247.76it/s, Materializing param=model.layers.1.input_layernorm.weight]
Loading weights:   3%|█▉                                                            | 15/466 [00:00<00:01, 264.40it/s, Materializing param=model.layers.1.mamba.A_log]
Loading weights:   3%|█▉                                                            | 15/466 [00:00<00:01, 264.23it/s, Materializing param=model.layers.1.mamba.A_log]
Loading weights:   3%|██▎                                                               | 16/466 [00:00<00:01, 281.57it/s, Materializing param=model.layers.1.mamba.D]
Loading weights:   3%|██▎                                                               | 16/466 [00:00<00:01, 281.41it/s, Materializing param=model.layers.1.mamba.D]
Loading weights:   4%|██                                                      | 17/466 [00:00<00:01, 298.30it/s, Materializing param=model.layers.1.mamba.conv1d.bias]
Loading weights:   4%|██                                                      | 17/466 [00:00<00:01, 298.12it/s, Materializing param=model.layers.1.mamba.conv1d.bias]
Loading weights:   4%|██                                                    | 18/466 [00:00<00:01, 315.37it/s, Materializing param=model.layers.1.mamba.conv1d.weight]
Loading weights:   4%|██                                                    | 18/466 [00:00<00:01, 315.19it/s, Materializing param=model.layers.1.mamba.conv1d.weight]
Loading weights:   4%|██▍                                                         | 19/466 [00:00<00:01, 331.66it/s, Materializing param=model.layers.1.mamba.dt_bias]
Loading weights:   4%|██▍                                                         | 19/466 [00:00<00:01, 331.46it/s, Materializing param=model.layers.1.mamba.dt_bias]
Loading weights:   4%|██▎                                                  | 20/466 [00:00<00:01, 348.59it/s, Materializing param=model.layers.1.mamba.in_proj.weight]
Loading weights:   4%|██▎                                                  | 20/466 [00:00<00:01, 348.40it/s, Materializing param=model.layers.1.mamba.in_proj.weight]
Loading weights:   5%|██▌                                                     | 21/466 [00:00<00:01, 339.13it/s, Materializing param=model.layers.1.mamba.norm.weight]
Loading weights:   5%|██▌                                                     | 21/466 [00:00<00:01, 338.94it/s, Materializing param=model.layers.1.mamba.norm.weight]
Loading weights:   5%|██▍                                                 | 22/466 [00:00<00:01, 354.30it/s, Materializing param=model.layers.1.mamba.out_proj.weight]
Loading weights:   5%|██▍                                                 | 22/466 [00:00<00:01, 354.11it/s, Materializing param=model.layers.1.mamba.out_proj.weight]
Loading weights:   5%|██                                        | 23/466 [00:00<00:01, 357.42it/s, Materializing param=model.layers.1.post_attention_layernorm.weight]
Loading weights:   5%|██                                        | 23/466 [00:00<00:01, 357.12it/s, Materializing param=model.layers.1.post_attention_layernorm.weight]
Loading weights:   5%|██▏                                        | 24/466 [00:00<00:01, 372.27it/s, Materializing param=model.layers.1.shared_mlp.input_linear.weight]
Loading weights:   5%|██▏                                        | 24/466 [00:00<00:01, 372.07it/s, Materializing param=model.layers.1.shared_mlp.input_linear.weight]
Loading weights:   5%|██▎                                       | 25/466 [00:00<00:01, 325.34it/s, Materializing param=model.layers.1.shared_mlp.output_linear.weight]
Loading weights:   5%|██▎                                       | 25/466 [00:00<00:01, 324.43it/s, Materializing param=model.layers.1.shared_mlp.output_linear.weight]
Loading weights:   6%|██▊                                                | 26/466 [00:00<00:01, 336.58it/s, Materializing param=model.layers.2.input_layernorm.weight]
Loading weights:   6%|██▊                                                | 26/466 [00:00<00:01, 336.10it/s, Materializing param=model.layers.2.input_layernorm.weight]
Loading weights:   6%|███▌                                                          | 27/466 [00:00<00:01, 347.74it/s, Materializing param=model.layers.2.mamba.A_log]
Loading weights:   6%|███▌                                                          | 27/466 [00:00<00:01, 347.31it/s, Materializing param=model.layers.2.mamba.A_log]
Loading weights:   6%|███▉                                                              | 28/466 [00:00<00:01, 358.83it/s, Materializing param=model.layers.2.mamba.D]
Loading weights:   6%|███▉                                                              | 28/466 [00:00<00:01, 358.41it/s, Materializing param=model.layers.2.mamba.D]
Loading weights:   6%|███▍                                                    | 29/466 [00:00<00:01, 370.45it/s, Materializing param=model.layers.2.mamba.conv1d.bias]
Loading weights:   6%|███▍                                                    | 29/466 [00:00<00:01, 370.01it/s, Materializing param=model.layers.2.mamba.conv1d.bias]
Loading weights:   6%|███▍                                                  | 30/466 [00:00<00:01, 382.02it/s, Materializing param=model.layers.2.mamba.conv1d.weight]
Loading weights:   6%|███▍                                                  | 30/466 [00:00<00:01, 381.57it/s, Materializing param=model.layers.2.mamba.conv1d.weight]
Loading weights:   7%|███▉                                                        | 31/466 [00:00<00:01, 393.61it/s, Materializing param=model.layers.2.mamba.dt_bias]
Loading weights:   7%|███▉                                                        | 31/466 [00:00<00:01, 393.17it/s, Materializing param=model.layers.2.mamba.dt_bias]
Loading weights:   7%|███▋                                                 | 32/466 [00:00<00:01, 394.33it/s, Materializing param=model.layers.2.mamba.in_proj.weight]
Loading weights:   7%|███▋                                                 | 32/466 [00:00<00:01, 393.09it/s, Materializing param=model.layers.2.mamba.in_proj.weight]
Loading weights:   7%|███▉                                                    | 33/466 [00:00<00:01, 404.45it/s, Materializing param=model.layers.2.mamba.norm.weight]
Loading weights:   7%|███▉                                                    | 33/466 [00:00<00:01, 403.96it/s, Materializing param=model.layers.2.mamba.norm.weight]
Loading weights:   7%|███▊                                                | 34/466 [00:00<00:01, 415.43it/s, Materializing param=model.layers.2.mamba.out_proj.weight]
Loading weights:   7%|███▊                                                | 34/466 [00:00<00:01, 414.95it/s, Materializing param=model.layers.2.mamba.out_proj.weight]
Loading weights:   8%|███▏                                      | 35/466 [00:00<00:01, 419.81it/s, Materializing param=model.layers.2.post_attention_layernorm.weight]
Loading weights:   8%|███▏                                      | 35/466 [00:00<00:01, 419.33it/s, Materializing param=model.layers.2.post_attention_layernorm.weight]
Loading weights:   8%|███▎                                       | 36/466 [00:00<00:00, 430.21it/s, Materializing param=model.layers.2.shared_mlp.input_linear.weight]
Loading weights:   8%|███▎                                       | 36/466 [00:00<00:01, 429.71it/s, Materializing param=model.layers.2.shared_mlp.input_linear.weight]
Loading weights:   8%|███▎                                      | 37/466 [00:00<00:01, 400.67it/s, Materializing param=model.layers.2.shared_mlp.output_linear.weight]
Loading weights:   8%|███▎                                      | 37/466 [00:00<00:01, 399.98it/s, Materializing param=model.layers.2.shared_mlp.output_linear.weight]
Loading weights:   8%|████▏                                              | 38/466 [00:00<00:01, 390.69it/s, Materializing param=model.layers.3.input_layernorm.weight]
Loading weights:   8%|████▏                                              | 38/466 [00:00<00:01, 390.06it/s, Materializing param=model.layers.3.input_layernorm.weight]
Loading weights:   8%|█████▏                                                        | 39/466 [00:00<00:01, 399.59it/s, Materializing param=model.layers.3.mamba.A_log]
Loading weights:   8%|█████▏                                                        | 39/466 [00:00<00:01, 399.18it/s, Materializing param=model.layers.3.mamba.A_log]
Loading weights:   9%|█████▋                                                            | 40/466 [00:00<00:01, 408.81it/s, Materializing param=model.layers.3.mamba.D]
Loading weights:   9%|█████▋                                                            | 40/466 [00:00<00:01, 408.23it/s, Materializing param=model.layers.3.mamba.D]
Loading weights:   9%|████▉                                                   | 41/466 [00:00<00:01, 417.81it/s, Materializing param=model.layers.3.mamba.conv1d.bias]
Loading weights:   9%|████▉                                                   | 41/466 [00:00<00:01, 417.42it/s, Materializing param=model.layers.3.mamba.conv1d.bias]
Loading weights:   9%|████▊                                                 | 42/466 [00:00<00:00, 427.00it/s, Materializing param=model.layers.3.mamba.conv1d.weight]
Loading weights:   9%|████▊                                                 | 42/466 [00:00<00:00, 426.60it/s, Materializing param=model.layers.3.mamba.conv1d.weight]
Loading weights:   9%|█████▌                                                      | 43/466 [00:00<00:00, 436.15it/s, Materializing param=model.layers.3.mamba.dt_bias]
Loading weights:   9%|█████▌                                                      | 43/466 [00:00<00:00, 435.76it/s, Materializing param=model.layers.3.mamba.dt_bias]
Loading weights:   9%|█████                                                | 44/466 [00:00<00:00, 444.93it/s, Materializing param=model.layers.3.mamba.in_proj.weight]
Loading weights:   9%|█████                                                | 44/466 [00:00<00:00, 444.51it/s, Materializing param=model.layers.3.mamba.in_proj.weight]
Loading weights:  10%|█████                                                | 45/466 [00:00<00:01, 400.66it/s, Materializing param=model.layers.3.mamba.in_proj.weight]
Loading weights:  10%|█████▍                                                  | 45/466 [00:00<00:01, 400.66it/s, Materializing param=model.layers.3.mamba.norm.weight]
Loading weights:  10%|█████▍                                                  | 45/466 [00:00<00:01, 400.66it/s, Materializing param=model.layers.3.mamba.norm.weight]
Loading weights:  10%|█████▏                                              | 46/466 [00:00<00:01, 400.66it/s, Materializing param=model.layers.3.mamba.out_proj.weight]
Loading weights:  10%|█████▏                                              | 46/466 [00:00<00:01, 400.66it/s, Materializing param=model.layers.3.mamba.out_proj.weight]
Loading weights:  10%|████▏                                     | 47/466 [00:00<00:01, 400.66it/s, Materializing param=model.layers.3.post_attention_layernorm.weight]
Loading weights:  10%|████▏                                     | 47/466 [00:00<00:01, 400.66it/s, Materializing param=model.layers.3.post_attention_layernorm.weight]
Loading weights:  10%|████▍                                      | 48/466 [00:00<00:01, 400.66it/s, Materializing param=model.layers.3.shared_mlp.input_linear.weight]
Loading weights:  10%|████▍                                      | 48/466 [00:00<00:01, 400.66it/s, Materializing param=model.layers.3.shared_mlp.input_linear.weight]
Loading weights:  11%|████▍                                     | 49/466 [00:00<00:01, 400.66it/s, Materializing param=model.layers.3.shared_mlp.output_linear.weight]
Loading weights:  11%|████▍                                     | 49/466 [00:00<00:01, 400.66it/s, Materializing param=model.layers.3.shared_mlp.output_linear.weight]
Loading weights:  11%|█████▍                                             | 50/466 [00:00<00:01, 400.66it/s, Materializing param=model.layers.4.input_layernorm.weight]
Loading weights:  11%|█████▍                                             | 50/466 [00:00<00:01, 400.66it/s, Materializing param=model.layers.4.input_layernorm.weight]
Loading weights:  11%|██████▊                                                       | 51/466 [00:00<00:01, 400.66it/s, Materializing param=model.layers.4.mamba.A_log]
Loading weights:  11%|██████▊                                                       | 51/466 [00:00<00:01, 400.66it/s, Materializing param=model.layers.4.mamba.A_log]
Loading weights:  11%|███████▎                                                          | 52/466 [00:00<00:01, 400.66it/s, Materializing param=model.layers.4.mamba.D]
Loading weights:  11%|███████▎                                                          | 52/466 [00:00<00:01, 400.66it/s, Materializing param=model.layers.4.mamba.D]
Loading weights:  11%|██████▎                                                 | 53/466 [00:00<00:01, 400.66it/s, Materializing param=model.layers.4.mamba.conv1d.bias]
Loading weights:  11%|██████▎                                                 | 53/466 [00:00<00:01, 400.66it/s, Materializing param=model.layers.4.mamba.conv1d.bias]
Loading weights:  12%|██████▎                                               | 54/466 [00:00<00:01, 400.66it/s, Materializing param=model.layers.4.mamba.conv1d.weight]
Loading weights:  12%|██████▎                                               | 54/466 [00:00<00:01, 400.66it/s, Materializing param=model.layers.4.mamba.conv1d.weight]
Loading weights:  12%|███████                                                     | 55/466 [00:00<00:01, 400.66it/s, Materializing param=model.layers.4.mamba.dt_bias]
Loading weights:  12%|███████                                                     | 55/466 [00:00<00:01, 400.66it/s, Materializing param=model.layers.4.mamba.dt_bias]
Loading weights:  12%|██████▎                                              | 56/466 [00:00<00:01, 400.66it/s, Materializing param=model.layers.4.mamba.in_proj.weight]
Loading weights:  12%|██████▎                                              | 56/466 [00:00<00:01, 400.66it/s, Materializing param=model.layers.4.mamba.in_proj.weight]
Loading weights:  12%|██████▊                                                 | 57/466 [00:00<00:01, 400.66it/s, Materializing param=model.layers.4.mamba.norm.weight]
Loading weights:  12%|██████▊                                                 | 57/466 [00:00<00:01, 400.66it/s, Materializing param=model.layers.4.mamba.norm.weight]
Loading weights:  12%|██████▍                                             | 58/466 [00:00<00:01, 400.66it/s, Materializing param=model.layers.4.mamba.out_proj.weight]
Loading weights:  12%|██████▍                                             | 58/466 [00:00<00:01, 400.66it/s, Materializing param=model.layers.4.mamba.out_proj.weight]
Loading weights:  13%|█████▎                                    | 59/466 [00:00<00:01, 400.66it/s, Materializing param=model.layers.4.post_attention_layernorm.weight]
Loading weights:  13%|█████▎                                    | 59/466 [00:00<00:01, 400.66it/s, Materializing param=model.layers.4.post_attention_layernorm.weight]
Loading weights:  13%|█████▌                                     | 60/466 [00:00<00:01, 400.66it/s, Materializing param=model.layers.4.shared_mlp.input_linear.weight]
Loading weights:  13%|█████▌                                     | 60/466 [00:00<00:01, 400.66it/s, Materializing param=model.layers.4.shared_mlp.input_linear.weight]
Loading weights:  13%|█████▍                                    | 61/466 [00:00<00:01, 400.66it/s, Materializing param=model.layers.4.shared_mlp.output_linear.weight]
Loading weights:  13%|█████▍                                    | 61/466 [00:00<00:01, 400.66it/s, Materializing param=model.layers.4.shared_mlp.output_linear.weight]
Loading weights:  13%|██████▊                                            | 62/466 [00:00<00:01, 400.66it/s, Materializing param=model.layers.5.input_layernorm.weight]
Loading weights:  13%|██████▊                                            | 62/466 [00:00<00:01, 400.66it/s, Materializing param=model.layers.5.input_layernorm.weight]
Loading weights:  14%|█████▋                                    | 63/466 [00:00<00:01, 400.66it/s, Materializing param=model.layers.5.post_attention_layernorm.weight]
Loading weights:  14%|█████▋                                    | 63/466 [00:00<00:01, 400.66it/s, Materializing param=model.layers.5.post_attention_layernorm.weight]
Loading weights:  14%|██████▊                                           | 64/466 [00:00<00:01, 400.66it/s, Materializing param=model.layers.5.self_attn.k_proj.weight]
Loading weights:  14%|██████▊                                           | 64/466 [00:00<00:01, 400.66it/s, Materializing param=model.layers.5.self_attn.k_proj.weight]
Loading weights:  14%|██████▉                                           | 65/466 [00:00<00:01, 400.66it/s, Materializing param=model.layers.5.self_attn.o_proj.weight]
Loading weights:  14%|██████▉                                           | 65/466 [00:00<00:01, 400.66it/s, Materializing param=model.layers.5.self_attn.o_proj.weight]
Loading weights:  14%|███████                                           | 66/466 [00:00<00:00, 400.66it/s, Materializing param=model.layers.5.self_attn.q_proj.weight]
Loading weights:  14%|███████                                           | 66/466 [00:00<00:00, 400.66it/s, Materializing param=model.layers.5.self_attn.q_proj.weight]
Loading weights:  14%|███████▏                                          | 67/466 [00:00<00:00, 400.66it/s, Materializing param=model.layers.5.self_attn.v_proj.weight]
Loading weights:  14%|███████▏                                          | 67/466 [00:00<00:00, 400.66it/s, Materializing param=model.layers.5.self_attn.v_proj.weight]
Loading weights:  15%|██████▎                                    | 68/466 [00:00<00:00, 400.66it/s, Materializing param=model.layers.5.shared_mlp.input_linear.weight]
Loading weights:  15%|██████▎                                    | 68/466 [00:00<00:00, 400.66it/s, Materializing param=model.layers.5.shared_mlp.input_linear.weight]
Loading weights:  15%|██████▏                                   | 69/466 [00:00<00:00, 400.66it/s, Materializing param=model.layers.5.shared_mlp.output_linear.weight]
Loading weights:  15%|██████▏                                   | 69/466 [00:00<00:00, 400.66it/s, Materializing param=model.layers.5.shared_mlp.output_linear.weight]
Loading weights:  15%|███████▋                                           | 70/466 [00:00<00:00, 400.66it/s, Materializing param=model.layers.6.input_layernorm.weight]
Loading weights:  15%|███████▋                                           | 70/466 [00:00<00:00, 400.66it/s, Materializing param=model.layers.6.input_layernorm.weight]
Loading weights:  15%|█████████▍                                                    | 71/466 [00:00<00:00, 400.66it/s, Materializing param=model.layers.6.mamba.A_log]
Loading weights:  15%|█████████▍                                                    | 71/466 [00:00<00:00, 400.66it/s, Materializing param=model.layers.6.mamba.A_log]
Loading weights:  15%|██████████▏                                                       | 72/466 [00:00<00:00, 400.66it/s, Materializing param=model.layers.6.mamba.D]
Loading weights:  15%|██████████▏                                                       | 72/466 [00:00<00:00, 400.66it/s, Materializing param=model.layers.6.mamba.D]
Loading weights:  16%|████████▊                                               | 73/466 [00:00<00:00, 400.66it/s, Materializing param=model.layers.6.mamba.conv1d.bias]
Loading weights:  16%|████████▊                                               | 73/466 [00:00<00:00, 400.66it/s, Materializing param=model.layers.6.mamba.conv1d.bias]
Loading weights:  16%|████████▌                                             | 74/466 [00:00<00:00, 400.66it/s, Materializing param=model.layers.6.mamba.conv1d.weight]
Loading weights:  16%|████████▌                                             | 74/466 [00:00<00:00, 400.66it/s, Materializing param=model.layers.6.mamba.conv1d.weight]
Loading weights:  16%|█████████▋                                                  | 75/466 [00:00<00:00, 400.66it/s, Materializing param=model.layers.6.mamba.dt_bias]
Loading weights:  16%|█████████▋                                                  | 75/466 [00:00<00:00, 400.66it/s, Materializing param=model.layers.6.mamba.dt_bias]
Loading weights:  16%|████████▋                                            | 76/466 [00:00<00:00, 400.66it/s, Materializing param=model.layers.6.mamba.in_proj.weight]
Loading weights:  16%|████████▋                                            | 76/466 [00:00<00:00, 400.66it/s, Materializing param=model.layers.6.mamba.in_proj.weight]
Loading weights:  17%|█████████▎                                              | 77/466 [00:00<00:00, 400.66it/s, Materializing param=model.layers.6.mamba.norm.weight]
Loading weights:  17%|█████████▎                                              | 77/466 [00:00<00:00, 400.66it/s, Materializing param=model.layers.6.mamba.norm.weight]
Loading weights:  17%|████████▋                                           | 78/466 [00:00<00:00, 400.66it/s, Materializing param=model.layers.6.mamba.out_proj.weight]
Loading weights:  17%|████████▋                                           | 78/466 [00:00<00:00, 400.66it/s, Materializing param=model.layers.6.mamba.out_proj.weight]
Loading weights:  17%|███████                                   | 79/466 [00:00<00:00, 400.66it/s, Materializing param=model.layers.6.post_attention_layernorm.weight]
Loading weights:  17%|███████                                   | 79/466 [00:00<00:00, 400.66it/s, Materializing param=model.layers.6.post_attention_layernorm.weight]
Loading weights:  17%|███████▍                                   | 80/466 [00:00<00:00, 400.66it/s, Materializing param=model.layers.6.shared_mlp.input_linear.weight]
Loading weights:  17%|███████▍                                   | 80/466 [00:00<00:00, 400.66it/s, Materializing param=model.layers.6.shared_mlp.input_linear.weight]
Loading weights:  17%|███████▎                                  | 81/466 [00:00<00:00, 400.66it/s, Materializing param=model.layers.6.shared_mlp.output_linear.weight]
Loading weights:  17%|███████▎                                  | 81/466 [00:00<00:00, 400.66it/s, Materializing param=model.layers.6.shared_mlp.output_linear.weight]
Loading weights:  18%|████████▉                                          | 82/466 [00:00<00:00, 400.66it/s, Materializing param=model.layers.7.input_layernorm.weight]
Loading weights:  18%|████████▉                                          | 82/466 [00:00<00:00, 400.66it/s, Materializing param=model.layers.7.input_layernorm.weight]
Loading weights:  18%|███████████                                                   | 83/466 [00:00<00:00, 400.66it/s, Materializing param=model.layers.7.mamba.A_log]
Loading weights:  18%|███████████                                                   | 83/466 [00:00<00:00, 400.66it/s, Materializing param=model.layers.7.mamba.A_log]
Loading weights:  18%|███████████▉                                                      | 84/466 [00:00<00:00, 400.66it/s, Materializing param=model.layers.7.mamba.D]
Loading weights:  18%|███████████▉                                                      | 84/466 [00:00<00:00, 400.66it/s, Materializing param=model.layers.7.mamba.D]
Loading weights:  18%|██████████▏                                             | 85/466 [00:00<00:00, 400.66it/s, Materializing param=model.layers.7.mamba.conv1d.bias]
Loading weights:  18%|██████████▏                                             | 85/466 [00:00<00:00, 400.66it/s, Materializing param=model.layers.7.mamba.conv1d.bias]
Loading weights:  18%|█████████▉                                            | 86/466 [00:00<00:00, 400.66it/s, Materializing param=model.layers.7.mamba.conv1d.weight]
Loading weights:  18%|█████████▉                                            | 86/466 [00:00<00:00, 400.66it/s, Materializing param=model.layers.7.mamba.conv1d.weight]
Loading weights:  19%|███████████▏                                                | 87/466 [00:00<00:00, 400.66it/s, Materializing param=model.layers.7.mamba.dt_bias]
Loading weights:  19%|███████████▏                                                | 87/466 [00:00<00:00, 400.66it/s, Materializing param=model.layers.7.mamba.dt_bias]
Loading weights:  19%|██████████                                           | 88/466 [00:00<00:00, 400.66it/s, Materializing param=model.layers.7.mamba.in_proj.weight]
Loading weights:  19%|██████████                                           | 88/466 [00:00<00:00, 400.66it/s, Materializing param=model.layers.7.mamba.in_proj.weight]
Loading weights:  19%|██████████▋                                             | 89/466 [00:00<00:00, 400.66it/s, Materializing param=model.layers.7.mamba.norm.weight]
Loading weights:  19%|██████████▋                                             | 89/466 [00:00<00:00, 400.66it/s, Materializing param=model.layers.7.mamba.norm.weight]
Loading weights:  19%|██████████                                          | 90/466 [00:00<00:00, 400.66it/s, Materializing param=model.layers.7.mamba.out_proj.weight]
Loading weights:  19%|██████████                                          | 90/466 [00:00<00:00, 400.66it/s, Materializing param=model.layers.7.mamba.out_proj.weight]
Loading weights:  20%|████████▏                                 | 91/466 [00:00<00:00, 400.66it/s, Materializing param=model.layers.7.post_attention_layernorm.weight]
Loading weights:  20%|████████▏                                 | 91/466 [00:00<00:00, 400.66it/s, Materializing param=model.layers.7.post_attention_layernorm.weight]
Loading weights:  20%|████████▍                                  | 92/466 [00:00<00:00, 400.66it/s, Materializing param=model.layers.7.shared_mlp.input_linear.weight]
Loading weights:  20%|████████▍                                  | 92/466 [00:00<00:00, 400.66it/s, Materializing param=model.layers.7.shared_mlp.input_linear.weight]
Loading weights:  20%|████████▍                                 | 93/466 [00:00<00:00, 400.66it/s, Materializing param=model.layers.7.shared_mlp.output_linear.weight]
Loading weights:  20%|████████▍                                 | 93/466 [00:00<00:00, 400.66it/s, Materializing param=model.layers.7.shared_mlp.output_linear.weight]
Loading weights:  20%|██████████▎                                        | 94/466 [00:00<00:00, 400.66it/s, Materializing param=model.layers.8.input_layernorm.weight]
Loading weights:  20%|██████████▎                                        | 94/466 [00:00<00:00, 400.66it/s, Materializing param=model.layers.8.input_layernorm.weight]
Loading weights:  20%|████████████▋                                                 | 95/466 [00:00<00:00, 400.66it/s, Materializing param=model.layers.8.mamba.A_log]
Loading weights:  20%|████████████▋                                                 | 95/466 [00:00<00:00, 400.66it/s, Materializing param=model.layers.8.mamba.A_log]
Loading weights:  21%|█████████████▌                                                    | 96/466 [00:00<00:00, 400.66it/s, Materializing param=model.layers.8.mamba.D]
Loading weights:  21%|█████████████▌                                                    | 96/466 [00:00<00:00, 400.66it/s, Materializing param=model.layers.8.mamba.D]
Loading weights:  21%|███████████▋                                            | 97/466 [00:00<00:00, 400.66it/s, Materializing param=model.layers.8.mamba.conv1d.bias]
Loading weights:  21%|███████████▋                                            | 97/466 [00:00<00:00, 400.66it/s, Materializing param=model.layers.8.mamba.conv1d.bias]
Loading weights:  21%|███████████▎                                          | 98/466 [00:00<00:00, 400.66it/s, Materializing param=model.layers.8.mamba.conv1d.weight]
Loading weights:  21%|███████████▎                                          | 98/466 [00:00<00:00, 400.66it/s, Materializing param=model.layers.8.mamba.conv1d.weight]
Loading weights:  21%|████████████▋                                               | 99/466 [00:00<00:00, 400.66it/s, Materializing param=model.layers.8.mamba.dt_bias]
Loading weights:  21%|████████████▋                                               | 99/466 [00:00<00:00, 400.66it/s, Materializing param=model.layers.8.mamba.dt_bias]
Loading weights:  21%|███████████▏                                        | 100/466 [00:00<00:00, 400.66it/s, Materializing param=model.layers.8.mamba.in_proj.weight]
Loading weights:  21%|███████████▏                                        | 100/466 [00:00<00:00, 400.66it/s, Materializing param=model.layers.8.mamba.in_proj.weight]
Loading weights:  22%|███████████▉                                           | 101/466 [00:00<00:00, 400.66it/s, Materializing param=model.layers.8.mamba.norm.weight]
Loading weights:  22%|███████████▉                                           | 101/466 [00:00<00:00, 400.66it/s, Materializing param=model.layers.8.mamba.norm.weight]
Loading weights:  22%|███████████▏                                       | 102/466 [00:00<00:00, 400.66it/s, Materializing param=model.layers.8.mamba.out_proj.weight]
Loading weights:  22%|███████████▏                                       | 102/466 [00:00<00:00, 400.66it/s, Materializing param=model.layers.8.mamba.out_proj.weight]
Loading weights:  22%|█████████                                | 103/466 [00:00<00:00, 400.66it/s, Materializing param=model.layers.8.post_attention_layernorm.weight]
Loading weights:  22%|█████████                                | 103/466 [00:00<00:00, 400.66it/s, Materializing param=model.layers.8.post_attention_layernorm.weight]
Loading weights:  22%|█████████▎                                | 104/466 [00:00<00:00, 400.66it/s, Materializing param=model.layers.8.shared_mlp.input_linear.weight]
Loading weights:  22%|█████████▎                                | 104/466 [00:00<00:00, 400.66it/s, Materializing param=model.layers.8.shared_mlp.input_linear.weight]
Loading weights:  23%|█████████▏                               | 105/466 [00:00<00:00, 400.66it/s, Materializing param=model.layers.8.shared_mlp.output_linear.weight]
Loading weights:  23%|█████████▏                               | 105/466 [00:00<00:00, 400.66it/s, Materializing param=model.layers.8.shared_mlp.output_linear.weight]
Loading weights:  23%|███████████▎                                      | 106/466 [00:00<00:00, 400.66it/s, Materializing param=model.layers.9.input_layernorm.weight]
Loading weights:  23%|███████████▎                                      | 106/466 [00:00<00:00, 400.66it/s, Materializing param=model.layers.9.input_layernorm.weight]
Loading weights:  23%|██████████████                                               | 107/466 [00:00<00:00, 400.66it/s, Materializing param=model.layers.9.mamba.A_log]
Loading weights:  23%|██████████████                                               | 107/466 [00:00<00:00, 400.66it/s, Materializing param=model.layers.9.mamba.A_log]
Loading weights:  23%|███████████████                                                  | 108/466 [00:00<00:00, 400.66it/s, Materializing param=model.layers.9.mamba.D]
Loading weights:  23%|███████████████                                                  | 108/466 [00:00<00:00, 400.66it/s, Materializing param=model.layers.9.mamba.D]
Loading weights:  23%|████████████▊                                          | 109/466 [00:00<00:00, 400.66it/s, Materializing param=model.layers.9.mamba.conv1d.bias]
Loading weights:  23%|████████████▊                                          | 109/466 [00:00<00:00, 400.66it/s, Materializing param=model.layers.9.mamba.conv1d.bias]
Loading weights:  24%|████████████▌                                        | 110/466 [00:00<00:00, 400.66it/s, Materializing param=model.layers.9.mamba.conv1d.weight]
Loading weights:  24%|████████████▌                                        | 110/466 [00:00<00:00, 400.66it/s, Materializing param=model.layers.9.mamba.conv1d.weight]
Loading weights:  24%|██████████████                                             | 111/466 [00:00<00:00, 400.66it/s, Materializing param=model.layers.9.mamba.dt_bias]
Loading weights:  24%|██████████████                                             | 111/466 [00:00<00:00, 400.66it/s, Materializing param=model.layers.9.mamba.dt_bias]
Loading weights:  24%|████████████▍                                       | 112/466 [00:00<00:00, 400.66it/s, Materializing param=model.layers.9.mamba.in_proj.weight]
Loading weights:  24%|████████████▍                                       | 112/466 [00:00<00:00, 400.66it/s, Materializing param=model.layers.9.mamba.in_proj.weight]
Loading weights:  24%|█████████████▎                                         | 113/466 [00:00<00:00, 400.66it/s, Materializing param=model.layers.9.mamba.norm.weight]
Loading weights:  24%|█████████████▎                                         | 113/466 [00:00<00:00, 400.66it/s, Materializing param=model.layers.9.mamba.norm.weight]
Loading weights:  24%|████████████▍                                      | 114/466 [00:00<00:00, 400.66it/s, Materializing param=model.layers.9.mamba.out_proj.weight]
Loading weights:  24%|████████████▍                                      | 114/466 [00:00<00:00, 400.66it/s, Materializing param=model.layers.9.mamba.out_proj.weight]
Loading weights:  25%|██████████                               | 115/466 [00:00<00:00, 400.66it/s, Materializing param=model.layers.9.post_attention_layernorm.weight]
Loading weights:  25%|██████████                               | 115/466 [00:00<00:00, 400.66it/s, Materializing param=model.layers.9.post_attention_layernorm.weight]
Loading weights:  25%|██████████▍                               | 116/466 [00:00<00:00, 400.66it/s, Materializing param=model.layers.9.shared_mlp.input_linear.weight]
Loading weights:  25%|██████████▍                               | 116/466 [00:00<00:00, 400.66it/s, Materializing param=model.layers.9.shared_mlp.input_linear.weight]
Loading weights:  25%|██████████▌                               | 117/466 [00:00<00:00, 553.45it/s, Materializing param=model.layers.9.shared_mlp.input_linear.weight]
Loading weights:  25%|██████████▎                              | 117/466 [00:00<00:00, 553.45it/s, Materializing param=model.layers.9.shared_mlp.output_linear.weight]
Loading weights:  25%|██████████▎                              | 117/466 [00:00<00:00, 553.45it/s, Materializing param=model.layers.9.shared_mlp.output_linear.weight]
Loading weights:  25%|████████████▍                                    | 118/466 [00:00<00:00, 553.45it/s, Materializing param=model.layers.10.input_layernorm.weight]
Loading weights:  25%|████████████▍                                    | 118/466 [00:00<00:00, 553.45it/s, Materializing param=model.layers.10.input_layernorm.weight]
Loading weights:  26%|███████████████▎                                            | 119/466 [00:00<00:00, 553.45it/s, Materializing param=model.layers.10.mamba.A_log]
Loading weights:  26%|███████████████▎                                            | 119/466 [00:00<00:00, 553.45it/s, Materializing param=model.layers.10.mamba.A_log]
Loading weights:  26%|████████████████▍                                               | 120/466 [00:00<00:00, 553.45it/s, Materializing param=model.layers.10.mamba.D]
Loading weights:  26%|████████████████▍                                               | 120/466 [00:00<00:00, 553.45it/s, Materializing param=model.layers.10.mamba.D]
Loading weights:  26%|██████████████                                        | 121/466 [00:00<00:00, 553.45it/s, Materializing param=model.layers.10.mamba.conv1d.bias]
Loading weights:  26%|██████████████                                        | 121/466 [00:00<00:00, 553.45it/s, Materializing param=model.layers.10.mamba.conv1d.bias]
Loading weights:  26%|█████████████▌                                      | 122/466 [00:00<00:00, 553.45it/s, Materializing param=model.layers.10.mamba.conv1d.weight]
Loading weights:  26%|█████████████▌                                      | 122/466 [00:00<00:00, 553.45it/s, Materializing param=model.layers.10.mamba.conv1d.weight]
Loading weights:  26%|███████████████▎                                          | 123/466 [00:00<00:00, 553.45it/s, Materializing param=model.layers.10.mamba.dt_bias]
Loading weights:  26%|███████████████▎                                          | 123/466 [00:00<00:00, 553.45it/s, Materializing param=model.layers.10.mamba.dt_bias]
Loading weights:  27%|█████████████▌                                     | 124/466 [00:00<00:00, 553.45it/s, Materializing param=model.layers.10.mamba.in_proj.weight]
Loading weights:  27%|█████████████▌                                     | 124/466 [00:00<00:00, 553.45it/s, Materializing param=model.layers.10.mamba.in_proj.weight]
Loading weights:  27%|██████████████▍                                       | 125/466 [00:00<00:00, 553.45it/s, Materializing param=model.layers.10.mamba.norm.weight]
Loading weights:  27%|██████████████▍                                       | 125/466 [00:00<00:00, 553.45it/s, Materializing param=model.layers.10.mamba.norm.weight]
Loading weights:  27%|█████████████▌                                    | 126/466 [00:00<00:00, 553.45it/s, Materializing param=model.layers.10.mamba.out_proj.weight]
Loading weights:  27%|█████████████▌                                    | 126/466 [00:00<00:00, 553.45it/s, Materializing param=model.layers.10.mamba.out_proj.weight]
Loading weights:  27%|██████████▉                             | 127/466 [00:00<00:00, 553.45it/s, Materializing param=model.layers.10.post_attention_layernorm.weight]
Loading weights:  27%|██████████▉                             | 127/466 [00:00<00:00, 553.45it/s, Materializing param=model.layers.10.post_attention_layernorm.weight]
Loading weights:  27%|███████████▎                             | 128/466 [00:00<00:00, 553.45it/s, Materializing param=model.layers.10.shared_mlp.input_linear.weight]
Loading weights:  27%|███████████▎                             | 128/466 [00:00<00:00, 553.45it/s, Materializing param=model.layers.10.shared_mlp.input_linear.weight]
Loading weights:  28%|███████████                             | 129/466 [00:00<00:00, 553.45it/s, Materializing param=model.layers.10.shared_mlp.output_linear.weight]
Loading weights:  28%|███████████                             | 129/466 [00:00<00:00, 553.45it/s, Materializing param=model.layers.10.shared_mlp.output_linear.weight]
Loading weights:  28%|█████████████▋                                   | 130/466 [00:00<00:00, 553.45it/s, Materializing param=model.layers.11.input_layernorm.weight]
Loading weights:  28%|█████████████▋                                   | 130/466 [00:00<00:00, 553.45it/s, Materializing param=model.layers.11.input_layernorm.weight]
Loading weights:  28%|████████████████▊                                           | 131/466 [00:00<00:00, 553.45it/s, Materializing param=model.layers.11.mamba.A_log]
Loading weights:  28%|████████████████▊                                           | 131/466 [00:00<00:00, 553.45it/s, Materializing param=model.layers.11.mamba.A_log]
Loading weights:  28%|██████████████████▏                                             | 132/466 [00:00<00:00, 553.45it/s, Materializing param=model.layers.11.mamba.D]
Loading weights:  28%|██████████████████▏                                             | 132/466 [00:00<00:00, 553.45it/s, Materializing param=model.layers.11.mamba.D]
Loading weights:  29%|███████████████▍                                      | 133/466 [00:00<00:00, 553.45it/s, Materializing param=model.layers.11.mamba.conv1d.bias]
Loading weights:  29%|███████████████▍                                      | 133/466 [00:00<00:00, 553.45it/s, Materializing param=model.layers.11.mamba.conv1d.bias]
Loading weights:  29%|██████████████▉                                     | 134/466 [00:00<00:00, 553.45it/s, Materializing param=model.layers.11.mamba.conv1d.weight]
Loading weights:  29%|██████████████▉                                     | 134/466 [00:00<00:00, 553.45it/s, Materializing param=model.layers.11.mamba.conv1d.weight]
Loading weights:  29%|████████████████▊                                         | 135/466 [00:00<00:00, 553.45it/s, Materializing param=model.layers.11.mamba.dt_bias]
Loading weights:  29%|████████████████▊                                         | 135/466 [00:00<00:00, 553.45it/s, Materializing param=model.layers.11.mamba.dt_bias]
Loading weights:  29%|██████████████▉                                    | 136/466 [00:00<00:00, 553.45it/s, Materializing param=model.layers.11.mamba.in_proj.weight]
Loading weights:  29%|██████████████▉                                    | 136/466 [00:00<00:00, 553.45it/s, Materializing param=model.layers.11.mamba.in_proj.weight]
Loading weights:  29%|███████████████▉                                      | 137/466 [00:00<00:00, 553.45it/s, Materializing param=model.layers.11.mamba.norm.weight]
Loading weights:  29%|███████████████▉                                      | 137/466 [00:00<00:00, 553.45it/s, Materializing param=model.layers.11.mamba.norm.weight]
Loading weights:  30%|██████████████▊                                   | 138/466 [00:00<00:00, 553.45it/s, Materializing param=model.layers.11.mamba.out_proj.weight]
Loading weights:  30%|██████████████▊                                   | 138/466 [00:00<00:00, 553.45it/s, Materializing param=model.layers.11.mamba.out_proj.weight]
Loading weights:  30%|███████████▉                            | 139/466 [00:00<00:00, 553.45it/s, Materializing param=model.layers.11.post_attention_layernorm.weight]
Loading weights:  30%|███████████▉                            | 139/466 [00:00<00:00, 553.45it/s, Materializing param=model.layers.11.post_attention_layernorm.weight]
Loading weights:  30%|████████████▎                            | 140/466 [00:00<00:00, 553.45it/s, Materializing param=model.layers.11.shared_mlp.input_linear.weight]
Loading weights:  30%|████████████▎                            | 140/466 [00:00<00:00, 553.45it/s, Materializing param=model.layers.11.shared_mlp.input_linear.weight]
Loading weights:  30%|████████████                            | 141/466 [00:00<00:00, 553.45it/s, Materializing param=model.layers.11.shared_mlp.output_linear.weight]
Loading weights:  30%|████████████                            | 141/466 [00:00<00:00, 553.45it/s, Materializing param=model.layers.11.shared_mlp.output_linear.weight]
Loading weights:  30%|██████████████▉                                  | 142/466 [00:00<00:00, 553.45it/s, Materializing param=model.layers.12.input_layernorm.weight]
Loading weights:  30%|██████████████▉                                  | 142/466 [00:00<00:00, 553.45it/s, Materializing param=model.layers.12.input_layernorm.weight]
Loading weights:  31%|██████████████████▍                                         | 143/466 [00:00<00:00, 553.45it/s, Materializing param=model.layers.12.mamba.A_log]
Loading weights:  31%|██████████████████▍                                         | 143/466 [00:00<00:00, 553.45it/s, Materializing param=model.layers.12.mamba.A_log]
Loading weights:  31%|███████████████████▊                                            | 144/466 [00:00<00:00, 553.45it/s, Materializing param=model.layers.12.mamba.D]
Loading weights:  31%|███████████████████▊                                            | 144/466 [00:00<00:00, 553.45it/s, Materializing param=model.layers.12.mamba.D]
Loading weights:  31%|████████████████▊                                     | 145/466 [00:00<00:00, 553.45it/s, Materializing param=model.layers.12.mamba.conv1d.bias]
Loading weights:  31%|████████████████▊                                     | 145/466 [00:00<00:00, 553.45it/s, Materializing param=model.layers.12.mamba.conv1d.bias]
Loading weights:  31%|████████████████▎                                   | 146/466 [00:00<00:00, 553.45it/s, Materializing param=model.layers.12.mamba.conv1d.weight]
Loading weights:  31%|████████████████▎                                   | 146/466 [00:00<00:00, 553.45it/s, Materializing param=model.layers.12.mamba.conv1d.weight]
Loading weights:  32%|██████████████████▎                                       | 147/466 [00:00<00:00, 553.45it/s, Materializing param=model.layers.12.mamba.dt_bias]
Loading weights:  32%|██████████████████▎                                       | 147/466 [00:00<00:00, 553.45it/s, Materializing param=model.layers.12.mamba.dt_bias]
Loading weights:  32%|████████████████▏                                  | 148/466 [00:00<00:00, 553.45it/s, Materializing param=model.layers.12.mamba.in_proj.weight]
Loading weights:  32%|████████████████▏                                  | 148/466 [00:00<00:00, 553.45it/s, Materializing param=model.layers.12.mamba.in_proj.weight]
Loading weights:  32%|█████████████████▎                                    | 149/466 [00:00<00:00, 553.45it/s, Materializing param=model.layers.12.mamba.norm.weight]
Loading weights:  32%|█████████████████▎                                    | 149/466 [00:00<00:00, 553.45it/s, Materializing param=model.layers.12.mamba.norm.weight]
Loading weights:  32%|████████████████                                  | 150/466 [00:00<00:00, 553.45it/s, Materializing param=model.layers.12.mamba.out_proj.weight]
Loading weights:  32%|████████████████                                  | 150/466 [00:00<00:00, 553.45it/s, Materializing param=model.layers.12.mamba.out_proj.weight]
Loading weights:  32%|████████████▉                           | 151/466 [00:00<00:00, 553.45it/s, Materializing param=model.layers.12.post_attention_layernorm.weight]
Loading weights:  32%|████████████▉                           | 151/466 [00:00<00:00, 553.45it/s, Materializing param=model.layers.12.post_attention_layernorm.weight]
Loading weights:  33%|█████████████▎                           | 152/466 [00:00<00:00, 553.45it/s, Materializing param=model.layers.12.shared_mlp.input_linear.weight]
Loading weights:  33%|█████████████▎                           | 152/466 [00:00<00:00, 553.45it/s, Materializing param=model.layers.12.shared_mlp.input_linear.weight]
Loading weights:  33%|█████████████▏                          | 153/466 [00:00<00:00, 553.45it/s, Materializing param=model.layers.12.shared_mlp.output_linear.weight]
Loading weights:  33%|█████████████▏                          | 153/466 [00:00<00:00, 553.45it/s, Materializing param=model.layers.12.shared_mlp.output_linear.weight]
Loading weights:  33%|████████████████▏                                | 154/466 [00:00<00:00, 553.45it/s, Materializing param=model.layers.13.input_layernorm.weight]
Loading weights:  33%|████████████████▏                                | 154/466 [00:00<00:00, 553.45it/s, Materializing param=model.layers.13.input_layernorm.weight]
Loading weights:  33%|███████████████████▉                                        | 155/466 [00:00<00:00, 553.45it/s, Materializing param=model.layers.13.mamba.A_log]
Loading weights:  33%|███████████████████▉                                        | 155/466 [00:00<00:00, 553.45it/s, Materializing param=model.layers.13.mamba.A_log]
Loading weights:  33%|█████████████████████▍                                          | 156/466 [00:00<00:00, 553.45it/s, Materializing param=model.layers.13.mamba.D]
Loading weights:  33%|█████████████████████▍                                          | 156/466 [00:00<00:00, 553.45it/s, Materializing param=model.layers.13.mamba.D]
Loading weights:  34%|██████████████████▏                                   | 157/466 [00:00<00:00, 553.45it/s, Materializing param=model.layers.13.mamba.conv1d.bias]
Loading weights:  34%|██████████████████▏                                   | 157/466 [00:00<00:00, 553.45it/s, Materializing param=model.layers.13.mamba.conv1d.bias]
Loading weights:  34%|█████████████████▋                                  | 158/466 [00:00<00:00, 553.45it/s, Materializing param=model.layers.13.mamba.conv1d.weight]
Loading weights:  34%|█████████████████▋                                  | 158/466 [00:00<00:00, 553.45it/s, Materializing param=model.layers.13.mamba.conv1d.weight]
Loading weights:  34%|███████████████████▊                                      | 159/466 [00:00<00:00, 553.45it/s, Materializing param=model.layers.13.mamba.dt_bias]
Loading weights:  34%|███████████████████▊                                      | 159/466 [00:00<00:00, 553.45it/s, Materializing param=model.layers.13.mamba.dt_bias]
Loading weights:  34%|█████████████████▌                                 | 160/466 [00:00<00:00, 553.45it/s, Materializing param=model.layers.13.mamba.in_proj.weight]
Loading weights:  34%|█████████████████▌                                 | 160/466 [00:00<00:00, 553.45it/s, Materializing param=model.layers.13.mamba.in_proj.weight]
Loading weights:  35%|██████████████████▋                                   | 161/466 [00:00<00:00, 553.45it/s, Materializing param=model.layers.13.mamba.norm.weight]
Loading weights:  35%|██████████████████▋                                   | 161/466 [00:00<00:00, 553.45it/s, Materializing param=model.layers.13.mamba.norm.weight]
Loading weights:  35%|█████████████████▍                                | 162/466 [00:00<00:00, 553.45it/s, Materializing param=model.layers.13.mamba.out_proj.weight]
Loading weights:  35%|█████████████████▍                                | 162/466 [00:00<00:00, 553.45it/s, Materializing param=model.layers.13.mamba.out_proj.weight]
Loading weights:  35%|█████████████▉                          | 163/466 [00:00<00:00, 553.45it/s, Materializing param=model.layers.13.post_attention_layernorm.weight]
Loading weights:  35%|█████████████▉                          | 163/466 [00:00<00:00, 553.45it/s, Materializing param=model.layers.13.post_attention_layernorm.weight]
Loading weights:  35%|██████████████▍                          | 164/466 [00:00<00:00, 553.45it/s, Materializing param=model.layers.13.shared_mlp.input_linear.weight]
Loading weights:  35%|██████████████▍                          | 164/466 [00:00<00:00, 553.45it/s, Materializing param=model.layers.13.shared_mlp.input_linear.weight]
Loading weights:  35%|██████████████▏                         | 165/466 [00:00<00:00, 553.45it/s, Materializing param=model.layers.13.shared_mlp.output_linear.weight]
Loading weights:  35%|██████████████▏                         | 165/466 [00:00<00:00, 553.45it/s, Materializing param=model.layers.13.shared_mlp.output_linear.weight]
Loading weights:  36%|█████████████████▍                               | 166/466 [00:00<00:00, 553.45it/s, Materializing param=model.layers.14.input_layernorm.weight]
Loading weights:  36%|█████████████████▍                               | 166/466 [00:00<00:00, 553.45it/s, Materializing param=model.layers.14.input_layernorm.weight]
Loading weights:  36%|█████████████████████▌                                      | 167/466 [00:00<00:00, 553.45it/s, Materializing param=model.layers.14.mamba.A_log]
Loading weights:  36%|█████████████████████▌                                      | 167/466 [00:00<00:00, 553.45it/s, Materializing param=model.layers.14.mamba.A_log]
Loading weights:  36%|███████████████████████                                         | 168/466 [00:00<00:00, 553.45it/s, Materializing param=model.layers.14.mamba.D]
Loading weights:  36%|███████████████████████                                         | 168/466 [00:00<00:00, 553.45it/s, Materializing param=model.layers.14.mamba.D]
Loading weights:  36%|███████████████████▌                                  | 169/466 [00:00<00:00, 553.45it/s, Materializing param=model.layers.14.mamba.conv1d.bias]
Loading weights:  36%|███████████████████▌                                  | 169/466 [00:00<00:00, 553.45it/s, Materializing param=model.layers.14.mamba.conv1d.bias]
Loading weights:  36%|██████████████████▉                                 | 170/466 [00:00<00:00, 553.45it/s, Materializing param=model.layers.14.mamba.conv1d.weight]
Loading weights:  36%|██████████████████▉                                 | 170/466 [00:00<00:00, 553.45it/s, Materializing param=model.layers.14.mamba.conv1d.weight]
Loading weights:  37%|█████████████████████▎                                    | 171/466 [00:00<00:00, 553.45it/s, Materializing param=model.layers.14.mamba.dt_bias]
Loading weights:  37%|█████████████████████▎                                    | 171/466 [00:00<00:00, 553.45it/s, Materializing param=model.layers.14.mamba.dt_bias]
Loading weights:  37%|██████████████████▊                                | 172/466 [00:00<00:00, 553.45it/s, Materializing param=model.layers.14.mamba.in_proj.weight]
Loading weights:  37%|██████████████████▊                                | 172/466 [00:00<00:00, 553.45it/s, Materializing param=model.layers.14.mamba.in_proj.weight]
Loading weights:  37%|████████████████████                                  | 173/466 [00:00<00:00, 553.45it/s, Materializing param=model.layers.14.mamba.norm.weight]
Loading weights:  37%|████████████████████                                  | 173/466 [00:00<00:00, 553.45it/s, Materializing param=model.layers.14.mamba.norm.weight]
Loading weights:  37%|██████████████████▋                               | 174/466 [00:00<00:00, 553.45it/s, Materializing param=model.layers.14.mamba.out_proj.weight]
Loading weights:  37%|██████████████████▋                               | 174/466 [00:00<00:00, 553.45it/s, Materializing param=model.layers.14.mamba.out_proj.weight]
Loading weights:  38%|███████████████                         | 175/466 [00:00<00:00, 553.45it/s, Materializing param=model.layers.14.post_attention_layernorm.weight]
Loading weights:  38%|███████████████                         | 175/466 [00:00<00:00, 553.45it/s, Materializing param=model.layers.14.post_attention_layernorm.weight]
Loading weights:  38%|███████████████▍                         | 176/466 [00:00<00:00, 553.45it/s, Materializing param=model.layers.14.shared_mlp.input_linear.weight]
Loading weights:  38%|███████████████▍                         | 176/466 [00:00<00:00, 553.45it/s, Materializing param=model.layers.14.shared_mlp.input_linear.weight]
Loading weights:  38%|███████████████▏                        | 177/466 [00:00<00:00, 553.45it/s, Materializing param=model.layers.14.shared_mlp.output_linear.weight]
Loading weights:  38%|███████████████▏                        | 177/466 [00:00<00:00, 553.45it/s, Materializing param=model.layers.14.shared_mlp.output_linear.weight]
Loading weights:  38%|███████████████▎                        | 178/466 [00:00<00:00, 573.28it/s, Materializing param=model.layers.14.shared_mlp.output_linear.weight]
Loading weights:  38%|██████████████████▋                              | 178/466 [00:00<00:00, 573.28it/s, Materializing param=model.layers.15.input_layernorm.weight]
Loading weights:  38%|██████████████████▋                              | 178/466 [00:00<00:00, 573.28it/s, Materializing param=model.layers.15.input_layernorm.weight]
Loading weights:  38%|███████████████▎                        | 179/466 [00:00<00:00, 573.28it/s, Materializing param=model.layers.15.post_attention_layernorm.weight]
Loading weights:  38%|███████████████▎                        | 179/466 [00:00<00:00, 573.28it/s, Materializing param=model.layers.15.post_attention_layernorm.weight]
Loading weights:  39%|██████████████████▌                             | 180/466 [00:00<00:00, 573.28it/s, Materializing param=model.layers.15.self_attn.k_proj.weight]
Loading weights:  39%|██████████████████▌                             | 180/466 [00:00<00:00, 573.28it/s, Materializing param=model.layers.15.self_attn.k_proj.weight]
Loading weights:  39%|██████████████████▋                             | 181/466 [00:00<00:00, 573.28it/s, Materializing param=model.layers.15.self_attn.o_proj.weight]
Loading weights:  39%|██████████████████▋                             | 181/466 [00:00<00:00, 573.28it/s, Materializing param=model.layers.15.self_attn.o_proj.weight]
Loading weights:  39%|██████████████████▋                             | 182/466 [00:00<00:00, 573.28it/s, Materializing param=model.layers.15.self_attn.q_proj.weight]
Loading weights:  39%|██████████████████▋                             | 182/466 [00:00<00:00, 573.28it/s, Materializing param=model.layers.15.self_attn.q_proj.weight]
Loading weights:  39%|██████████████████▊                             | 183/466 [00:00<00:00, 573.28it/s, Materializing param=model.layers.15.self_attn.v_proj.weight]
Loading weights:  39%|██████████████████▊                             | 183/466 [00:00<00:00, 573.28it/s, Materializing param=model.layers.15.self_attn.v_proj.weight]
Loading weights:  39%|████████████████▏                        | 184/466 [00:00<00:00, 573.28it/s, Materializing param=model.layers.15.shared_mlp.input_linear.weight]
Loading weights:  39%|████████████████▏                        | 184/466 [00:00<00:00, 573.28it/s, Materializing param=model.layers.15.shared_mlp.input_linear.weight]
Loading weights:  40%|███████████████▉                        | 185/466 [00:00<00:00, 573.28it/s, Materializing param=model.layers.15.shared_mlp.output_linear.weight]
Loading weights:  40%|███████████████▉                        | 185/466 [00:00<00:00, 573.28it/s, Materializing param=model.layers.15.shared_mlp.output_linear.weight]
Loading weights:  40%|███████████████████▌                             | 186/466 [00:00<00:00, 573.28it/s, Materializing param=model.layers.16.input_layernorm.weight]
Loading weights:  40%|███████████████████▌                             | 186/466 [00:00<00:00, 573.28it/s, Materializing param=model.layers.16.input_layernorm.weight]
Loading weights:  40%|████████████████████████                                    | 187/466 [00:00<00:00, 573.28it/s, Materializing param=model.layers.16.mamba.A_log]
Loading weights:  40%|████████████████████████                                    | 187/466 [00:00<00:00, 573.28it/s, Materializing param=model.layers.16.mamba.A_log]
Loading weights:  40%|█████████████████████████▊                                      | 188/466 [00:00<00:00, 573.28it/s, Materializing param=model.layers.16.mamba.D]
Loading weights:  40%|█████████████████████████▊                                      | 188/466 [00:00<00:00, 573.28it/s, Materializing param=model.layers.16.mamba.D]
Loading weights:  41%|█████████████████████▉                                | 189/466 [00:00<00:00, 573.28it/s, Materializing param=model.layers.16.mamba.conv1d.bias]
Loading weights:  41%|█████████████████████▉                                | 189/466 [00:00<00:00, 573.28it/s, Materializing param=model.layers.16.mamba.conv1d.bias]
Loading weights:  41%|█████████████████████▏                              | 190/466 [00:00<00:00, 573.28it/s, Materializing param=model.layers.16.mamba.conv1d.weight]
Loading weights:  41%|█████████████████████▏                              | 190/466 [00:00<00:00, 573.28it/s, Materializing param=model.layers.16.mamba.conv1d.weight]
Loading weights:  41%|███████████████████████▊                                  | 191/466 [00:00<00:00, 573.28it/s, Materializing param=model.layers.16.mamba.dt_bias]
Loading weights:  41%|███████████████████████▊                                  | 191/466 [00:00<00:00, 573.28it/s, Materializing param=model.layers.16.mamba.dt_bias]
Loading weights:  41%|█████████████████████                              | 192/466 [00:00<00:00, 573.28it/s, Materializing param=model.layers.16.mamba.in_proj.weight]
Loading weights:  41%|█████████████████████                              | 192/466 [00:00<00:00, 573.28it/s, Materializing param=model.layers.16.mamba.in_proj.weight]
Loading weights:  41%|██████████████████████▎                               | 193/466 [00:00<00:00, 573.28it/s, Materializing param=model.layers.16.mamba.norm.weight]
Loading weights:  41%|██████████████████████▎                               | 193/466 [00:00<00:00, 573.28it/s, Materializing param=model.layers.16.mamba.norm.weight]
Loading weights:  42%|████████████████████▊                             | 194/466 [00:00<00:00, 573.28it/s, Materializing param=model.layers.16.mamba.out_proj.weight]
Loading weights:  42%|████████████████████▊                             | 194/466 [00:00<00:00, 573.28it/s, Materializing param=model.layers.16.mamba.out_proj.weight]
Loading weights:  42%|████████████████▋                       | 195/466 [00:00<00:00, 573.28it/s, Materializing param=model.layers.16.post_attention_layernorm.weight]
Loading weights:  42%|████████████████▋                       | 195/466 [00:00<00:00, 573.28it/s, Materializing param=model.layers.16.post_attention_layernorm.weight]
Loading weights:  42%|█████████████████▏                       | 196/466 [00:00<00:00, 573.28it/s, Materializing param=model.layers.16.shared_mlp.input_linear.weight]
Loading weights:  42%|█████████████████▏                       | 196/466 [00:00<00:00, 573.28it/s, Materializing param=model.layers.16.shared_mlp.input_linear.weight]
Loading weights:  42%|████████████████▉                       | 197/466 [00:00<00:00, 573.28it/s, Materializing param=model.layers.16.shared_mlp.output_linear.weight]
Loading weights:  42%|████████████████▉                       | 197/466 [00:00<00:00, 573.28it/s, Materializing param=model.layers.16.shared_mlp.output_linear.weight]
Loading weights:  42%|████████████████████▊                            | 198/466 [00:00<00:00, 573.28it/s, Materializing param=model.layers.17.input_layernorm.weight]
Loading weights:  42%|████████████████████▊                            | 198/466 [00:00<00:00, 573.28it/s, Materializing param=model.layers.17.input_layernorm.weight]
Loading weights:  43%|█████████████████████████▌                                  | 199/466 [00:00<00:00, 573.28it/s, Materializing param=model.layers.17.mamba.A_log]
Loading weights:  43%|█████████████████████████▌                                  | 199/466 [00:00<00:00, 573.28it/s, Materializing param=model.layers.17.mamba.A_log]
Loading weights:  43%|███████████████████████████▍                                    | 200/466 [00:00<00:00, 573.28it/s, Materializing param=model.layers.17.mamba.D]
Loading weights:  43%|███████████████████████████▍                                    | 200/466 [00:00<00:00, 573.28it/s, Materializing param=model.layers.17.mamba.D]
Loading weights:  43%|███████████████████████▎                              | 201/466 [00:00<00:00, 573.28it/s, Materializing param=model.layers.17.mamba.conv1d.bias]
Loading weights:  43%|███████████████████████▎                              | 201/466 [00:00<00:00, 573.28it/s, Materializing param=model.layers.17.mamba.conv1d.bias]
Loading weights:  43%|██████████████████████▌                             | 202/466 [00:00<00:00, 573.28it/s, Materializing param=model.layers.17.mamba.conv1d.weight]
Loading weights:  43%|██████████████████████▌                             | 202/466 [00:00<00:00, 573.28it/s, Materializing param=model.layers.17.mamba.conv1d.weight]
Loading weights:  44%|█████████████████████████▎                                | 203/466 [00:00<00:00, 573.28it/s, Materializing param=model.layers.17.mamba.dt_bias]
Loading weights:  44%|█████████████████████████▎                                | 203/466 [00:00<00:00, 573.28it/s, Materializing param=model.layers.17.mamba.dt_bias]
Loading weights:  44%|██████████████████████▎                            | 204/466 [00:00<00:00, 573.28it/s, Materializing param=model.layers.17.mamba.in_proj.weight]
Loading weights:  44%|██████████████████████▎                            | 204/466 [00:00<00:00, 573.28it/s, Materializing param=model.layers.17.mamba.in_proj.weight]
Loading weights:  44%|███████████████████████▊                              | 205/466 [00:00<00:00, 573.28it/s, Materializing param=model.layers.17.mamba.norm.weight]
Loading weights:  44%|███████████████████████▊                              | 205/466 [00:00<00:00, 573.28it/s, Materializing param=model.layers.17.mamba.norm.weight]
Loading weights:  44%|██████████████████████                            | 206/466 [00:00<00:00, 573.28it/s, Materializing param=model.layers.17.mamba.out_proj.weight]
Loading weights:  44%|██████████████████████                            | 206/466 [00:00<00:00, 573.28it/s, Materializing param=model.layers.17.mamba.out_proj.weight]
Loading weights:  44%|█████████████████▊                      | 207/466 [00:00<00:00, 573.28it/s, Materializing param=model.layers.17.post_attention_layernorm.weight]
Loading weights:  44%|█████████████████▊                      | 207/466 [00:00<00:00, 573.28it/s, Materializing param=model.layers.17.post_attention_layernorm.weight]
Loading weights:  45%|██████████████████▎                      | 208/466 [00:00<00:00, 573.28it/s, Materializing param=model.layers.17.shared_mlp.input_linear.weight]
Loading weights:  45%|██████████████████▎                      | 208/466 [00:00<00:00, 573.28it/s, Materializing param=model.layers.17.shared_mlp.input_linear.weight]
Loading weights:  45%|█████████████████▉                      | 209/466 [00:00<00:00, 573.28it/s, Materializing param=model.layers.17.shared_mlp.output_linear.weight]
Loading weights:  45%|█████████████████▉                      | 209/466 [00:00<00:00, 573.28it/s, Materializing param=model.layers.17.shared_mlp.output_linear.weight]
Loading weights:  45%|██████████████████████                           | 210/466 [00:00<00:00, 573.28it/s, Materializing param=model.layers.18.input_layernorm.weight]
Loading weights:  45%|██████████████████████                           | 210/466 [00:00<00:00, 573.28it/s, Materializing param=model.layers.18.input_layernorm.weight]
Loading weights:  45%|███████████████████████████▏                                | 211/466 [00:00<00:00, 573.28it/s, Materializing param=model.layers.18.mamba.A_log]
Loading weights:  45%|███████████████████████████▏                                | 211/466 [00:00<00:00, 573.28it/s, Materializing param=model.layers.18.mamba.A_log]
Loading weights:  45%|█████████████████████████████                                   | 212/466 [00:00<00:00, 573.28it/s, Materializing param=model.layers.18.mamba.D]
Loading weights:  45%|█████████████████████████████                                   | 212/466 [00:00<00:00, 573.28it/s, Materializing param=model.layers.18.mamba.D]
Loading weights:  46%|████████████████████████▋                             | 213/466 [00:00<00:00, 573.28it/s, Materializing param=model.layers.18.mamba.conv1d.bias]
Loading weights:  46%|████████████████████████▋                             | 213/466 [00:00<00:00, 573.28it/s, Materializing param=model.layers.18.mamba.conv1d.bias]
Loading weights:  46%|███████████████████████▉                            | 214/466 [00:00<00:00, 573.28it/s, Materializing param=model.layers.18.mamba.conv1d.weight]
Loading weights:  46%|███████████████████████▉                            | 214/466 [00:00<00:00, 573.28it/s, Materializing param=model.layers.18.mamba.conv1d.weight]
Loading weights:  46%|██████████████████████████▊                               | 215/466 [00:00<00:00, 573.28it/s, Materializing param=model.layers.18.mamba.dt_bias]
Loading weights:  46%|██████████████████████████▊                               | 215/466 [00:00<00:00, 573.28it/s, Materializing param=model.layers.18.mamba.dt_bias]
Loading weights:  46%|███████████████████████▋                           | 216/466 [00:00<00:00, 573.28it/s, Materializing param=model.layers.18.mamba.in_proj.weight]
Loading weights:  46%|███████████████████████▋                           | 216/466 [00:00<00:00, 573.28it/s, Materializing param=model.layers.18.mamba.in_proj.weight]
Loading weights:  47%|█████████████████████████▏                            | 217/466 [00:00<00:00, 573.28it/s, Materializing param=model.layers.18.mamba.norm.weight]
Loading weights:  47%|█████████████████████████▏                            | 217/466 [00:00<00:00, 573.28it/s, Materializing param=model.layers.18.mamba.norm.weight]
Loading weights:  47%|███████████████████████▍                          | 218/466 [00:00<00:00, 573.28it/s, Materializing param=model.layers.18.mamba.out_proj.weight]
Loading weights:  47%|███████████████████████▍                          | 218/466 [00:00<00:00, 573.28it/s, Materializing param=model.layers.18.mamba.out_proj.weight]
Loading weights:  47%|██████████████████▊                     | 219/466 [00:00<00:00, 573.28it/s, Materializing param=model.layers.18.post_attention_layernorm.weight]
Loading weights:  47%|██████████████████▊                     | 219/466 [00:00<00:00, 573.28it/s, Materializing param=model.layers.18.post_attention_layernorm.weight]
Loading weights:  47%|███████████████████▎                     | 220/466 [00:00<00:00, 573.28it/s, Materializing param=model.layers.18.shared_mlp.input_linear.weight]
Loading weights:  47%|███████████████████▎                     | 220/466 [00:00<00:00, 573.28it/s, Materializing param=model.layers.18.shared_mlp.input_linear.weight]
Loading weights:  47%|██████████████████▉                     | 221/466 [00:00<00:00, 573.28it/s, Materializing param=model.layers.18.shared_mlp.output_linear.weight]
Loading weights:  47%|██████████████████▉                     | 221/466 [00:00<00:00, 573.28it/s, Materializing param=model.layers.18.shared_mlp.output_linear.weight]
Loading weights:  48%|███████████████████████▎                         | 222/466 [00:00<00:00, 573.28it/s, Materializing param=model.layers.19.input_layernorm.weight]
Loading weights:  48%|███████████████████████▎                         | 222/466 [00:00<00:00, 573.28it/s, Materializing param=model.layers.19.input_layernorm.weight]
Loading weights:  48%|████████████████████████████▋                               | 223/466 [00:00<00:00, 573.28it/s, Materializing param=model.layers.19.mamba.A_log]
Loading weights:  48%|████████████████████████████▋                               | 223/466 [00:00<00:00, 573.28it/s, Materializing param=model.layers.19.mamba.A_log]
Loading weights:  48%|██████████████████████████████▊                                 | 224/466 [00:00<00:00, 573.28it/s, Materializing param=model.layers.19.mamba.D]
Loading weights:  48%|██████████████████████████████▊                                 | 224/466 [00:00<00:00, 573.28it/s, Materializing param=model.layers.19.mamba.D]
Loading weights:  48%|██████████████████████████                            | 225/466 [00:00<00:00, 573.28it/s, Materializing param=model.layers.19.mamba.conv1d.bias]
Loading weights:  48%|██████████████████████████                            | 225/466 [00:00<00:00, 573.28it/s, Materializing param=model.layers.19.mamba.conv1d.bias]
Loading weights:  48%|█████████████████████████▏                          | 226/466 [00:00<00:00, 573.28it/s, Materializing param=model.layers.19.mamba.conv1d.weight]
Loading weights:  48%|█████████████████████████▏                          | 226/466 [00:00<00:00, 573.28it/s, Materializing param=model.layers.19.mamba.conv1d.weight]
Loading weights:  49%|████████████████████████████▎                             | 227/466 [00:00<00:00, 573.28it/s, Materializing param=model.layers.19.mamba.dt_bias]
Loading weights:  49%|████████████████████████████▎                             | 227/466 [00:00<00:00, 573.28it/s, Materializing param=model.layers.19.mamba.dt_bias]
Loading weights:  49%|████████████████████████▉                          | 228/466 [00:00<00:00, 573.28it/s, Materializing param=model.layers.19.mamba.in_proj.weight]
Loading weights:  49%|████████████████████████▉                          | 228/466 [00:00<00:00, 573.28it/s, Materializing param=model.layers.19.mamba.in_proj.weight]
Loading weights:  49%|██████████████████████████▌                           | 229/466 [00:00<00:00, 573.28it/s, Materializing param=model.layers.19.mamba.norm.weight]
Loading weights:  49%|██████████████████████████▌                           | 229/466 [00:00<00:00, 573.28it/s, Materializing param=model.layers.19.mamba.norm.weight]
Loading weights:  49%|████████████████████████▋                         | 230/466 [00:00<00:00, 573.28it/s, Materializing param=model.layers.19.mamba.out_proj.weight]
Loading weights:  49%|████████████████████████▋                         | 230/466 [00:00<00:00, 573.28it/s, Materializing param=model.layers.19.mamba.out_proj.weight]
Loading weights:  50%|███████████████████▊                    | 231/466 [00:00<00:00, 573.28it/s, Materializing param=model.layers.19.post_attention_layernorm.weight]
Loading weights:  50%|███████████████████▊                    | 231/466 [00:00<00:00, 573.28it/s, Materializing param=model.layers.19.post_attention_layernorm.weight]
Loading weights:  50%|████████████████████▍                    | 232/466 [00:00<00:00, 573.28it/s, Materializing param=model.layers.19.shared_mlp.input_linear.weight]
Loading weights:  50%|████████████████████▍                    | 232/466 [00:00<00:00, 573.28it/s, Materializing param=model.layers.19.shared_mlp.input_linear.weight]
Loading weights:  50%|████████████████████                    | 233/466 [00:00<00:00, 573.28it/s, Materializing param=model.layers.19.shared_mlp.output_linear.weight]
Loading weights:  50%|████████████████████                    | 233/466 [00:00<00:00, 573.28it/s, Materializing param=model.layers.19.shared_mlp.output_linear.weight]
Loading weights:  50%|████████████████████████▌                        | 234/466 [00:00<00:00, 573.28it/s, Materializing param=model.layers.20.input_layernorm.weight]
Loading weights:  50%|████████████████████████▌                        | 234/466 [00:00<00:00, 573.28it/s, Materializing param=model.layers.20.input_layernorm.weight]
Loading weights:  50%|██████████████████████████████▎                             | 235/466 [00:00<00:00, 573.28it/s, Materializing param=model.layers.20.mamba.A_log]
Loading weights:  50%|██████████████████████████████▎                             | 235/466 [00:00<00:00, 573.28it/s, Materializing param=model.layers.20.mamba.A_log]
Loading weights:  51%|██████████████████████████████▍                             | 236/466 [00:00<00:00, 556.17it/s, Materializing param=model.layers.20.mamba.A_log]
Loading weights:  51%|████████████████████████████████▍                               | 236/466 [00:00<00:00, 556.17it/s, Materializing param=model.layers.20.mamba.D]
Loading weights:  51%|████████████████████████████████▍                               | 236/466 [00:00<00:00, 556.17it/s, Materializing param=model.layers.20.mamba.D]
Loading weights:  51%|███████████████████████████▍                          | 237/466 [00:00<00:00, 556.17it/s, Materializing param=model.layers.20.mamba.conv1d.bias]
Loading weights:  51%|███████████████████████████▍                          | 237/466 [00:00<00:00, 556.17it/s, Materializing param=model.layers.20.mamba.conv1d.bias]
Loading weights:  51%|██████████████████████████▌                         | 238/466 [00:00<00:00, 556.17it/s, Materializing param=model.layers.20.mamba.conv1d.weight]
Loading weights:  51%|██████████████████████████▌                         | 238/466 [00:00<00:00, 556.17it/s, Materializing param=model.layers.20.mamba.conv1d.weight]
Loading weights:  51%|█████████████████████████████▋                            | 239/466 [00:00<00:00, 556.17it/s, Materializing param=model.layers.20.mamba.dt_bias]
Loading weights:  51%|█████████████████████████████▋                            | 239/466 [00:00<00:00, 556.17it/s, Materializing param=model.layers.20.mamba.dt_bias]
Loading weights:  52%|██████████████████████████▎                        | 240/466 [00:00<00:00, 556.17it/s, Materializing param=model.layers.20.mamba.in_proj.weight]
Loading weights:  52%|██████████████████████████▎                        | 240/466 [00:00<00:00, 556.17it/s, Materializing param=model.layers.20.mamba.in_proj.weight]
Loading weights:  52%|███████████████████████████▉                          | 241/466 [00:00<00:00, 556.17it/s, Materializing param=model.layers.20.mamba.norm.weight]
Loading weights:  52%|███████████████████████████▉                          | 241/466 [00:00<00:00, 556.17it/s, Materializing param=model.layers.20.mamba.norm.weight]
Loading weights:  52%|█████████████████████████▉                        | 242/466 [00:00<00:00, 556.17it/s, Materializing param=model.layers.20.mamba.out_proj.weight]
Loading weights:  52%|█████████████████████████▉                        | 242/466 [00:00<00:00, 556.17it/s, Materializing param=model.layers.20.mamba.out_proj.weight]
Loading weights:  52%|████████████████████▊                   | 243/466 [00:00<00:00, 556.17it/s, Materializing param=model.layers.20.post_attention_layernorm.weight]
Loading weights:  52%|████████████████████▊                   | 243/466 [00:00<00:00, 556.17it/s, Materializing param=model.layers.20.post_attention_layernorm.weight]
Loading weights:  52%|█████████████████████▍                   | 244/466 [00:00<00:00, 556.17it/s, Materializing param=model.layers.20.shared_mlp.input_linear.weight]
Loading weights:  52%|█████████████████████▍                   | 244/466 [00:00<00:00, 556.17it/s, Materializing param=model.layers.20.shared_mlp.input_linear.weight]
Loading weights:  53%|█████████████████████                   | 245/466 [00:00<00:00, 556.17it/s, Materializing param=model.layers.20.shared_mlp.output_linear.weight]
Loading weights:  53%|█████████████████████                   | 245/466 [00:00<00:00, 556.17it/s, Materializing param=model.layers.20.shared_mlp.output_linear.weight]
Loading weights:  53%|█████████████████████████▊                       | 246/466 [00:00<00:00, 556.17it/s, Materializing param=model.layers.21.input_layernorm.weight]
Loading weights:  53%|█████████████████████████▊                       | 246/466 [00:00<00:00, 556.17it/s, Materializing param=model.layers.21.input_layernorm.weight]
Loading weights:  53%|███████████████████████████████▊                            | 247/466 [00:00<00:00, 556.17it/s, Materializing param=model.layers.21.mamba.A_log]
Loading weights:  53%|███████████████████████████████▊                            | 247/466 [00:00<00:00, 556.17it/s, Materializing param=model.layers.21.mamba.A_log]
Loading weights:  53%|██████████████████████████████████                              | 248/466 [00:00<00:00, 556.17it/s, Materializing param=model.layers.21.mamba.D]
Loading weights:  53%|██████████████████████████████████                              | 248/466 [00:00<00:00, 556.17it/s, Materializing param=model.layers.21.mamba.D]
Loading weights:  53%|████████████████████████████▊                         | 249/466 [00:00<00:00, 556.17it/s, Materializing param=model.layers.21.mamba.conv1d.bias]
Loading weights:  53%|████████████████████████████▊                         | 249/466 [00:00<00:00, 556.17it/s, Materializing param=model.layers.21.mamba.conv1d.bias]
Loading weights:  54%|███████████████████████████▉                        | 250/466 [00:00<00:00, 556.17it/s, Materializing param=model.layers.21.mamba.conv1d.weight]
Loading weights:  54%|███████████████████████████▉                        | 250/466 [00:00<00:00, 556.17it/s, Materializing param=model.layers.21.mamba.conv1d.weight]
Loading weights:  54%|███████████████████████████████▏                          | 251/466 [00:00<00:00, 556.17it/s, Materializing param=model.layers.21.mamba.dt_bias]
Loading weights:  54%|███████████████████████████████▏                          | 251/466 [00:00<00:00, 556.17it/s, Materializing param=model.layers.21.mamba.dt_bias]
Loading weights:  54%|███████████████████████████▌                       | 252/466 [00:00<00:00, 556.17it/s, Materializing param=model.layers.21.mamba.in_proj.weight]
Loading weights:  54%|███████████████████████████▌                       | 252/466 [00:00<00:00, 556.17it/s, Materializing param=model.layers.21.mamba.in_proj.weight]
Loading weights:  54%|█████████████████████████████▎                        | 253/466 [00:00<00:00, 556.17it/s, Materializing param=model.layers.21.mamba.norm.weight]
Loading weights:  54%|█████████████████████████████▎                        | 253/466 [00:00<00:00, 556.17it/s, Materializing param=model.layers.21.mamba.norm.weight]
Loading weights:  55%|███████████████████████████▎                      | 254/466 [00:00<00:00, 556.17it/s, Materializing param=model.layers.21.mamba.out_proj.weight]
Loading weights:  55%|███████████████████████████▎                      | 254/466 [00:00<00:00, 556.17it/s, Materializing param=model.layers.21.mamba.out_proj.weight]
Loading weights:  55%|█████████████████████▉                  | 255/466 [00:00<00:00, 556.17it/s, Materializing param=model.layers.21.post_attention_layernorm.weight]
Loading weights:  55%|█████████████████████▉                  | 255/466 [00:00<00:00, 556.17it/s, Materializing param=model.layers.21.post_attention_layernorm.weight]
Loading weights:  55%|██████████████████████▌                  | 256/466 [00:00<00:00, 556.17it/s, Materializing param=model.layers.21.shared_mlp.input_linear.weight]
Loading weights:  55%|██████████████████████▌                  | 256/466 [00:00<00:00, 556.17it/s, Materializing param=model.layers.21.shared_mlp.input_linear.weight]
Loading weights:  55%|██████████████████████                  | 257/466 [00:00<00:00, 556.17it/s, Materializing param=model.layers.21.shared_mlp.output_linear.weight]
Loading weights:  55%|██████████████████████                  | 257/466 [00:00<00:00, 556.17it/s, Materializing param=model.layers.21.shared_mlp.output_linear.weight]
Loading weights:  55%|███████████████████████████▏                     | 258/466 [00:00<00:00, 556.17it/s, Materializing param=model.layers.22.input_layernorm.weight]
Loading weights:  55%|███████████████████████████▏                     | 258/466 [00:00<00:00, 556.17it/s, Materializing param=model.layers.22.input_layernorm.weight]
Loading weights:  56%|█████████████████████████████████▎                          | 259/466 [00:00<00:00, 556.17it/s, Materializing param=model.layers.22.mamba.A_log]
Loading weights:  56%|█████████████████████████████████▎                          | 259/466 [00:00<00:00, 556.17it/s, Materializing param=model.layers.22.mamba.A_log]
Loading weights:  56%|███████████████████████████████████▋                            | 260/466 [00:00<00:00, 556.17it/s, Materializing param=model.layers.22.mamba.D]
Loading weights:  56%|███████████████████████████████████▋                            | 260/466 [00:00<00:00, 556.17it/s, Materializing param=model.layers.22.mamba.D]
Loading weights:  56%|██████████████████████████████▏                       | 261/466 [00:00<00:00, 556.17it/s, Materializing param=model.layers.22.mamba.conv1d.bias]
Loading weights:  56%|██████████████████████████████▏                       | 261/466 [00:00<00:00, 556.17it/s, Materializing param=model.layers.22.mamba.conv1d.bias]
Loading weights:  56%|█████████████████████████████▏                      | 262/466 [00:00<00:00, 556.17it/s, Materializing param=model.layers.22.mamba.conv1d.weight]
Loading weights:  56%|█████████████████████████████▏                      | 262/466 [00:00<00:00, 556.17it/s, Materializing param=model.layers.22.mamba.conv1d.weight]
Loading weights:  56%|████████████████████████████████▋                         | 263/466 [00:00<00:00, 556.17it/s, Materializing param=model.layers.22.mamba.dt_bias]
Loading weights:  56%|████████████████████████████████▋                         | 263/466 [00:00<00:00, 556.17it/s, Materializing param=model.layers.22.mamba.dt_bias]
Loading weights:  57%|████████████████████████████▉                      | 264/466 [00:00<00:00, 556.17it/s, Materializing param=model.layers.22.mamba.in_proj.weight]
Loading weights:  57%|████████████████████████████▉                      | 264/466 [00:00<00:00, 556.17it/s, Materializing param=model.layers.22.mamba.in_proj.weight]
Loading weights:  57%|██████████████████████████████▋                       | 265/466 [00:00<00:00, 556.17it/s, Materializing param=model.layers.22.mamba.norm.weight]
Loading weights:  57%|██████████████████████████████▋                       | 265/466 [00:00<00:00, 556.17it/s, Materializing param=model.layers.22.mamba.norm.weight]
Loading weights:  57%|████████████████████████████▌                     | 266/466 [00:00<00:00, 556.17it/s, Materializing param=model.layers.22.mamba.out_proj.weight]
Loading weights:  57%|████████████████████████████▌                     | 266/466 [00:00<00:00, 556.17it/s, Materializing param=model.layers.22.mamba.out_proj.weight]
Loading weights:  57%|██████████████████████▉                 | 267/466 [00:00<00:00, 556.17it/s, Materializing param=model.layers.22.post_attention_layernorm.weight]
Loading weights:  57%|██████████████████████▉                 | 267/466 [00:00<00:00, 556.17it/s, Materializing param=model.layers.22.post_attention_layernorm.weight]
Loading weights:  58%|███████████████████████▌                 | 268/466 [00:00<00:00, 556.17it/s, Materializing param=model.layers.22.shared_mlp.input_linear.weight]
Loading weights:  58%|███████████████████████▌                 | 268/466 [00:00<00:00, 556.17it/s, Materializing param=model.layers.22.shared_mlp.input_linear.weight]
Loading weights:  58%|███████████████████████                 | 269/466 [00:00<00:00, 556.17it/s, Materializing param=model.layers.22.shared_mlp.output_linear.weight]
Loading weights:  58%|███████████████████████                 | 269/466 [00:00<00:00, 556.17it/s, Materializing param=model.layers.22.shared_mlp.output_linear.weight]
Loading weights:  58%|████████████████████████████▍                    | 270/466 [00:00<00:00, 556.17it/s, Materializing param=model.layers.23.input_layernorm.weight]
Loading weights:  58%|████████████████████████████▍                    | 270/466 [00:00<00:00, 556.17it/s, Materializing param=model.layers.23.input_layernorm.weight]
Loading weights:  58%|██████████████████████████████████▉                         | 271/466 [00:00<00:00, 556.17it/s, Materializing param=model.layers.23.mamba.A_log]
Loading weights:  58%|██████████████████████████████████▉                         | 271/466 [00:00<00:00, 556.17it/s, Materializing param=model.layers.23.mamba.A_log]
Loading weights:  58%|█████████████████████████████████████▎                          | 272/466 [00:00<00:00, 556.17it/s, Materializing param=model.layers.23.mamba.D]
Loading weights:  58%|█████████████████████████████████████▎                          | 272/466 [00:00<00:00, 556.17it/s, Materializing param=model.layers.23.mamba.D]
Loading weights:  59%|███████████████████████████████▋                      | 273/466 [00:00<00:00, 556.17it/s, Materializing param=model.layers.23.mamba.conv1d.bias]
Loading weights:  59%|███████████████████████████████▋                      | 273/466 [00:00<00:00, 556.17it/s, Materializing param=model.layers.23.mamba.conv1d.bias]
Loading weights:  59%|██████████████████████████████▌                     | 274/466 [00:00<00:00, 556.17it/s, Materializing param=model.layers.23.mamba.conv1d.weight]
Loading weights:  59%|██████████████████████████████▌                     | 274/466 [00:00<00:00, 556.17it/s, Materializing param=model.layers.23.mamba.conv1d.weight]
Loading weights:  59%|██████████████████████████████████▏                       | 275/466 [00:00<00:00, 556.17it/s, Materializing param=model.layers.23.mamba.dt_bias]
Loading weights:  59%|██████████████████████████████████▏                       | 275/466 [00:00<00:00, 556.17it/s, Materializing param=model.layers.23.mamba.dt_bias]
Loading weights:  59%|██████████████████████████████▏                    | 276/466 [00:00<00:00, 556.17it/s, Materializing param=model.layers.23.mamba.in_proj.weight]
Loading weights:  59%|██████████████████████████████▏                    | 276/466 [00:00<00:00, 556.17it/s, Materializing param=model.layers.23.mamba.in_proj.weight]
Loading weights:  59%|████████████████████████████████                      | 277/466 [00:00<00:00, 556.17it/s, Materializing param=model.layers.23.mamba.norm.weight]
Loading weights:  59%|████████████████████████████████                      | 277/466 [00:00<00:00, 556.17it/s, Materializing param=model.layers.23.mamba.norm.weight]
Loading weights:  60%|█████████████████████████████▊                    | 278/466 [00:00<00:00, 556.17it/s, Materializing param=model.layers.23.mamba.out_proj.weight]
Loading weights:  60%|█████████████████████████████▊                    | 278/466 [00:00<00:00, 556.17it/s, Materializing param=model.layers.23.mamba.out_proj.weight]
Loading weights:  60%|███████████████████████▉                | 279/466 [00:00<00:00, 556.17it/s, Materializing param=model.layers.23.post_attention_layernorm.weight]
Loading weights:  60%|███████████████████████▉                | 279/466 [00:00<00:00, 556.17it/s, Materializing param=model.layers.23.post_attention_layernorm.weight]
Loading weights:  60%|████████████████████████▋                | 280/466 [00:00<00:00, 556.17it/s, Materializing param=model.layers.23.shared_mlp.input_linear.weight]
Loading weights:  60%|████████████████████████▋                | 280/466 [00:00<00:00, 556.17it/s, Materializing param=model.layers.23.shared_mlp.input_linear.weight]
Loading weights:  60%|████████████████████████                | 281/466 [00:00<00:00, 556.17it/s, Materializing param=model.layers.23.shared_mlp.output_linear.weight]
Loading weights:  60%|████████████████████████                | 281/466 [00:00<00:00, 556.17it/s, Materializing param=model.layers.23.shared_mlp.output_linear.weight]
Loading weights:  61%|█████████████████████████████▋                   | 282/466 [00:00<00:00, 556.17it/s, Materializing param=model.layers.24.input_layernorm.weight]
Loading weights:  61%|█████████████████████████████▋                   | 282/466 [00:00<00:00, 556.17it/s, Materializing param=model.layers.24.input_layernorm.weight]
Loading weights:  61%|████████████████████████████████████▍                       | 283/466 [00:00<00:00, 556.17it/s, Materializing param=model.layers.24.mamba.A_log]
Loading weights:  61%|████████████████████████████████████▍                       | 283/466 [00:00<00:00, 556.17it/s, Materializing param=model.layers.24.mamba.A_log]
Loading weights:  61%|███████████████████████████████████████                         | 284/466 [00:00<00:00, 556.17it/s, Materializing param=model.layers.24.mamba.D]
Loading weights:  61%|███████████████████████████████████████                         | 284/466 [00:00<00:00, 556.17it/s, Materializing param=model.layers.24.mamba.D]
Loading weights:  61%|█████████████████████████████████                     | 285/466 [00:00<00:00, 556.17it/s, Materializing param=model.layers.24.mamba.conv1d.bias]
Loading weights:  61%|█████████████████████████████████                     | 285/466 [00:00<00:00, 556.17it/s, Materializing param=model.layers.24.mamba.conv1d.bias]
Loading weights:  61%|███████████████████████████████▉                    | 286/466 [00:00<00:00, 556.17it/s, Materializing param=model.layers.24.mamba.conv1d.weight]
Loading weights:  61%|███████████████████████████████▉                    | 286/466 [00:00<00:00, 556.17it/s, Materializing param=model.layers.24.mamba.conv1d.weight]
Loading weights:  62%|███████████████████████████████████▋                      | 287/466 [00:00<00:00, 556.17it/s, Materializing param=model.layers.24.mamba.dt_bias]
Loading weights:  62%|███████████████████████████████████▋                      | 287/466 [00:00<00:00, 556.17it/s, Materializing param=model.layers.24.mamba.dt_bias]
Loading weights:  62%|███████████████████████████████▌                   | 288/466 [00:00<00:00, 556.17it/s, Materializing param=model.layers.24.mamba.in_proj.weight]
Loading weights:  62%|███████████████████████████████▌                   | 288/466 [00:00<00:00, 556.17it/s, Materializing param=model.layers.24.mamba.in_proj.weight]
Loading weights:  62%|█████████████████████████████████▍                    | 289/466 [00:00<00:00, 556.17it/s, Materializing param=model.layers.24.mamba.norm.weight]
Loading weights:  62%|█████████████████████████████████▍                    | 289/466 [00:00<00:00, 556.17it/s, Materializing param=model.layers.24.mamba.norm.weight]
Loading weights:  62%|███████████████████████████████                   | 290/466 [00:00<00:00, 556.17it/s, Materializing param=model.layers.24.mamba.out_proj.weight]
Loading weights:  62%|███████████████████████████████                   | 290/466 [00:00<00:00, 556.17it/s, Materializing param=model.layers.24.mamba.out_proj.weight]
Loading weights:  62%|████████████████████████▉               | 291/466 [00:00<00:00, 556.17it/s, Materializing param=model.layers.24.post_attention_layernorm.weight]
Loading weights:  62%|████████████████████████▉               | 291/466 [00:00<00:00, 556.17it/s, Materializing param=model.layers.24.post_attention_layernorm.weight]
Loading weights:  63%|█████████████████████████▋               | 292/466 [00:00<00:00, 556.17it/s, Materializing param=model.layers.24.shared_mlp.input_linear.weight]
Loading weights:  63%|█████████████████████████▋               | 292/466 [00:00<00:00, 556.17it/s, Materializing param=model.layers.24.shared_mlp.input_linear.weight]
Loading weights:  63%|█████████████████████████▏              | 293/466 [00:00<00:00, 556.17it/s, Materializing param=model.layers.24.shared_mlp.output_linear.weight]
Loading weights:  63%|█████████████████████████▏              | 293/466 [00:00<00:00, 556.17it/s, Materializing param=model.layers.24.shared_mlp.output_linear.weight]
Loading weights:  63%|██████████████████████████████▉                  | 294/466 [00:00<00:00, 556.17it/s, Materializing param=model.layers.25.input_layernorm.weight]
Loading weights:  63%|██████████████████████████████▉                  | 294/466 [00:00<00:00, 556.17it/s, Materializing param=model.layers.25.input_layernorm.weight]
Loading weights:  63%|█████████████████████████▎              | 295/466 [00:00<00:00, 556.17it/s, Materializing param=model.layers.25.post_attention_layernorm.weight]
Loading weights:  63%|█████████████████████████▎              | 295/466 [00:00<00:00, 556.17it/s, Materializing param=model.layers.25.post_attention_layernorm.weight]
Loading weights:  64%|██████████████████████████████▍                 | 296/466 [00:00<00:00, 556.17it/s, Materializing param=model.layers.25.self_attn.k_proj.weight]
Loading weights:  64%|██████████████████████████████▍                 | 296/466 [00:00<00:00, 556.17it/s, Materializing param=model.layers.25.self_attn.k_proj.weight]
Loading weights:  64%|██████████████████████████████▌                 | 297/466 [00:00<00:00, 556.17it/s, Materializing param=model.layers.25.self_attn.o_proj.weight]
Loading weights:  64%|██████████████████████████████▌                 | 297/466 [00:00<00:00, 556.17it/s, Materializing param=model.layers.25.self_attn.o_proj.weight]
Loading weights:  64%|██████████████████████████████▋                 | 298/466 [00:00<00:00, 556.17it/s, Materializing param=model.layers.25.self_attn.q_proj.weight]
Loading weights:  64%|██████████████████████████████▋                 | 298/466 [00:00<00:00, 556.17it/s, Materializing param=model.layers.25.self_attn.q_proj.weight]
Loading weights:  64%|██████████████████████████████▊                 | 299/466 [00:00<00:00, 556.17it/s, Materializing param=model.layers.25.self_attn.v_proj.weight]
Loading weights:  64%|██████████████████████████████▊                 | 299/466 [00:00<00:00, 556.17it/s, Materializing param=model.layers.25.self_attn.v_proj.weight]
Loading weights:  64%|██████████████████████████▍              | 300/466 [00:00<00:00, 556.17it/s, Materializing param=model.layers.25.shared_mlp.input_linear.weight]
Loading weights:  64%|██████████████████████████▍              | 300/466 [00:00<00:00, 556.17it/s, Materializing param=model.layers.25.shared_mlp.input_linear.weight]
Loading weights:  65%|██████████████████████████▍              | 301/466 [00:00<00:00, 572.85it/s, Materializing param=model.layers.25.shared_mlp.input_linear.weight]
Loading weights:  65%|█████████████████████████▊              | 301/466 [00:00<00:00, 572.85it/s, Materializing param=model.layers.25.shared_mlp.output_linear.weight]
Loading weights:  65%|█████████████████████████▊              | 301/466 [00:00<00:00, 572.85it/s, Materializing param=model.layers.25.shared_mlp.output_linear.weight]
Loading weights:  65%|███████████████████████████████▊                 | 302/466 [00:00<00:00, 572.85it/s, Materializing param=model.layers.26.input_layernorm.weight]
Loading weights:  65%|███████████████████████████████▊                 | 302/466 [00:00<00:00, 572.85it/s, Materializing param=model.layers.26.input_layernorm.weight]
Loading weights:  65%|███████████████████████████████████████                     | 303/466 [00:00<00:00, 572.85it/s, Materializing param=model.layers.26.mamba.A_log]
Loading weights:  65%|███████████████████████████████████████                     | 303/466 [00:00<00:00, 572.85it/s, Materializing param=model.layers.26.mamba.A_log]
Loading weights:  65%|█████████████████████████████████████████▊                      | 304/466 [00:00<00:00, 572.85it/s, Materializing param=model.layers.26.mamba.D]
Loading weights:  65%|█████████████████████████████████████████▊                      | 304/466 [00:00<00:00, 572.85it/s, Materializing param=model.layers.26.mamba.D]
Loading weights:  65%|███████████████████████████████████▎                  | 305/466 [00:00<00:00, 572.85it/s, Materializing param=model.layers.26.mamba.conv1d.bias]
Loading weights:  65%|███████████████████████████████████▎                  | 305/466 [00:00<00:00, 572.85it/s, Materializing param=model.layers.26.mamba.conv1d.bias]
Loading weights:  66%|██████████████████████████████████▏                 | 306/466 [00:00<00:00, 572.85it/s, Materializing param=model.layers.26.mamba.conv1d.weight]
Loading weights:  66%|██████████████████████████████████▏                 | 306/466 [00:00<00:00, 572.85it/s, Materializing param=model.layers.26.mamba.conv1d.weight]
Loading weights:  66%|██████████████████████████████████████▏                   | 307/466 [00:00<00:00, 572.85it/s, Materializing param=model.layers.26.mamba.dt_bias]
Loading weights:  66%|██████████████████████████████████████▏                   | 307/466 [00:00<00:00, 572.85it/s, Materializing param=model.layers.26.mamba.dt_bias]
Loading weights:  66%|█████████████████████████████████▋                 | 308/466 [00:00<00:00, 572.85it/s, Materializing param=model.layers.26.mamba.in_proj.weight]
Loading weights:  66%|█████████████████████████████████▋                 | 308/466 [00:00<00:00, 572.85it/s, Materializing param=model.layers.26.mamba.in_proj.weight]
Loading weights:  66%|███████████████████████████████████▊                  | 309/466 [00:00<00:00, 572.85it/s, Materializing param=model.layers.26.mamba.norm.weight]
Loading weights:  66%|███████████████████████████████████▊                  | 309/466 [00:00<00:00, 572.85it/s, Materializing param=model.layers.26.mamba.norm.weight]
Loading weights:  67%|█████████████████████████████████▎                | 310/466 [00:00<00:00, 572.85it/s, Materializing param=model.layers.26.mamba.out_proj.weight]
Loading weights:  67%|█████████████████████████████████▎                | 310/466 [00:00<00:00, 572.85it/s, Materializing param=model.layers.26.mamba.out_proj.weight]
Loading weights:  67%|██████████████████████████▋             | 311/466 [00:00<00:00, 572.85it/s, Materializing param=model.layers.26.post_attention_layernorm.weight]
Loading weights:  67%|██████████████████████████▋             | 311/466 [00:00<00:00, 572.85it/s, Materializing param=model.layers.26.post_attention_layernorm.weight]
Loading weights:  67%|███████████████████████████▍             | 312/466 [00:00<00:00, 572.85it/s, Materializing param=model.layers.26.shared_mlp.input_linear.weight]
Loading weights:  67%|███████████████████████████▍             | 312/466 [00:00<00:00, 572.85it/s, Materializing param=model.layers.26.shared_mlp.input_linear.weight]
Loading weights:  67%|██████████████████████████▊             | 313/466 [00:00<00:00, 572.85it/s, Materializing param=model.layers.26.shared_mlp.output_linear.weight]
Loading weights:  67%|██████████████████████████▊             | 313/466 [00:00<00:00, 572.85it/s, Materializing param=model.layers.26.shared_mlp.output_linear.weight]
Loading weights:  67%|█████████████████████████████████                | 314/466 [00:00<00:00, 572.85it/s, Materializing param=model.layers.27.input_layernorm.weight]
Loading weights:  67%|█████████████████████████████████                | 314/466 [00:00<00:00, 572.85it/s, Materializing param=model.layers.27.input_layernorm.weight]
Loading weights:  68%|████████████████████████████████████████▌                   | 315/466 [00:00<00:00, 572.85it/s, Materializing param=model.layers.27.mamba.A_log]
Loading weights:  68%|████████████████████████████████████████▌                   | 315/466 [00:00<00:00, 572.85it/s, Materializing param=model.layers.27.mamba.A_log]
Loading weights:  68%|███████████████████████████████████████████▍                    | 316/466 [00:00<00:00, 572.85it/s, Materializing param=model.layers.27.mamba.D]
Loading weights:  68%|███████████████████████████████████████████▍                    | 316/466 [00:00<00:00, 572.85it/s, Materializing param=model.layers.27.mamba.D]
Loading weights:  68%|████████████████████████████████████▋                 | 317/466 [00:00<00:00, 572.85it/s, Materializing param=model.layers.27.mamba.conv1d.bias]
Loading weights:  68%|████████████████████████████████████▋                 | 317/466 [00:00<00:00, 572.85it/s, Materializing param=model.layers.27.mamba.conv1d.bias]
Loading weights:  68%|███████████████████████████████████▍                | 318/466 [00:00<00:00, 572.85it/s, Materializing param=model.layers.27.mamba.conv1d.weight]
Loading weights:  68%|███████████████████████████████████▍                | 318/466 [00:00<00:00, 572.85it/s, Materializing param=model.layers.27.mamba.conv1d.weight]
Loading weights:  68%|███████████████████████████████████████▋                  | 319/466 [00:00<00:00, 572.85it/s, Materializing param=model.layers.27.mamba.dt_bias]
Loading weights:  68%|███████████████████████████████████████▋                  | 319/466 [00:00<00:00, 572.85it/s, Materializing param=model.layers.27.mamba.dt_bias]
Loading weights:  69%|███████████████████████████████████                | 320/466 [00:00<00:00, 572.85it/s, Materializing param=model.layers.27.mamba.in_proj.weight]
Loading weights:  69%|███████████████████████████████████                | 320/466 [00:00<00:00, 572.85it/s, Materializing param=model.layers.27.mamba.in_proj.weight]
Loading weights:  69%|█████████████████████████████████████▏                | 321/466 [00:00<00:00, 572.85it/s, Materializing param=model.layers.27.mamba.norm.weight]
Loading weights:  69%|█████████████████████████████████████▏                | 321/466 [00:00<00:00, 572.85it/s, Materializing param=model.layers.27.mamba.norm.weight]
Loading weights:  69%|██████████████████████████████████▌               | 322/466 [00:00<00:00, 572.85it/s, Materializing param=model.layers.27.mamba.out_proj.weight]
Loading weights:  69%|██████████████████████████████████▌               | 322/466 [00:00<00:00, 572.85it/s, Materializing param=model.layers.27.mamba.out_proj.weight]
Loading weights:  69%|███████████████████████████▋            | 323/466 [00:00<00:00, 572.85it/s, Materializing param=model.layers.27.post_attention_layernorm.weight]
Loading weights:  69%|███████████████████████████▋            | 323/466 [00:00<00:00, 572.85it/s, Materializing param=model.layers.27.post_attention_layernorm.weight]
Loading weights:  70%|████████████████████████████▌            | 324/466 [00:00<00:00, 572.85it/s, Materializing param=model.layers.27.shared_mlp.input_linear.weight]
Loading weights:  70%|████████████████████████████▌            | 324/466 [00:00<00:00, 572.85it/s, Materializing param=model.layers.27.shared_mlp.input_linear.weight]
Loading weights:  70%|███████████████████████████▉            | 325/466 [00:00<00:00, 572.85it/s, Materializing param=model.layers.27.shared_mlp.output_linear.weight]
Loading weights:  70%|███████████████████████████▉            | 325/466 [00:00<00:00, 572.85it/s, Materializing param=model.layers.27.shared_mlp.output_linear.weight]
Loading weights:  70%|██████████████████████████████████▎              | 326/466 [00:00<00:00, 572.85it/s, Materializing param=model.layers.28.input_layernorm.weight]
Loading weights:  70%|██████████████████████████████████▎              | 326/466 [00:00<00:00, 572.85it/s, Materializing param=model.layers.28.input_layernorm.weight]
Loading weights:  70%|██████████████████████████████████████████                  | 327/466 [00:00<00:00, 572.85it/s, Materializing param=model.layers.28.mamba.A_log]
Loading weights:  70%|██████████████████████████████████████████                  | 327/466 [00:00<00:00, 572.85it/s, Materializing param=model.layers.28.mamba.A_log]
Loading weights:  70%|█████████████████████████████████████████████                   | 328/466 [00:00<00:00, 572.85it/s, Materializing param=model.layers.28.mamba.D]
Loading weights:  70%|█████████████████████████████████████████████                   | 328/466 [00:00<00:00, 572.85it/s, Materializing param=model.layers.28.mamba.D]
Loading weights:  71%|██████████████████████████████████████                | 329/466 [00:00<00:00, 572.85it/s, Materializing param=model.layers.28.mamba.conv1d.bias]
Loading weights:  71%|██████████████████████████████████████                | 329/466 [00:00<00:00, 572.85it/s, Materializing param=model.layers.28.mamba.conv1d.bias]
Loading weights:  71%|████████████████████████████████████▊               | 330/466 [00:00<00:00, 572.85it/s, Materializing param=model.layers.28.mamba.conv1d.weight]
Loading weights:  71%|████████████████████████████████████▊               | 330/466 [00:00<00:00, 572.85it/s, Materializing param=model.layers.28.mamba.conv1d.weight]
Loading weights:  71%|█████████████████████████████████████████▏                | 331/466 [00:00<00:00, 572.85it/s, Materializing param=model.layers.28.mamba.dt_bias]
Loading weights:  71%|█████████████████████████████████████████▏                | 331/466 [00:00<00:00, 572.85it/s, Materializing param=model.layers.28.mamba.dt_bias]
Loading weights:  71%|████████████████████████████████████▎              | 332/466 [00:00<00:00, 572.85it/s, Materializing param=model.layers.28.mamba.in_proj.weight]
Loading weights:  71%|████████████████████████████████████▎              | 332/466 [00:00<00:00, 572.85it/s, Materializing param=model.layers.28.mamba.in_proj.weight]
Loading weights:  71%|██████████████████████████████████████▌               | 333/466 [00:00<00:00, 572.85it/s, Materializing param=model.layers.28.mamba.norm.weight]
Loading weights:  71%|██████████████████████████████████████▌               | 333/466 [00:00<00:00, 572.85it/s, Materializing param=model.layers.28.mamba.norm.weight]
Loading weights:  72%|███████████████████████████████████▊              | 334/466 [00:00<00:00, 572.85it/s, Materializing param=model.layers.28.mamba.out_proj.weight]
Loading weights:  72%|███████████████████████████████████▊              | 334/466 [00:00<00:00, 572.85it/s, Materializing param=model.layers.28.mamba.out_proj.weight]
Loading weights:  72%|████████████████████████████▊           | 335/466 [00:00<00:00, 572.85it/s, Materializing param=model.layers.28.post_attention_layernorm.weight]
Loading weights:  72%|████████████████████████████▊           | 335/466 [00:00<00:00, 572.85it/s, Materializing param=model.layers.28.post_attention_layernorm.weight]
Loading weights:  72%|█████████████████████████████▌           | 336/466 [00:00<00:00, 572.85it/s, Materializing param=model.layers.28.shared_mlp.input_linear.weight]
Loading weights:  72%|█████████████████████████████▌           | 336/466 [00:00<00:00, 572.85it/s, Materializing param=model.layers.28.shared_mlp.input_linear.weight]
Loading weights:  72%|████████████████████████████▉           | 337/466 [00:00<00:00, 572.85it/s, Materializing param=model.layers.28.shared_mlp.output_linear.weight]
Loading weights:  72%|████████████████████████████▉           | 337/466 [00:00<00:00, 572.85it/s, Materializing param=model.layers.28.shared_mlp.output_linear.weight]
Loading weights:  73%|███████████████████████████████████▌             | 338/466 [00:00<00:00, 572.85it/s, Materializing param=model.layers.29.input_layernorm.weight]
Loading weights:  73%|███████████████████████████████████▌             | 338/466 [00:00<00:00, 572.85it/s, Materializing param=model.layers.29.input_layernorm.weight]
Loading weights:  73%|███████████████████████████████████████████▋                | 339/466 [00:00<00:00, 572.85it/s, Materializing param=model.layers.29.mamba.A_log]
Loading weights:  73%|███████████████████████████████████████████▋                | 339/466 [00:00<00:00, 572.85it/s, Materializing param=model.layers.29.mamba.A_log]
Loading weights:  73%|██████████████████████████████████████████████▋                 | 340/466 [00:00<00:00, 572.85it/s, Materializing param=model.layers.29.mamba.D]
Loading weights:  73%|██████████████████████████████████████████████▋                 | 340/466 [00:00<00:00, 572.85it/s, Materializing param=model.layers.29.mamba.D]
Loading weights:  73%|███████████████████████████████████████▌              | 341/466 [00:00<00:00, 572.85it/s, Materializing param=model.layers.29.mamba.conv1d.bias]
Loading weights:  73%|███████████████████████████████████████▌              | 341/466 [00:00<00:00, 572.85it/s, Materializing param=model.layers.29.mamba.conv1d.bias]
Loading weights:  73%|██████████████████████████████████████▏             | 342/466 [00:00<00:00, 572.85it/s, Materializing param=model.layers.29.mamba.conv1d.weight]
Loading weights:  73%|██████████████████████████████████████▏             | 342/466 [00:00<00:00, 572.85it/s, Materializing param=model.layers.29.mamba.conv1d.weight]
Loading weights:  74%|██████████████████████████████████████████▋               | 343/466 [00:00<00:00, 572.85it/s, Materializing param=model.layers.29.mamba.dt_bias]
Loading weights:  74%|██████████████████████████████████████████▋               | 343/466 [00:00<00:00, 572.85it/s, Materializing param=model.layers.29.mamba.dt_bias]
Loading weights:  74%|█████████████████████████████████████▋             | 344/466 [00:00<00:00, 572.85it/s, Materializing param=model.layers.29.mamba.in_proj.weight]
Loading weights:  74%|█████████████████████████████████████▋             | 344/466 [00:00<00:00, 572.85it/s, Materializing param=model.layers.29.mamba.in_proj.weight]
Loading weights:  74%|███████████████████████████████████████▉              | 345/466 [00:00<00:00, 572.85it/s, Materializing param=model.layers.29.mamba.norm.weight]
Loading weights:  74%|███████████████████████████████████████▉              | 345/466 [00:00<00:00, 572.85it/s, Materializing param=model.layers.29.mamba.norm.weight]
Loading weights:  74%|█████████████████████████████████████             | 346/466 [00:00<00:00, 572.85it/s, Materializing param=model.layers.29.mamba.out_proj.weight]
Loading weights:  74%|█████████████████████████████████████             | 346/466 [00:00<00:00, 572.85it/s, Materializing param=model.layers.29.mamba.out_proj.weight]
Loading weights:  74%|█████████████████████████████▊          | 347/466 [00:00<00:00, 572.85it/s, Materializing param=model.layers.29.post_attention_layernorm.weight]
Loading weights:  74%|█████████████████████████████▊          | 347/466 [00:00<00:00, 572.85it/s, Materializing param=model.layers.29.post_attention_layernorm.weight]
Loading weights:  75%|██████████████████████████████▌          | 348/466 [00:00<00:00, 572.85it/s, Materializing param=model.layers.29.shared_mlp.input_linear.weight]
Loading weights:  75%|██████████████████████████████▌          | 348/466 [00:00<00:00, 572.85it/s, Materializing param=model.layers.29.shared_mlp.input_linear.weight]
Loading weights:  75%|█████████████████████████████▉          | 349/466 [00:00<00:00, 572.85it/s, Materializing param=model.layers.29.shared_mlp.output_linear.weight]
Loading weights:  75%|█████████████████████████████▉          | 349/466 [00:00<00:00, 572.85it/s, Materializing param=model.layers.29.shared_mlp.output_linear.weight]
Loading weights:  75%|████████████████████████████████████▊            | 350/466 [00:00<00:00, 572.85it/s, Materializing param=model.layers.30.input_layernorm.weight]
Loading weights:  75%|████████████████████████████████████▊            | 350/466 [00:00<00:00, 572.85it/s, Materializing param=model.layers.30.input_layernorm.weight]
Loading weights:  75%|█████████████████████████████████████████████▏              | 351/466 [00:00<00:00, 572.85it/s, Materializing param=model.layers.30.mamba.A_log]
Loading weights:  75%|█████████████████████████████████████████████▏              | 351/466 [00:00<00:00, 572.85it/s, Materializing param=model.layers.30.mamba.A_log]
Loading weights:  76%|████████████████████████████████████████████████▎               | 352/466 [00:00<00:00, 572.85it/s, Materializing param=model.layers.30.mamba.D]
Loading weights:  76%|████████████████████████████████████████████████▎               | 352/466 [00:00<00:00, 572.85it/s, Materializing param=model.layers.30.mamba.D]
Loading weights:  76%|████████████████████████████████████████▉             | 353/466 [00:00<00:00, 572.85it/s, Materializing param=model.layers.30.mamba.conv1d.bias]
Loading weights:  76%|████████████████████████████████████████▉             | 353/466 [00:00<00:00, 572.85it/s, Materializing param=model.layers.30.mamba.conv1d.bias]
Loading weights:  76%|███████████████████████████████████████▌            | 354/466 [00:00<00:00, 572.85it/s, Materializing param=model.layers.30.mamba.conv1d.weight]
Loading weights:  76%|███████████████████████████████████████▌            | 354/466 [00:00<00:00, 572.85it/s, Materializing param=model.layers.30.mamba.conv1d.weight]
Loading weights:  76%|████████████████████████████████████████████▏             | 355/466 [00:00<00:00, 572.85it/s, Materializing param=model.layers.30.mamba.dt_bias]
Loading weights:  76%|████████████████████████████████████████████▏             | 355/466 [00:00<00:00, 572.85it/s, Materializing param=model.layers.30.mamba.dt_bias]
Loading weights:  76%|██████████████████████████████████████▉            | 356/466 [00:00<00:00, 572.85it/s, Materializing param=model.layers.30.mamba.in_proj.weight]
Loading weights:  76%|██████████████████████████████████████▉            | 356/466 [00:00<00:00, 572.85it/s, Materializing param=model.layers.30.mamba.in_proj.weight]
Loading weights:  77%|█████████████████████████████████████████▎            | 357/466 [00:00<00:00, 572.85it/s, Materializing param=model.layers.30.mamba.norm.weight]
Loading weights:  77%|█████████████████████████████████████████▎            | 357/466 [00:00<00:00, 572.85it/s, Materializing param=model.layers.30.mamba.norm.weight]
Loading weights:  77%|██████████████████████████████████████▍           | 358/466 [00:00<00:00, 572.85it/s, Materializing param=model.layers.30.mamba.out_proj.weight]
Loading weights:  77%|██████████████████████████████████████▍           | 358/466 [00:00<00:00, 572.85it/s, Materializing param=model.layers.30.mamba.out_proj.weight]
Loading weights:  77%|██████████████████████████████████████▌           | 359/466 [00:00<00:00, 570.01it/s, Materializing param=model.layers.30.mamba.out_proj.weight]
Loading weights:  77%|██████████████████████████████▊         | 359/466 [00:00<00:00, 570.01it/s, Materializing param=model.layers.30.post_attention_layernorm.weight]
Loading weights:  77%|██████████████████████████████▊         | 359/466 [00:00<00:00, 570.01it/s, Materializing param=model.layers.30.post_attention_layernorm.weight]
Loading weights:  77%|███████████████████████████████▋         | 360/466 [00:00<00:00, 570.01it/s, Materializing param=model.layers.30.shared_mlp.input_linear.weight]
Loading weights:  77%|███████████████████████████████▋         | 360/466 [00:00<00:00, 570.01it/s, Materializing param=model.layers.30.shared_mlp.input_linear.weight]
Loading weights:  77%|██████████████████████████████▉         | 361/466 [00:00<00:00, 570.01it/s, Materializing param=model.layers.30.shared_mlp.output_linear.weight]
Loading weights:  77%|██████████████████████████████▉         | 361/466 [00:00<00:00, 570.01it/s, Materializing param=model.layers.30.shared_mlp.output_linear.weight]
Loading weights:  78%|██████████████████████████████████████           | 362/466 [00:00<00:00, 570.01it/s, Materializing param=model.layers.31.input_layernorm.weight]
Loading weights:  78%|██████████████████████████████████████           | 362/466 [00:00<00:00, 570.01it/s, Materializing param=model.layers.31.input_layernorm.weight]
Loading weights:  78%|██████████████████████████████████████████████▋             | 363/466 [00:00<00:00, 570.01it/s, Materializing param=model.layers.31.mamba.A_log]
Loading weights:  78%|██████████████████████████████████████████████▋             | 363/466 [00:00<00:00, 570.01it/s, Materializing param=model.layers.31.mamba.A_log]
Loading weights:  78%|█████████████████████████████████████████████████▉              | 364/466 [00:00<00:00, 570.01it/s, Materializing param=model.layers.31.mamba.D]
Loading weights:  78%|█████████████████████████████████████████████████▉              | 364/466 [00:00<00:00, 570.01it/s, Materializing param=model.layers.31.mamba.D]
Loading weights:  78%|██████████████████████████████████████████▎           | 365/466 [00:00<00:00, 570.01it/s, Materializing param=model.layers.31.mamba.conv1d.bias]
Loading weights:  78%|██████████████████████████████████████████▎           | 365/466 [00:00<00:00, 570.01it/s, Materializing param=model.layers.31.mamba.conv1d.bias]
Loading weights:  79%|████████████████████████████████████████▊           | 366/466 [00:00<00:00, 570.01it/s, Materializing param=model.layers.31.mamba.conv1d.weight]
Loading weights:  79%|████████████████████████████████████████▊           | 366/466 [00:00<00:00, 570.01it/s, Materializing param=model.layers.31.mamba.conv1d.weight]
Loading weights:  79%|█████████████████████████████████████████████▋            | 367/466 [00:00<00:00, 570.01it/s, Materializing param=model.layers.31.mamba.dt_bias]
Loading weights:  79%|█████████████████████████████████████████████▋            | 367/466 [00:00<00:00, 570.01it/s, Materializing param=model.layers.31.mamba.dt_bias]
Loading weights:  79%|████████████████████████████████████████▎          | 368/466 [00:00<00:00, 570.01it/s, Materializing param=model.layers.31.mamba.in_proj.weight]
Loading weights:  79%|████████████████████████████████████████▎          | 368/466 [00:00<00:00, 570.01it/s, Materializing param=model.layers.31.mamba.in_proj.weight]
Loading weights:  79%|██████████████████████████████████████████▊           | 369/466 [00:00<00:00, 570.01it/s, Materializing param=model.layers.31.mamba.norm.weight]
Loading weights:  79%|██████████████████████████████████████████▊           | 369/466 [00:00<00:00, 570.01it/s, Materializing param=model.layers.31.mamba.norm.weight]
Loading weights:  79%|███████████████████████████████████████▋          | 370/466 [00:00<00:00, 570.01it/s, Materializing param=model.layers.31.mamba.out_proj.weight]
Loading weights:  79%|███████████████████████████████████████▋          | 370/466 [00:00<00:00, 570.01it/s, Materializing param=model.layers.31.mamba.out_proj.weight]
Loading weights:  80%|███████████████████████████████▊        | 371/466 [00:00<00:00, 570.01it/s, Materializing param=model.layers.31.post_attention_layernorm.weight]
Loading weights:  80%|███████████████████████████████▊        | 371/466 [00:00<00:00, 570.01it/s, Materializing param=model.layers.31.post_attention_layernorm.weight]
Loading weights:  80%|████████████████████████████████▋        | 372/466 [00:00<00:00, 570.01it/s, Materializing param=model.layers.31.shared_mlp.input_linear.weight]
Loading weights:  80%|████████████████████████████████▋        | 372/466 [00:00<00:00, 570.01it/s, Materializing param=model.layers.31.shared_mlp.input_linear.weight]
Loading weights:  80%|████████████████████████████████        | 373/466 [00:00<00:00, 570.01it/s, Materializing param=model.layers.31.shared_mlp.output_linear.weight]
Loading weights:  80%|████████████████████████████████        | 373/466 [00:00<00:00, 570.01it/s, Materializing param=model.layers.31.shared_mlp.output_linear.weight]
Loading weights:  80%|███████████████████████████████████████▎         | 374/466 [00:00<00:00, 570.01it/s, Materializing param=model.layers.32.input_layernorm.weight]
Loading weights:  80%|███████████████████████████████████████▎         | 374/466 [00:00<00:00, 570.01it/s, Materializing param=model.layers.32.input_layernorm.weight]
Loading weights:  80%|████████████████████████████████████████████████▎           | 375/466 [00:00<00:00, 570.01it/s, Materializing param=model.layers.32.mamba.A_log]
Loading weights:  80%|████████████████████████████████████████████████▎           | 375/466 [00:00<00:00, 570.01it/s, Materializing param=model.layers.32.mamba.A_log]
Loading weights:  81%|███████████████████████████████████████████████████▋            | 376/466 [00:00<00:00, 570.01it/s, Materializing param=model.layers.32.mamba.D]
Loading weights:  81%|███████████████████████████████████████████████████▋            | 376/466 [00:00<00:00, 570.01it/s, Materializing param=model.layers.32.mamba.D]
Loading weights:  81%|███████████████████████████████████████████▋          | 377/466 [00:00<00:00, 570.01it/s, Materializing param=model.layers.32.mamba.conv1d.bias]
Loading weights:  81%|███████████████████████████████████████████▋          | 377/466 [00:00<00:00, 570.01it/s, Materializing param=model.layers.32.mamba.conv1d.bias]
Loading weights:  81%|██████████████████████████████████████████▏         | 378/466 [00:00<00:00, 570.01it/s, Materializing param=model.layers.32.mamba.conv1d.weight]
Loading weights:  81%|██████████████████████████████████████████▏         | 378/466 [00:00<00:00, 570.01it/s, Materializing param=model.layers.32.mamba.conv1d.weight]
Loading weights:  81%|███████████████████████████████████████████████▏          | 379/466 [00:00<00:00, 570.01it/s, Materializing param=model.layers.32.mamba.dt_bias]
Loading weights:  81%|███████████████████████████████████████████████▏          | 379/466 [00:00<00:00, 570.01it/s, Materializing param=model.layers.32.mamba.dt_bias]
Loading weights:  82%|█████████████████████████████████████████▌         | 380/466 [00:00<00:00, 570.01it/s, Materializing param=model.layers.32.mamba.in_proj.weight]
Loading weights:  82%|█████████████████████████████████████████▌         | 380/466 [00:00<00:00, 570.01it/s, Materializing param=model.layers.32.mamba.in_proj.weight]
Loading weights:  82%|████████████████████████████████████████████▏         | 381/466 [00:00<00:00, 570.01it/s, Materializing param=model.layers.32.mamba.norm.weight]
Loading weights:  82%|████████████████████████████████████████████▏         | 381/466 [00:00<00:00, 570.01it/s, Materializing param=model.layers.32.mamba.norm.weight]
Loading weights:  82%|████████████████████████████████████████▉         | 382/466 [00:00<00:00, 570.01it/s, Materializing param=model.layers.32.mamba.out_proj.weight]
Loading weights:  82%|████████████████████████████████████████▉         | 382/466 [00:00<00:00, 570.01it/s, Materializing param=model.layers.32.mamba.out_proj.weight]
Loading weights:  82%|████████████████████████████████▉       | 383/466 [00:00<00:00, 570.01it/s, Materializing param=model.layers.32.post_attention_layernorm.weight]
Loading weights:  82%|████████████████████████████████▉       | 383/466 [00:00<00:00, 570.01it/s, Materializing param=model.layers.32.post_attention_layernorm.weight]
Loading weights:  82%|█████████████████████████████████▊       | 384/466 [00:00<00:00, 570.01it/s, Materializing param=model.layers.32.shared_mlp.input_linear.weight]
Loading weights:  82%|█████████████████████████████████▊       | 384/466 [00:00<00:00, 570.01it/s, Materializing param=model.layers.32.shared_mlp.input_linear.weight]
Loading weights:  83%|█████████████████████████████████       | 385/466 [00:00<00:00, 570.01it/s, Materializing param=model.layers.32.shared_mlp.output_linear.weight]
Loading weights:  83%|█████████████████████████████████       | 385/466 [00:00<00:00, 570.01it/s, Materializing param=model.layers.32.shared_mlp.output_linear.weight]
Loading weights:  83%|████████████████████████████████████████▌        | 386/466 [00:00<00:00, 570.01it/s, Materializing param=model.layers.33.input_layernorm.weight]
Loading weights:  83%|████████████████████████████████████████▌        | 386/466 [00:00<00:00, 570.01it/s, Materializing param=model.layers.33.input_layernorm.weight]
Loading weights:  83%|█████████████████████████████████████████████████▊          | 387/466 [00:00<00:00, 570.01it/s, Materializing param=model.layers.33.mamba.A_log]
Loading weights:  83%|█████████████████████████████████████████████████▊          | 387/466 [00:00<00:00, 570.01it/s, Materializing param=model.layers.33.mamba.A_log]
Loading weights:  83%|█████████████████████████████████████████████████████▎          | 388/466 [00:00<00:00, 570.01it/s, Materializing param=model.layers.33.mamba.D]
Loading weights:  83%|█████████████████████████████████████████████████████▎          | 388/466 [00:00<00:00, 570.01it/s, Materializing param=model.layers.33.mamba.D]
Loading weights:  83%|█████████████████████████████████████████████         | 389/466 [00:00<00:00, 570.01it/s, Materializing param=model.layers.33.mamba.conv1d.bias]
Loading weights:  83%|█████████████████████████████████████████████         | 389/466 [00:00<00:00, 570.01it/s, Materializing param=model.layers.33.mamba.conv1d.bias]
Loading weights:  84%|███████████████████████████████████████████▌        | 390/466 [00:00<00:00, 570.01it/s, Materializing param=model.layers.33.mamba.conv1d.weight]
Loading weights:  84%|███████████████████████████████████████████▌        | 390/466 [00:00<00:00, 570.01it/s, Materializing param=model.layers.33.mamba.conv1d.weight]
Loading weights:  84%|████████████████████████████████████████████████▋         | 391/466 [00:00<00:00, 570.01it/s, Materializing param=model.layers.33.mamba.dt_bias]
Loading weights:  84%|████████████████████████████████████████████████▋         | 391/466 [00:00<00:00, 570.01it/s, Materializing param=model.layers.33.mamba.dt_bias]
Loading weights:  84%|██████████████████████████████████████████▉        | 392/466 [00:00<00:00, 570.01it/s, Materializing param=model.layers.33.mamba.in_proj.weight]
Loading weights:  84%|██████████████████████████████████████████▉        | 392/466 [00:00<00:00, 570.01it/s, Materializing param=model.layers.33.mamba.in_proj.weight]
Loading weights:  84%|█████████████████████████████████████████████▌        | 393/466 [00:00<00:00, 570.01it/s, Materializing param=model.layers.33.mamba.norm.weight]
Loading weights:  84%|█████████████████████████████████████████████▌        | 393/466 [00:00<00:00, 570.01it/s, Materializing param=model.layers.33.mamba.norm.weight]
Loading weights:  85%|██████████████████████████████████████████▎       | 394/466 [00:00<00:00, 570.01it/s, Materializing param=model.layers.33.mamba.out_proj.weight]
Loading weights:  85%|██████████████████████████████████████████▎       | 394/466 [00:00<00:00, 570.01it/s, Materializing param=model.layers.33.mamba.out_proj.weight]
Loading weights:  85%|█████████████████████████████████▉      | 395/466 [00:00<00:00, 570.01it/s, Materializing param=model.layers.33.post_attention_layernorm.weight]
Loading weights:  85%|█████████████████████████████████▉      | 395/466 [00:00<00:00, 570.01it/s, Materializing param=model.layers.33.post_attention_layernorm.weight]
Loading weights:  85%|██████████████████████████████████▊      | 396/466 [00:00<00:00, 570.01it/s, Materializing param=model.layers.33.shared_mlp.input_linear.weight]
Loading weights:  85%|██████████████████████████████████▊      | 396/466 [00:00<00:00, 570.01it/s, Materializing param=model.layers.33.shared_mlp.input_linear.weight]
Loading weights:  85%|██████████████████████████████████      | 397/466 [00:00<00:00, 570.01it/s, Materializing param=model.layers.33.shared_mlp.output_linear.weight]
Loading weights:  85%|██████████████████████████████████      | 397/466 [00:00<00:00, 570.01it/s, Materializing param=model.layers.33.shared_mlp.output_linear.weight]
Loading weights:  85%|█████████████████████████████████████████▊       | 398/466 [00:00<00:00, 570.01it/s, Materializing param=model.layers.34.input_layernorm.weight]
Loading weights:  85%|█████████████████████████████████████████▊       | 398/466 [00:00<00:00, 570.01it/s, Materializing param=model.layers.34.input_layernorm.weight]
Loading weights:  86%|███████████████████████████████████████████████████▎        | 399/466 [00:00<00:00, 570.01it/s, Materializing param=model.layers.34.mamba.A_log]
Loading weights:  86%|███████████████████████████████████████████████████▎        | 399/466 [00:00<00:00, 570.01it/s, Materializing param=model.layers.34.mamba.A_log]
Loading weights:  86%|██████████████████████████████████████████████████████▉         | 400/466 [00:00<00:00, 570.01it/s, Materializing param=model.layers.34.mamba.D]
Loading weights:  86%|██████████████████████████████████████████████████████▉         | 400/466 [00:00<00:00, 570.01it/s, Materializing param=model.layers.34.mamba.D]
Loading weights:  86%|██████████████████████████████████████████████▍       | 401/466 [00:00<00:00, 570.01it/s, Materializing param=model.layers.34.mamba.conv1d.bias]
Loading weights:  86%|██████████████████████████████████████████████▍       | 401/466 [00:00<00:00, 570.01it/s, Materializing param=model.layers.34.mamba.conv1d.bias]
Loading weights:  86%|████████████████████████████████████████████▊       | 402/466 [00:00<00:00, 570.01it/s, Materializing param=model.layers.34.mamba.conv1d.weight]
Loading weights:  86%|████████████████████████████████████████████▊       | 402/466 [00:00<00:00, 570.01it/s, Materializing param=model.layers.34.mamba.conv1d.weight]
Loading weights:  86%|██████████████████████████████████████████████████▏       | 403/466 [00:00<00:00, 570.01it/s, Materializing param=model.layers.34.mamba.dt_bias]
Loading weights:  86%|██████████████████████████████████████████████████▏       | 403/466 [00:00<00:00, 570.01it/s, Materializing param=model.layers.34.mamba.dt_bias]
Loading weights:  87%|████████████████████████████████████████████▏      | 404/466 [00:00<00:00, 570.01it/s, Materializing param=model.layers.34.mamba.in_proj.weight]
Loading weights:  87%|████████████████████████████████████████████▏      | 404/466 [00:00<00:00, 570.01it/s, Materializing param=model.layers.34.mamba.in_proj.weight]
Loading weights:  87%|██████████████████████████████████████████████▉       | 405/466 [00:00<00:00, 570.01it/s, Materializing param=model.layers.34.mamba.norm.weight]
Loading weights:  87%|██████████████████████████████████████████████▉       | 405/466 [00:00<00:00, 570.01it/s, Materializing param=model.layers.34.mamba.norm.weight]
Loading weights:  87%|███████████████████████████████████████████▌      | 406/466 [00:00<00:00, 570.01it/s, Materializing param=model.layers.34.mamba.out_proj.weight]
Loading weights:  87%|███████████████████████████████████████████▌      | 406/466 [00:00<00:00, 570.01it/s, Materializing param=model.layers.34.mamba.out_proj.weight]
Loading weights:  87%|██████████████████████████████████▉     | 407/466 [00:00<00:00, 570.01it/s, Materializing param=model.layers.34.post_attention_layernorm.weight]
Loading weights:  87%|██████████████████████████████████▉     | 407/466 [00:00<00:00, 570.01it/s, Materializing param=model.layers.34.post_attention_layernorm.weight]
Loading weights:  88%|███████████████████████████████████▉     | 408/466 [00:00<00:00, 570.01it/s, Materializing param=model.layers.34.shared_mlp.input_linear.weight]
Loading weights:  88%|███████████████████████████████████▉     | 408/466 [00:00<00:00, 570.01it/s, Materializing param=model.layers.34.shared_mlp.input_linear.weight]
Loading weights:  88%|███████████████████████████████████     | 409/466 [00:00<00:00, 570.01it/s, Materializing param=model.layers.34.shared_mlp.output_linear.weight]
Loading weights:  88%|███████████████████████████████████     | 409/466 [00:00<00:00, 570.01it/s, Materializing param=model.layers.34.shared_mlp.output_linear.weight]
Loading weights:  88%|███████████████████████████████████████████      | 410/466 [00:00<00:00, 570.01it/s, Materializing param=model.layers.35.input_layernorm.weight]
Loading weights:  88%|███████████████████████████████████████████      | 410/466 [00:00<00:00, 570.01it/s, Materializing param=model.layers.35.input_layernorm.weight]
Loading weights:  88%|███████████████████████████████████▎    | 411/466 [00:00<00:00, 570.01it/s, Materializing param=model.layers.35.post_attention_layernorm.weight]
Loading weights:  88%|███████████████████████████████████▎    | 411/466 [00:00<00:00, 570.01it/s, Materializing param=model.layers.35.post_attention_layernorm.weight]
Loading weights:  88%|██████████████████████████████████████████▍     | 412/466 [00:00<00:00, 570.01it/s, Materializing param=model.layers.35.self_attn.k_proj.weight]
Loading weights:  88%|██████████████████████████████████████████▍     | 412/466 [00:00<00:00, 570.01it/s, Materializing param=model.layers.35.self_attn.k_proj.weight]
Loading weights:  89%|██████████████████████████████████████████▌     | 413/466 [00:00<00:00, 570.01it/s, Materializing param=model.layers.35.self_attn.o_proj.weight]
Loading weights:  89%|██████████████████████████████████████████▌     | 413/466 [00:00<00:00, 570.01it/s, Materializing param=model.layers.35.self_attn.o_proj.weight]
Loading weights:  89%|██████████████████████████████████████████▋     | 414/466 [00:00<00:00, 570.01it/s, Materializing param=model.layers.35.self_attn.q_proj.weight]
Loading weights:  89%|██████████████████████████████████████████▋     | 414/466 [00:00<00:00, 570.01it/s, Materializing param=model.layers.35.self_attn.q_proj.weight]
Loading weights:  89%|██████████████████████████████████████████▋     | 415/466 [00:00<00:00, 570.01it/s, Materializing param=model.layers.35.self_attn.v_proj.weight]
Loading weights:  89%|██████████████████████████████████████████▋     | 415/466 [00:00<00:00, 570.01it/s, Materializing param=model.layers.35.self_attn.v_proj.weight]
Loading weights:  89%|████████████████████████████████████▌    | 416/466 [00:00<00:00, 570.01it/s, Materializing param=model.layers.35.shared_mlp.input_linear.weight]
Loading weights:  89%|████████████████████████████████████▌    | 416/466 [00:00<00:00, 570.01it/s, Materializing param=model.layers.35.shared_mlp.input_linear.weight]
Loading weights:  89%|████████████████████████████████████▋    | 417/466 [00:00<00:00, 532.06it/s, Materializing param=model.layers.35.shared_mlp.input_linear.weight]
Loading weights:  89%|███████████████████████████████████▊    | 417/466 [00:00<00:00, 532.06it/s, Materializing param=model.layers.35.shared_mlp.output_linear.weight]
Loading weights:  89%|███████████████████████████████████▊    | 417/466 [00:00<00:00, 532.06it/s, Materializing param=model.layers.35.shared_mlp.output_linear.weight]
Loading weights:  90%|███████████████████████████████████████████▉     | 418/466 [00:00<00:00, 532.06it/s, Materializing param=model.layers.36.input_layernorm.weight]
Loading weights:  90%|███████████████████████████████████████████▉     | 418/466 [00:00<00:00, 532.06it/s, Materializing param=model.layers.36.input_layernorm.weight]
Loading weights:  90%|█████████████████████████████████████████████████████▉      | 419/466 [00:00<00:00, 532.06it/s, Materializing param=model.layers.36.mamba.A_log]
Loading weights:  90%|█████████████████████████████████████████████████████▉      | 419/466 [00:00<00:00, 532.06it/s, Materializing param=model.layers.36.mamba.A_log]
Loading weights:  90%|█████████████████████████████████████████████████████████▋      | 420/466 [00:00<00:00, 532.06it/s, Materializing param=model.layers.36.mamba.D]
Loading weights:  90%|█████████████████████████████████████████████████████████▋      | 420/466 [00:00<00:00, 532.06it/s, Materializing param=model.layers.36.mamba.D]
Loading weights:  90%|████████████████████████████████████████████████▊     | 421/466 [00:00<00:00, 532.06it/s, Materializing param=model.layers.36.mamba.conv1d.bias]
Loading weights:  90%|████████████████████████████████████████████████▊     | 421/466 [00:00<00:00, 532.06it/s, Materializing param=model.layers.36.mamba.conv1d.bias]
Loading weights:  91%|███████████████████████████████████████████████     | 422/466 [00:00<00:00, 532.06it/s, Materializing param=model.layers.36.mamba.conv1d.weight]
Loading weights:  91%|███████████████████████████████████████████████     | 422/466 [00:00<00:00, 532.06it/s, Materializing param=model.layers.36.mamba.conv1d.weight]
Loading weights:  91%|████████████████████████████████████████████████████▋     | 423/466 [00:00<00:00, 532.06it/s, Materializing param=model.layers.36.mamba.dt_bias]
Loading weights:  91%|████████████████████████████████████████████████████▋     | 423/466 [00:00<00:00, 532.06it/s, Materializing param=model.layers.36.mamba.dt_bias]
Loading weights:  91%|██████████████████████████████████████████████▍    | 424/466 [00:00<00:00, 532.06it/s, Materializing param=model.layers.36.mamba.in_proj.weight]
Loading weights:  91%|██████████████████████████████████████████████▍    | 424/466 [00:00<00:00, 532.06it/s, Materializing param=model.layers.36.mamba.in_proj.weight]
Loading weights:  91%|█████████████████████████████████████████████████▏    | 425/466 [00:00<00:00, 532.06it/s, Materializing param=model.layers.36.mamba.norm.weight]
Loading weights:  91%|█████████████████████████████████████████████████▏    | 425/466 [00:00<00:00, 532.06it/s, Materializing param=model.layers.36.mamba.norm.weight]
Loading weights:  91%|█████████████████████████████████████████████▋    | 426/466 [00:00<00:00, 532.06it/s, Materializing param=model.layers.36.mamba.out_proj.weight]
Loading weights:  91%|█████████████████████████████████████████████▋    | 426/466 [00:00<00:00, 532.06it/s, Materializing param=model.layers.36.mamba.out_proj.weight]
Loading weights:  92%|████████████████████████████████████▋   | 427/466 [00:00<00:00, 532.06it/s, Materializing param=model.layers.36.post_attention_layernorm.weight]
Loading weights:  92%|████████████████████████████████████▋   | 427/466 [00:00<00:00, 532.06it/s, Materializing param=model.layers.36.post_attention_layernorm.weight]
Loading weights:  92%|█████████████████████████████████████▋   | 428/466 [00:00<00:00, 532.06it/s, Materializing param=model.layers.36.shared_mlp.input_linear.weight]
Loading weights:  92%|█████████████████████████████████████▋   | 428/466 [00:00<00:00, 532.06it/s, Materializing param=model.layers.36.shared_mlp.input_linear.weight]
Loading weights:  92%|████████████████████████████████████▊   | 429/466 [00:00<00:00, 532.06it/s, Materializing param=model.layers.36.shared_mlp.output_linear.weight]
Loading weights:  92%|████████████████████████████████████▊   | 429/466 [00:00<00:00, 532.06it/s, Materializing param=model.layers.36.shared_mlp.output_linear.weight]
Loading weights:  92%|█████████████████████████████████████████████▏   | 430/466 [00:00<00:00, 532.06it/s, Materializing param=model.layers.37.input_layernorm.weight]
Loading weights:  92%|█████████████████████████████████████████████▏   | 430/466 [00:00<00:00, 532.06it/s, Materializing param=model.layers.37.input_layernorm.weight]
Loading weights:  92%|███████████████████████████████████████████████████████▍    | 431/466 [00:00<00:00, 532.06it/s, Materializing param=model.layers.37.mamba.A_log]
Loading weights:  92%|███████████████████████████████████████████████████████▍    | 431/466 [00:00<00:00, 532.06it/s, Materializing param=model.layers.37.mamba.A_log]
Loading weights:  93%|███████████████████████████████████████████████████████████▎    | 432/466 [00:00<00:00, 532.06it/s, Materializing param=model.layers.37.mamba.D]
Loading weights:  93%|███████████████████████████████████████████████████████████▎    | 432/466 [00:00<00:00, 532.06it/s, Materializing param=model.layers.37.mamba.D]
Loading weights:  93%|██████████████████████████████████████████████████▏   | 433/466 [00:00<00:00, 532.06it/s, Materializing param=model.layers.37.mamba.conv1d.bias]
Loading weights:  93%|██████████████████████████████████████████████████▏   | 433/466 [00:00<00:00, 532.06it/s, Materializing param=model.layers.37.mamba.conv1d.bias]
Loading weights:  93%|████████████████████████████████████████████████▍   | 434/466 [00:00<00:00, 532.06it/s, Materializing param=model.layers.37.mamba.conv1d.weight]
Loading weights:  93%|████████████████████████████████████████████████▍   | 434/466 [00:00<00:00, 532.06it/s, Materializing param=model.layers.37.mamba.conv1d.weight]
Loading weights:  93%|██████████████████████████████████████████████████████▏   | 435/466 [00:00<00:00, 532.06it/s, Materializing param=model.layers.37.mamba.dt_bias]
Loading weights:  93%|██████████████████████████████████████████████████████▏   | 435/466 [00:00<00:00, 532.06it/s, Materializing param=model.layers.37.mamba.dt_bias]
Loading weights:  94%|███████████████████████████████████████████████▋   | 436/466 [00:00<00:00, 532.06it/s, Materializing param=model.layers.37.mamba.in_proj.weight]
Loading weights:  94%|███████████████████████████████████████████████▋   | 436/466 [00:00<00:00, 532.06it/s, Materializing param=model.layers.37.mamba.in_proj.weight]
Loading weights:  94%|██████████████████████████████████████████████████▋   | 437/466 [00:00<00:00, 532.06it/s, Materializing param=model.layers.37.mamba.norm.weight]
Loading weights:  94%|██████████████████████████████████████████████████▋   | 437/466 [00:00<00:00, 532.06it/s, Materializing param=model.layers.37.mamba.norm.weight]
Loading weights:  94%|██████████████████████████████████████████████▉   | 438/466 [00:00<00:00, 532.06it/s, Materializing param=model.layers.37.mamba.out_proj.weight]
Loading weights:  94%|██████████████████████████████████████████████▉   | 438/466 [00:00<00:00, 532.06it/s, Materializing param=model.layers.37.mamba.out_proj.weight]
Loading weights:  94%|█████████████████████████████████████▋  | 439/466 [00:00<00:00, 532.06it/s, Materializing param=model.layers.37.post_attention_layernorm.weight]
Loading weights:  94%|█████████████████████████████████████▋  | 439/466 [00:00<00:00, 532.06it/s, Materializing param=model.layers.37.post_attention_layernorm.weight]
Loading weights:  94%|██████████████████████████████████████▋  | 440/466 [00:00<00:00, 532.06it/s, Materializing param=model.layers.37.shared_mlp.input_linear.weight]
Loading weights:  94%|██████████████████████████████████████▋  | 440/466 [00:00<00:00, 532.06it/s, Materializing param=model.layers.37.shared_mlp.input_linear.weight]
Loading weights:  95%|█████████████████████████████████████▊  | 441/466 [00:00<00:00, 532.06it/s, Materializing param=model.layers.37.shared_mlp.output_linear.weight]
Loading weights:  95%|█████████████████████████████████████▊  | 441/466 [00:00<00:00, 532.06it/s, Materializing param=model.layers.37.shared_mlp.output_linear.weight]
Loading weights:  95%|██████████████████████████████████████████████▍  | 442/466 [00:00<00:00, 532.06it/s, Materializing param=model.layers.38.input_layernorm.weight]
Loading weights:  95%|██████████████████████████████████████████████▍  | 442/466 [00:00<00:00, 532.06it/s, Materializing param=model.layers.38.input_layernorm.weight]
Loading weights:  95%|█████████████████████████████████████████████████████████   | 443/466 [00:00<00:00, 532.06it/s, Materializing param=model.layers.38.mamba.A_log]
Loading weights:  95%|█████████████████████████████████████████████████████████   | 443/466 [00:00<00:00, 532.06it/s, Materializing param=model.layers.38.mamba.A_log]
Loading weights:  95%|████████████████████████████████████████████████████████████▉   | 444/466 [00:00<00:00, 532.06it/s, Materializing param=model.layers.38.mamba.D]
Loading weights:  95%|████████████████████████████████████████████████████████████▉   | 444/466 [00:00<00:00, 532.06it/s, Materializing param=model.layers.38.mamba.D]
Loading weights:  95%|███████████████████████████████████████████████████▌  | 445/466 [00:00<00:00, 532.06it/s, Materializing param=model.layers.38.mamba.conv1d.bias]
Loading weights:  95%|███████████████████████████████████████████████████▌  | 445/466 [00:00<00:00, 532.06it/s, Materializing param=model.layers.38.mamba.conv1d.bias]
Loading weights:  96%|█████████████████████████████████████████████████▊  | 446/466 [00:00<00:00, 532.06it/s, Materializing param=model.layers.38.mamba.conv1d.weight]
Loading weights:  96%|█████████████████████████████████████████████████▊  | 446/466 [00:00<00:00, 532.06it/s, Materializing param=model.layers.38.mamba.conv1d.weight]
Loading weights:  96%|███████████████████████████████████████████████████████▋  | 447/466 [00:00<00:00, 532.06it/s, Materializing param=model.layers.38.mamba.dt_bias]
Loading weights:  96%|███████████████████████████████████████████████████████▋  | 447/466 [00:00<00:00, 532.06it/s, Materializing param=model.layers.38.mamba.dt_bias]
Loading weights:  96%|█████████████████████████████████████████████████  | 448/466 [00:00<00:00, 532.06it/s, Materializing param=model.layers.38.mamba.in_proj.weight]
Loading weights:  96%|█████████████████████████████████████████████████  | 448/466 [00:00<00:00, 532.06it/s, Materializing param=model.layers.38.mamba.in_proj.weight]
Loading weights:  96%|████████████████████████████████████████████████████  | 449/466 [00:00<00:00, 532.06it/s, Materializing param=model.layers.38.mamba.norm.weight]
Loading weights:  96%|████████████████████████████████████████████████████  | 449/466 [00:00<00:00, 532.06it/s, Materializing param=model.layers.38.mamba.norm.weight]
Loading weights:  97%|████████████████████████████████████████████████▎ | 450/466 [00:00<00:00, 532.06it/s, Materializing param=model.layers.38.mamba.out_proj.weight]
Loading weights:  97%|████████████████████████████████████████████████▎ | 450/466 [00:00<00:00, 532.06it/s, Materializing param=model.layers.38.mamba.out_proj.weight]
Loading weights:  97%|██████████████████████████████████████▋ | 451/466 [00:00<00:00, 532.06it/s, Materializing param=model.layers.38.post_attention_layernorm.weight]
Loading weights:  97%|██████████████████████████████████████▋ | 451/466 [00:00<00:00, 532.06it/s, Materializing param=model.layers.38.post_attention_layernorm.weight]
Loading weights:  97%|███████████████████████████████████████▊ | 452/466 [00:00<00:00, 532.06it/s, Materializing param=model.layers.38.shared_mlp.input_linear.weight]
Loading weights:  97%|███████████████████████████████████████▊ | 452/466 [00:00<00:00, 532.06it/s, Materializing param=model.layers.38.shared_mlp.input_linear.weight]
Loading weights:  97%|██████████████████████████████████████▉ | 453/466 [00:00<00:00, 532.06it/s, Materializing param=model.layers.38.shared_mlp.output_linear.weight]
Loading weights:  97%|██████████████████████████████████████▉ | 453/466 [00:00<00:00, 532.06it/s, Materializing param=model.layers.38.shared_mlp.output_linear.weight]
Loading weights:  97%|███████████████████████████████████████████████▋ | 454/466 [00:00<00:00, 532.06it/s, Materializing param=model.layers.39.input_layernorm.weight]
Loading weights:  97%|███████████████████████████████████████████████▋ | 454/466 [00:00<00:00, 532.06it/s, Materializing param=model.layers.39.input_layernorm.weight]
Loading weights:  98%|██████████████████████████████████████████████████████████▌ | 455/466 [00:00<00:00, 532.06it/s, Materializing param=model.layers.39.mamba.A_log]
Loading weights:  98%|██████████████████████████████████████████████████████████▌ | 455/466 [00:00<00:00, 532.06it/s, Materializing param=model.layers.39.mamba.A_log]
Loading weights:  98%|██████████████████████████████████████████████████████████████▋ | 456/466 [00:00<00:00, 532.06it/s, Materializing param=model.layers.39.mamba.D]
Loading weights:  98%|██████████████████████████████████████████████████████████████▋ | 456/466 [00:00<00:00, 532.06it/s, Materializing param=model.layers.39.mamba.D]
Loading weights:  98%|████████████████████████████████████████████████████▉ | 457/466 [00:00<00:00, 532.06it/s, Materializing param=model.layers.39.mamba.conv1d.bias]
Loading weights:  98%|████████████████████████████████████████████████████▉ | 457/466 [00:00<00:00, 532.06it/s, Materializing param=model.layers.39.mamba.conv1d.bias]
Loading weights:  98%|███████████████████████████████████████████████████ | 458/466 [00:00<00:00, 532.06it/s, Materializing param=model.layers.39.mamba.conv1d.weight]
Loading weights:  98%|███████████████████████████████████████████████████ | 458/466 [00:00<00:00, 532.06it/s, Materializing param=model.layers.39.mamba.conv1d.weight]
Loading weights:  98%|█████████████████████████████████████████████████████████▏| 459/466 [00:00<00:00, 532.06it/s, Materializing param=model.layers.39.mamba.dt_bias]
Loading weights:  98%|█████████████████████████████████████████████████████████▏| 459/466 [00:00<00:00, 532.06it/s, Materializing param=model.layers.39.mamba.dt_bias]
Loading weights:  99%|██████████████████████████████████████████████████▎| 460/466 [00:00<00:00, 532.06it/s, Materializing param=model.layers.39.mamba.in_proj.weight]
Loading weights:  99%|██████████████████████████████████████████████████▎| 460/466 [00:00<00:00, 532.06it/s, Materializing param=model.layers.39.mamba.in_proj.weight]
Loading weights:  99%|█████████████████████████████████████████████████████▍| 461/466 [00:00<00:00, 532.06it/s, Materializing param=model.layers.39.mamba.norm.weight]
Loading weights:  99%|█████████████████████████████████████████████████████▍| 461/466 [00:00<00:00, 532.06it/s, Materializing param=model.layers.39.mamba.norm.weight]
Loading weights:  99%|█████████████████████████████████████████████████▌| 462/466 [00:00<00:00, 532.06it/s, Materializing param=model.layers.39.mamba.out_proj.weight]
Loading weights:  99%|█████████████████████████████████████████████████▌| 462/466 [00:00<00:00, 532.06it/s, Materializing param=model.layers.39.mamba.out_proj.weight]
Loading weights:  99%|███████████████████████████████████████▋| 463/466 [00:00<00:00, 532.06it/s, Materializing param=model.layers.39.post_attention_layernorm.weight]
Loading weights:  99%|███████████████████████████████████████▋| 463/466 [00:00<00:00, 532.06it/s, Materializing param=model.layers.39.post_attention_layernorm.weight]
Loading weights: 100%|████████████████████████████████████████▊| 464/466 [00:00<00:00, 532.06it/s, Materializing param=model.layers.39.shared_mlp.input_linear.weight]
Loading weights: 100%|████████████████████████████████████████▊| 464/466 [00:00<00:00, 532.06it/s, Materializing param=model.layers.39.shared_mlp.input_linear.weight]
Loading weights: 100%|███████████████████████████████████████▉| 465/466 [00:00<00:00, 532.06it/s, Materializing param=model.layers.39.shared_mlp.output_linear.weight]
Loading weights: 100%|███████████████████████████████████████▉| 465/466 [00:00<00:00, 532.06it/s, Materializing param=model.layers.39.shared_mlp.output_linear.weight]
Loading weights: 100%|██████████████████████████████████████████████████████████████████████| 466/466 [00:00<00:00, 532.06it/s, Materializing param=model.norm.weight]
Loading weights: 100%|██████████████████████████████████████████████████████████████████████| 466/466 [00:00<00:00, 532.06it/s, Materializing param=model.norm.weight]
Loading weights: 100%|██████████████████████████████████████████████████████████████████████| 466/466 [00:00<00:00, 538.47it/s, Materializing param=model.norm.weight]
15:08:40 INFO: HTTP Request: HEAD https://huggingface.co/ibm-granite/granite-4.0-h-micro/resolve/main/generation_config.json "HTTP/1.1 307 Temporary Redirect"
15:08:40 INFO: HTTP Request: HEAD https://huggingface.co/api/resolve-cache/models/ibm-granite/granite-4.0-h-micro/d5f01a3ea75f088947be3aae039f4ad52837dfde/generation_config.json "HTTP/1.1 200 OK"
15:08:40 INFO: HTTP Request: HEAD https://huggingface.co/ibm-granite/granite-4.0-h-micro/resolve/main/custom_generate/generate.py "HTTP/1.1 404 Not Found"
15:08:40 INFO: HTTP Request: HEAD https://huggingface.co/ibm-granite/granite-4.0-h-micro/resolve/main/config.json "HTTP/1.1 307 Temporary Redirect"
15:08:40 INFO: HTTP Request: HEAD https://huggingface.co/api/resolve-cache/models/ibm-granite/granite-4.0-h-micro/d5f01a3ea75f088947be3aae039f4ad52837dfde/config.json "HTTP/1.1 200 OK"
15:08:40 INFO: HTTP Request: HEAD https://huggingface.co/ibm-granite/granite-4.0-h-micro/resolve/main/tokenizer_config.json "HTTP/1.1 307 Temporary Redirect"
15:08:40 INFO: HTTP Request: HEAD https://huggingface.co/api/resolve-cache/models/ibm-granite/granite-4.0-h-micro/d5f01a3ea75f088947be3aae039f4ad52837dfde/tokenizer_config.json "HTTP/1.1 200 OK"
15:08:40 INFO: HTTP Request: GET https://huggingface.co/api/models/ibm-granite/granite-4.0-h-micro/tree/main/additional_chat_templates?recursive=false&expand=false "HTTP/1.1 404 Not Found"
15:08:40 INFO: HTTP Request: GET https://huggingface.co/api/models/ibm-granite/granite-4.0-h-micro/tree/main?recursive=true&expand=false "HTTP/1.1 200 OK"
15:08:41 INFO: HTTP Request: GET https://huggingface.co/api/models/ibm-granite/granite-4.0-h-micro "HTTP/1.1 200 OK"

--- SSM Core Training ---
Unfrozen 108 SSM core parameters (6,912 values)
  base_model.model.model.layers.0.mamba.dt_bias: shape=[64], numel=64
  base_model.model.model.layers.0.mamba.A_log: shape=[64], numel=64
  base_model.model.model.layers.0.mamba.D: shape=[64], numel=64
  base_model.model.model.layers.1.mamba.dt_bias: shape=[64], numel=64
  base_model.model.model.layers.1.mamba.A_log: shape=[64], numel=64
  base_model.model.model.layers.1.mamba.D: shape=[64], numel=64
  base_model.model.model.layers.2.mamba.dt_bias: shape=[64], numel=64
  base_model.model.model.layers.2.mamba.A_log: shape=[64], numel=64
  base_model.model.model.layers.2.mamba.D: shape=[64], numel=64
  ... and 99 more

trainable params: 28,830,464 || all params: 3,220,219,648 || trainable%: 0.8953
============================================================
Granite 4.0-H-Micro Layer Coverage Report
============================================================
Total layers: 40 (4 Transformer + 36 Mamba-2)

Transformer attention layers: 4
  └─ LoRA applied: q_proj, k_proj, v_proj, o_proj ✓

Mamba-2 layers: 36
  └─ LoRA applied: in_proj, out_proj ✓
  └─ SSM core unfrozen: A_log, D, dt_bias ✓
      Shape: [num_heads=64] per param (Mamba-2 SSD scalar constraint)
      Total SSM core params: 6,912

MLP layers (shared across all 40 layers):
  └─ LoRA applied: input_linear, output_linear ✓

------------------------------------------------------------
Parameter Budget
------------------------------------------------------------
  LoRA adapter params:        28,823,552
  SSM core params:                 6,912
  Frozen params:            3,191,389,184
  ─────────────────────────────────────
  Total model params:       3,220,219,648
  Total trainable:            28,830,464 (0.90%)

Frozen layer categories:
  • MLP base weights (LoRA adapts these)
  • Mamba projection base weights (LoRA adapts these)
  • attention base weights (LoRA adapts these)
  • conv1d (Mamba convolution)
  • embed_tokens (embedding layer)
  • layer norms

============================================================
End Coverage Report
============================================================

Saved to: /workspace/output_v4/assessos-rule_generation-20260228_150839/layer_coverage_report.txt

--- SSM Parameter Snapshot (before) ---
  base_model.model.model.layers.0.mamba.A_log: mean=0.098756, std=0.206946, min=-0.652344, max=0.601562
  base_model.model.model.layers.0.mamba.D: mean=0.044150, std=0.024491, min=-0.071777, max=0.075195
  base_model.model.model.layers.0.mamba.dt_bias: mean=-4.106201, std=2.611501, min=-11.437500, max=4.312500
  base_model.model.model.layers.1.mamba.A_log: mean=-0.020718, std=0.108430, min=-0.213867, max=0.480469
  base_model.model.model.layers.1.mamba.D: mean=0.044446, std=0.032388, min=0.000637, max=0.171875
  base_model.model.model.layers.1.mamba.dt_bias: mean=-0.994232, std=0.723481, min=-3.843750, max=0.718750
  base_model.model.model.layers.2.mamba.A_log: mean=0.014685, std=0.082281, min=-0.214844, max=0.211914
  base_model.model.model.layers.2.mamba.D: mean=0.024451, std=0.007436, min=0.006012, max=0.052979
  base_model.model.model.layers.2.mamba.dt_bias: mean=-6.320312, std=1.822878, min=-13.312500, max=-1.468750
warmup_ratio is deprecated and will be removed in v5.2. Use `warmup_steps` instead.
15:08:42 WARNING: Padding-free training is enabled, but the attention implementation is not set to a supported flash attention variant. Padding-free training flattens batches into a single sequence, and only the following implementations are known to reliably support this: flash_attention_2, flash_attention_3, kernels-community/flash-attn2, kernels-community/flash-attn3, kernels-community/vllm-flash-attn3. Using other implementations may lead to unexpected behavior. To ensure compatibility, set `attn_implementation` in the model configuration to one of these supported options or verify that your attention mechanism can handle flattened sequences.
15:08:42 WARNING: You are using packing, but the attention implementation is not set to a supported flash attention variant. Packing gathers multiple samples into a single sequence, and only the following implementations are known to reliably support this: flash_attention_2, flash_attention_3, kernels-community/flash-attn2, kernels-community/flash-attn3, kernels-community/vllm-flash-attn3. Using other implementations may lead to cross-contamination between samples. To avoid this, either disable packing by setting `packing=False`, or set `attn_implementation` in the model configuration to one of these supported options.

Adding EOS to train dataset:   0%|                                                                                                    | 0/8248 [00:00<?, ? examples/s]
Adding EOS to train dataset:  83%|███████████████████████████████████████████████████████████████████████▏              | 6829/8248 [00:00<00:00, 68144.33 examples/s]
Adding EOS to train dataset: 100%|██████████████████████████████████████████████████████████████████████████████████████| 8248/8248 [00:00<00:00, 67346.63 examples/s]

Tokenizing train dataset:   0%|                                                                                                       | 0/8248 [00:00<?, ? examples/s]
Tokenizing train dataset:   5%|████▌                                                                                      | 416/8248 [00:00<00:01, 4134.61 examples/s]
Tokenizing train dataset:  10%|█████████▎                                                                                 | 849/8248 [00:00<00:01, 4244.67 examples/s]
Tokenizing train dataset:  17%|███████████████▋                                                                          | 1433/8248 [00:00<00:01, 4044.63 examples/s]
Tokenizing train dataset:  23%|████████████████████▌                                                                     | 1884/8248 [00:00<00:01, 4201.99 examples/s]
Tokenizing train dataset:  30%|███████████████████████████                                                               | 2480/8248 [00:00<00:01, 4099.92 examples/s]
Tokenizing train dataset:  36%|████████████████████████████████                                                          | 2934/8248 [00:00<00:01, 4223.75 examples/s]
Tokenizing train dataset:  43%|██████████████████████████████████████▌                                                   | 3534/8248 [00:00<00:01, 4133.44 examples/s]
Tokenizing train dataset:  48%|███████████████████████████████████████████▍                                              | 3982/8248 [00:00<00:01, 4224.89 examples/s]
Tokenizing train dataset:  55%|█████████████████████████████████████████████████▌                                        | 4547/8248 [00:01<00:00, 4055.51 examples/s]
Tokenizing train dataset:  60%|██████████████████████████████████████████████████████▍                                   | 4990/8248 [00:01<00:00, 4148.23 examples/s]
Tokenizing train dataset:  67%|████████████████████████████████████████████████████████████▌                             | 5550/8248 [00:01<00:00, 3999.27 examples/s]
Tokenizing train dataset:  73%|█████████████████████████████████████████████████████████████████▍                        | 6000/8248 [00:01<00:00, 3979.50 examples/s]
Tokenizing train dataset:  78%|██████████████████████████████████████████████████████████████████████▏                   | 6430/8248 [00:01<00:00, 4060.91 examples/s]
Tokenizing train dataset:  83%|██████████████████████████████████████████████████████████████████████████▉               | 6866/8248 [00:01<00:00, 4140.28 examples/s]
Tokenizing train dataset:  90%|█████████████████████████████████████████████████████████████████████████████████▏        | 7436/8248 [00:01<00:00, 4011.51 examples/s]
Tokenizing train dataset:  96%|██████████████████████████████████████████████████████████████████████████████████████    | 7887/8248 [00:01<00:00, 4139.00 examples/s]
Tokenizing train dataset: 100%|██████████████████████████████████████████████████████████████████████████████████████████| 8248/8248 [00:02<00:00, 4070.06 examples/s]

Packing train dataset:   0%|                                                                                                          | 0/8248 [00:00<?, ? examples/s]
Packing train dataset: 100%|███████████████████████████████████████████████████████████████████████████████████████████| 8248/8248 [00:00<00:00, 138602.46 examples/s]

Adding EOS to eval dataset:   0%|                                                                                                      | 0/917 [00:00<?, ? examples/s]
Adding EOS to eval dataset: 100%|█████████████████████████████████████████████████████████████████████████████████████████| 917/917 [00:00<00:00, 64099.74 examples/s]

Tokenizing eval dataset:   0%|                                                                                                         | 0/917 [00:00<?, ? examples/s]
Tokenizing eval dataset:  45%|██████████████████████████████████████████                                                   | 415/917 [00:00<00:00, 4110.63 examples/s]
Tokenizing eval dataset:  94%|███████████████████████████████████████████████████████████████████████████████████████▌     | 864/917 [00:00<00:00, 4328.06 examples/s]
Tokenizing eval dataset: 100%|█████████████████████████████████████████████████████████████████████████████████████████████| 917/917 [00:00<00:00, 4039.17 examples/s]

Packing eval dataset:   0%|                                                                                                            | 0/917 [00:00<?, ? examples/s]
Packing eval dataset: 100%|██████████████████████████████████████████████████████████████████████████████████████████████| 917/917 [00:00<00:00, 122380.58 examples/s]
15:08:45 INFO: Starting training for task 'rule_generation'...

  0%|                                                                                                                                         | 0/162 [00:00<?, ?it/s]
  1%|▊                                                                                                                                | 1/162 [00:06<16:16,  6.06s/it]
  1%|█▌                                                                                                                               | 2/162 [00:12<16:16,  6.10s/it]
  2%|██▍                                                                                                                              | 3/162 [00:18<16:13,  6.12s/it]
  2%|███▏                                                                                                                             | 4/162 [00:24<15:48,  6.01s/it]
  3%|███▉                                                                                                                             | 5/162 [00:30<15:41,  6.00s/it]
  4%|████▊                                                                                                                            | 6/162 [00:36<15:38,  6.02s/it]
  4%|█████▌                                                                                                                           | 7/162 [00:42<15:29,  6.00s/it]
  5%|██████▎                                                                                                                          | 8/162 [00:48<15:34,  6.07s/it]
  6%|███████▏                                                                                                                         | 9/162 [00:54<15:31,  6.09s/it]
  6%|███████▉                                                                                                                        | 10/162 [01:00<15:25,  6.09s/it]
                                                                                                                                                                      
{'loss': '2.203', 'grad_norm': '11.09', 'learning_rate': '0.00018', 'entropy': '0.9274', 'num_tokens': '3.914e+05', 'mean_token_accuracy': '0.6817', 'epoch': '0.1852'}

  6%|███████▉                                                                                                                        | 10/162 [01:00<15:25,  6.09s/it]
  7%|████████▋                                                                                                                       | 11/162 [01:06<15:13,  6.05s/it]
  7%|█████████▍                                                                                                                      | 12/162 [01:12<15:15,  6.10s/it]
  8%|██████████▎                                                                                                                     | 13/162 [01:18<15:04,  6.07s/it]
  9%|███████████                                                                                                                     | 14/162 [01:24<15:04,  6.11s/it]
  9%|███████████▊                                                                                                                    | 15/162 [01:30<14:43,  6.01s/it]
 10%|████████████▋                                                                                                                   | 16/162 [01:36<14:40,  6.03s/it]
 10%|█████████████▍                                                                                                                  | 17/162 [01:42<14:36,  6.05s/it]
 11%|██████████████▏                                                                                                                 | 18/162 [01:49<14:39,  6.11s/it]
 12%|███████████████                                                                                                                 | 19/162 [01:55<14:28,  6.07s/it]
 12%|███████████████▊                                                                                                                | 20/162 [02:01<14:21,  6.07s/it]
                                                                                                                                                                      
{'loss': '0.8493', 'grad_norm': '1.275', 'learning_rate': '0.0001983', 'entropy': '0.7443', 'num_tokens': '7.833e+05', 'mean_token_accuracy': '0.8135', 'epoch': '0.3704'}

 12%|███████████████▊                                                                                                                | 20/162 [02:01<14:21,  6.07s/it]
 13%|████████████████▌                                                                                                               | 21/162 [02:07<14:15,  6.07s/it]
 14%|█████████████████▍                                                                                                              | 22/162 [02:13<14:08,  6.06s/it]
 14%|██████████████████▏                                                                                                             | 23/162 [02:19<13:58,  6.03s/it]
 15%|██████████████████▉                                                                                                             | 24/162 [02:25<13:45,  5.98s/it]
 15%|███████████████████▊                                                                                                            | 25/162 [02:31<13:45,  6.02s/it]
 16%|████████████████████▌                                                                                                           | 26/162 [02:37<13:34,  5.99s/it]
 17%|█████████████████████▎                                                                                                          | 27/162 [02:43<13:35,  6.04s/it]
 17%|██████████████████████                                                                                                          | 28/162 [02:49<13:30,  6.05s/it]
 18%|██████████████████████▉                                                                                                         | 29/162 [02:55<13:25,  6.05s/it]
 19%|███████████████████████▋                                                                                                        | 30/162 [03:01<13:20,  6.07s/it]
                                                                                                                                                                      
{'loss': '0.6981', 'grad_norm': '0.8073', 'learning_rate': '0.0001924', 'entropy': '0.7324', 'num_tokens': '1.174e+06', 'mean_token_accuracy': '0.8319', 'epoch': '0.5556'}

 19%|███████████████████████▋                                                                                                        | 30/162 [03:01<13:20,  6.07s/it]
 19%|████████████████████████▍                                                                                                       | 31/162 [03:07<13:10,  6.04s/it]
 20%|█████████████████████████▎                                                                                                      | 32/162 [03:13<13:06,  6.05s/it]
 20%|██████████████████████████                                                                                                      | 33/162 [03:19<12:59,  6.05s/it]
 21%|██████████████████████████▊                                                                                                     | 34/162 [03:25<12:55,  6.06s/it]
 22%|███████████████████████████▋                                                                                                    | 35/162 [03:32<12:57,  6.12s/it]
 22%|████████████████████████████▍                                                                                                   | 36/162 [03:38<12:51,  6.12s/it]
 23%|█████████████████████████████▏                                                                                                  | 37/162 [03:44<12:44,  6.12s/it]
 23%|██████████████████████████████                                                                                                  | 38/162 [03:50<12:39,  6.12s/it]
 24%|██████████████████████████████▊                                                                                                 | 39/162 [03:56<12:31,  6.11s/it]
 25%|███████████████████████████████▌                                                                                                | 40/162 [04:02<12:23,  6.09s/it]
                                                                                                                                                                      
{'loss': '0.59', 'grad_norm': '0.3669', 'learning_rate': '0.0001826', 'entropy': '0.6373', 'num_tokens': '1.569e+06', 'mean_token_accuracy': '0.8548', 'epoch': '0.7407'}

 25%|███████████████████████████████▌                                                                                                | 40/162 [04:02<12:23,  6.09s/it]
 25%|████████████████████████████████▍                                                                                               | 41/162 [04:08<12:11,  6.05s/it]
 26%|█████████████████████████████████▏                                                                                              | 42/162 [04:14<12:06,  6.06s/it]
 27%|█████████████████████████████████▉                                                                                              | 43/162 [04:20<12:00,  6.06s/it]
 27%|██████████████████████████████████▊                                                                                             | 44/162 [04:26<11:55,  6.06s/it]
 28%|███████████████████████████████████▌                                                                                            | 45/162 [04:32<11:51,  6.08s/it]
 28%|████████████████████████████████████▎                                                                                           | 46/162 [04:39<11:50,  6.13s/it]
 29%|█████████████████████████████████████▏                                                                                          | 47/162 [04:45<11:43,  6.12s/it]
 30%|█████████████████████████████████████▉                                                                                          | 48/162 [04:51<11:34,  6.09s/it]
 30%|██████████████████████████████████████▋                                                                                         | 49/162 [04:57<11:24,  6.06s/it]
 31%|███████████████████████████████████████▌                                                                                        | 50/162 [05:03<11:20,  6.07s/it]
                                                                                                                                                                      
{'loss': '0.5051', 'grad_norm': '0.3957', 'learning_rate': '0.0001692', 'entropy': '0.5588', 'num_tokens': '1.962e+06', 'mean_token_accuracy': '0.873', 'epoch': '0.9259'}

 31%|███████████████████████████████████████▌                                                                                        | 50/162 [05:03<11:20,  6.07s/it]

  0%|                                                                                                                                           | 0/6 [00:00<?, ?it/s][A

 33%|███████████████████████████████████████████▋                                                                                       | 2/6 [00:02<00:04,  1.02s/it][A

 50%|█████████████████████████████████████████████████████████████████▌                                                                 | 3/6 [00:04<00:04,  1.47s/it][A

 67%|███████████████████████████████████████████████████████████████████████████████████████▎                                           | 4/6 [00:06<00:03,  1.70s/it][A

 83%|█████████████████████████████████████████████████████████████████████████████████████████████████████████████▏                     | 5/6 [00:08<00:01,  1.81s/it][A

100%|███████████████████████████████████████████████████████████████████████████████████████████████████████████████████████████████████| 6/6 [00:10<00:00,  1.89s/it][A

                                                                                                                                                                      
[A
                                                                                                                                                                      
{'eval_loss': '0.4151', 'eval_runtime': '12.55', 'eval_samples_per_second': '15.3', 'eval_steps_per_second': '0.478', 'eval_entropy': '0.471', 'eval_num_tokens': '1.962e+06', 'eval_mean_token_accuracy': '0.8919', 'epoch': '0.9259'}


100%|███████████████████████████████████████████████████████████████████████████████████████████████████████████████████████████████████| 6/6 [00:10<00:00,  1.89s/it][A
 31%|███████████████████████████████████████▌                                                                                        | 50/162 [05:15<11:20,  6.07s/it]

                                                                                                                                                                      [A
 31%|████████████████████████████████████████▎                                                                                       | 51/162 [05:21<18:11,  9.83s/it]
 32%|█████████████████████████████████████████                                                                                       | 52/162 [05:27<15:56,  8.70s/it]
 33%|█████████████████████████████████████████▉                                                                                      | 53/162 [05:34<14:24,  7.93s/it]
 33%|██████████████████████████████████████████▋                                                                                     | 54/162 [05:38<12:36,  7.01s/it]
 34%|███████████████████████████████████████████▍                                                                                    | 55/162 [05:44<11:59,  6.72s/it]
 35%|████████████████████████████████████████████▏                                                                                   | 56/162 [05:51<11:34,  6.55s/it]
 35%|█████████████████████████████████████████████                                                                                   | 57/162 [05:57<11:11,  6.40s/it]
 36%|█████████████████████████████████████████████▊                                                                                  | 58/162 [06:03<10:56,  6.31s/it]
 36%|██████████████████████████████████████████████▌                                                                                 | 59/162 [06:09<10:41,  6.23s/it]
 37%|███████████████████████████████████████████████▍                                                                                | 60/162 [06:15<10:30,  6.18s/it]
                                                                                                                                                                      
{'loss': '0.4211', 'grad_norm': '0.4171', 'learning_rate': '0.000153', 'entropy': '0.4849', 'num_tokens': '2.348e+06', 'mean_token_accuracy': '0.889', 'epoch': '1.111'}

 37%|███████████████████████████████████████████████▍                                                                                | 60/162 [06:15<10:30,  6.18s/it]
 38%|████████████████████████████████████████████████▏                                                                               | 61/162 [06:21<10:21,  6.15s/it]
 38%|████████████████████████████████████████████████▉                                                                               | 62/162 [06:27<10:14,  6.14s/it]
 39%|█████████████████████████████████████████████████▊                                                                              | 63/162 [06:33<10:05,  6.11s/it]
 40%|██████████████████████████████████████████████████▌                                                                             | 64/162 [06:39<09:57,  6.09s/it]
 40%|███████████████████████████████████████████████████▎                                                                            | 65/162 [06:45<09:50,  6.09s/it]
 41%|████████████████████████████████████████████████████▏                                                                           | 66/162 [06:51<09:40,  6.05s/it]
 41%|████████████████████████████████████████████████████▉                                                                           | 67/162 [06:57<09:31,  6.02s/it]
 42%|█████████████████████████████████████████████████████▋                                                                          | 68/162 [07:03<09:28,  6.05s/it]
 43%|██████████████████████████████████████████████████████▌                                                                         | 69/162 [07:09<09:23,  6.05s/it]
 43%|███████████████████████████████████████████████████████▎                                                                        | 70/162 [07:15<09:17,  6.06s/it]
                                                                                                                                                                      
{'loss': '0.3508', 'grad_norm': '0.4897', 'learning_rate': '0.0001344', 'entropy': '0.4231', 'num_tokens': '2.74e+06', 'mean_token_accuracy': '0.905', 'epoch': '1.296'}

 43%|███████████████████████████████████████████████████████▎                                                                        | 70/162 [07:15<09:17,  6.06s/it]
 44%|████████████████████████████████████████████████████████                                                                        | 71/162 [07:22<09:13,  6.08s/it]
 44%|████████████████████████████████████████████████████████▉                                                                       | 72/162 [07:28<09:09,  6.10s/it]
 45%|█████████████████████████████████████████████████████████▋                                                                      | 73/162 [07:34<09:08,  6.17s/it]
 46%|██████████████████████████████████████████████████████████▍                                                                     | 74/162 [07:40<08:53,  6.06s/it]
 46%|███████████████████████████████████████████████████████████▎                                                                    | 75/162 [07:46<08:41,  6.00s/it]
 47%|████████████████████████████████████████████████████████████                                                                    | 76/162 [07:52<08:35,  5.99s/it]
 48%|████████████████████████████████████████████████████████████▊                                                                   | 77/162 [07:58<08:30,  6.00s/it]
 48%|█████████████████████████████████████████████████████████████▋                                                                  | 78/162 [08:04<08:29,  6.07s/it]
 49%|██████████████████████████████████████████████████████████████▍                                                                 | 79/162 [08:10<08:23,  6.07s/it]
 49%|███████████████████████████████████████████████████████████████▏                                                                | 80/162 [08:16<08:14,  6.03s/it]
                                                                                                                                                                      
{'loss': '0.299', 'grad_norm': '0.8221', 'learning_rate': '0.0001144', 'entropy': '0.3763', 'num_tokens': '3.131e+06', 'mean_token_accuracy': '0.9172', 'epoch': '1.481'}

 49%|███████████████████████████████████████████████████████████████▏                                                                | 80/162 [08:16<08:14,  6.03s/it]
 50%|████████████████████████████████████████████████████████████████                                                                | 81/162 [08:22<08:05,  6.00s/it]
 51%|████████████████████████████████████████████████████████████████▊                                                               | 82/162 [08:28<07:58,  5.98s/it]
 51%|█████████████████████████████████████████████████████████████████▌                                                              | 83/162 [08:34<07:50,  5.96s/it]
 52%|██████████████████████████████████████████████████████████████████▎                                                             | 84/162 [08:40<07:48,  6.00s/it]
 52%|███████████████████████████████████████████████████████████████████▏                                                            | 85/162 [08:46<07:45,  6.05s/it]
 53%|███████████████████████████████████████████████████████████████████▉                                                            | 86/162 [08:52<07:40,  6.06s/it]
 54%|████████████████████████████████████████████████████████████████████▋                                                           | 87/162 [08:58<07:36,  6.09s/it]
 54%|█████████████████████████████████████████████████████████████████████▌                                                          | 88/162 [09:04<07:30,  6.08s/it]
 55%|██████████████████████████████████████████████████████████████████████▎                                                         | 89/162 [09:10<07:25,  6.10s/it]
 56%|███████████████████████████████████████████████████████████████████████                                                         | 90/162 [09:16<07:19,  6.11s/it]
                                                                                                                                                                      
{'loss': '0.2667', 'grad_norm': '0.6669', 'learning_rate': '9.38e-05', 'entropy': '0.3438', 'num_tokens': '3.524e+06', 'mean_token_accuracy': '0.9259', 'epoch': '1.667'}

 56%|███████████████████████████████████████████████████████████████████████                                                         | 90/162 [09:16<07:19,  6.11s/it]
 56%|███████████████████████████████████████████████████████████████████████▉                                                        | 91/162 [09:23<07:12,  6.09s/it]
 57%|████████████████████████████████████████████████████████████████████████▋                                                       | 92/162 [09:29<07:05,  6.08s/it]
 57%|█████████████████████████████████████████████████████████████████████████▍                                                      | 93/162 [09:35<07:00,  6.09s/it]
 58%|██████████████████████████████████████████████████████████████████████████▎                                                     | 94/162 [09:41<06:53,  6.09s/it]
 59%|███████████████████████████████████████████████████████████████████████████                                                     | 95/162 [09:47<06:47,  6.08s/it]
 59%|███████████████████████████████████████████████████████████████████████████▊                                                    | 96/162 [09:53<06:41,  6.08s/it]
 60%|████████████████████████████████████████████████████████████████████████████▋                                                   | 97/162 [09:59<06:41,  6.18s/it]
 60%|█████████████████████████████████████████████████████████████████████████████▍                                                  | 98/162 [10:05<06:31,  6.12s/it]
 61%|██████████████████████████████████████████████████████████████████████████████▏                                                 | 99/162 [10:11<06:23,  6.09s/it]
 62%|██████████████████████████████████████████████████████████████████████████████▍                                                | 100/162 [10:17<06:17,  6.09s/it]
                                                                                                                                                                      
{'loss': '0.2477', 'grad_norm': '0.5658', 'learning_rate': '7.345e-05', 'entropy': '0.3241', 'num_tokens': '3.916e+06', 'mean_token_accuracy': '0.9309', 'epoch': '1.852'}

 62%|██████████████████████████████████████████████████████████████████████████████▍                                                | 100/162 [10:17<06:17,  6.09s/it]

  0%|                                                                                                                                           | 0/6 [00:00<?, ?it/s][A

 33%|███████████████████████████████████████████▋                                                                                       | 2/6 [00:02<00:04,  1.02s/it][A

 50%|█████████████████████████████████████████████████████████████████▌                                                                 | 3/6 [00:04<00:04,  1.47s/it][A

 67%|███████████████████████████████████████████████████████████████████████████████████████▎                                           | 4/6 [00:06<00:03,  1.70s/it][A

 83%|█████████████████████████████████████████████████████████████████████████████████████████████████████████████▏                     | 5/6 [00:08<00:01,  1.81s/it][A

100%|███████████████████████████████████████████████████████████████████████████████████████████████████████████████████████████████████| 6/6 [00:10<00:00,  1.89s/it][A

                                                                                                                                                                      
[A
                                                                                                                                                                      
{'eval_loss': '0.242', 'eval_runtime': '12.42', 'eval_samples_per_second': '15.46', 'eval_steps_per_second': '0.483', 'eval_entropy': '0.307', 'eval_num_tokens': '3.916e+06', 'eval_mean_token_accuracy': '0.9325', 'epoch': '1.852'}


100%|███████████████████████████████████████████████████████████████████████████████████████████████████████████████████████████████████| 6/6 [00:10<00:00,  1.89s/it][A
 62%|██████████████████████████████████████████████████████████████████████████████▍                                                | 100/162 [10:30<06:17,  6.09s/it]

                                                                                                                                                                      [A
 62%|███████████████████████████████████████████████████████████████████████████████▏                                               | 101/162 [10:36<09:58,  9.82s/it]
 63%|███████████████████████████████████████████████████████████████████████████████▉                                               | 102/162 [10:42<08:41,  8.69s/it]
 64%|████████████████████████████████████████████████████████████████████████████████▋                                              | 103/162 [10:48<07:45,  7.88s/it]
 64%|█████████████████████████████████████████████████████████████████████████████████▌                                             | 104/162 [10:54<07:05,  7.34s/it]
 65%|██████████████████████████████████████████████████████████████████████████████████▎                                            | 105/162 [11:00<06:36,  6.96s/it]
 65%|███████████████████████████████████████████████████████████████████████████████████                                            | 106/162 [11:06<06:15,  6.71s/it]
 66%|███████████████████████████████████████████████████████████████████████████████████▉                                           | 107/162 [11:12<05:58,  6.53s/it]
 67%|████████████████████████████████████████████████████████████████████████████████████▋                                          | 108/162 [11:17<05:24,  6.01s/it]
 67%|█████████████████████████████████████████████████████████████████████████████████████▍                                         | 109/162 [11:23<05:20,  6.05s/it]
 68%|██████████████████████████████████████████████████████████████████████████████████████▏                                        | 110/162 [11:29<05:15,  6.07s/it]
                                                                                                                                                                      
{'loss': '0.2314', 'grad_norm': '0.5494', 'learning_rate': '5.423e-05', 'entropy': '0.3039', 'num_tokens': '4.303e+06', 'mean_token_accuracy': '0.9346', 'epoch': '2.037'}

 68%|██████████████████████████████████████████████████████████████████████████████████████▏                                        | 110/162 [11:29<05:15,  6.07s/it]
 69%|███████████████████████████████████████████████████████████████████████████████████████                                        | 111/162 [11:36<05:10,  6.08s/it]
 69%|███████████████████████████████████████████████████████████████████████████████████████▊                                       | 112/162 [11:42<05:05,  6.10s/it]
 70%|████████████████████████████████████████████████████████████████████████████████████████▌                                      | 113/162 [11:48<04:59,  6.12s/it]
 70%|█████████████████████████████████████████████████████████████████████████████████████████▎                                     | 114/162 [11:54<04:53,  6.11s/it]
 71%|██████████████████████████████████████████████████████████████████████████████████████████▏                                    | 115/162 [12:00<04:44,  6.06s/it]
 72%|██████████████████████████████████████████████████████████████████████████████████████████▉                                    | 116/162 [12:06<04:37,  6.03s/it]
 72%|███████████████████████████████████████████████████████████████████████████████████████████▋                                   | 117/162 [12:12<04:32,  6.05s/it]
 73%|████████████████████████████████████████████████████████████████████████████████████████████▌                                  | 118/162 [12:18<04:26,  6.06s/it]
 73%|█████████████████████████████████████████████████████████████████████████████████████████████▎                                 | 119/162 [12:24<04:20,  6.06s/it]
 74%|██████████████████████████████████████████████████████████████████████████████████████████████                                 | 120/162 [12:30<04:14,  6.07s/it]
                                                                                                                                                                      
{'loss': '0.2178', 'grad_norm': '0.489', 'learning_rate': '3.696e-05', 'entropy': '0.2863', 'num_tokens': '4.696e+06', 'mean_token_accuracy': '0.9379', 'epoch': '2.222'}

 74%|██████████████████████████████████████████████████████████████████████████████████████████████                                 | 120/162 [12:30<04:14,  6.07s/it]
 75%|██████████████████████████████████████████████████████████████████████████████████████████████▊                                | 121/162 [12:36<04:09,  6.08s/it]
 75%|███████████████████████████████████████████████████████████████████████████████████████████████▋                               | 122/162 [12:42<04:04,  6.11s/it]
 76%|████████████████████████████████████████████████████████████████████████████████████████████████▍                              | 123/162 [12:49<03:58,  6.11s/it]
 77%|█████████████████████████████████████████████████████████████████████████████████████████████████▏                             | 124/162 [12:54<03:49,  6.04s/it]
 77%|█████████████████████████████████████████████████████████████████████████████████████████████████▉                             | 125/162 [13:01<03:44,  6.06s/it]
 78%|██████████████████████████████████████████████████████████████████████████████████████████████████▊                            | 126/162 [13:07<03:37,  6.03s/it]
 78%|███████████████████████████████████████████████████████████████████████████████████████████████████▌                           | 127/162 [13:12<03:29,  5.98s/it]
 79%|████████████████████████████████████████████████████████████████████████████████████████████████████▎                          | 128/162 [13:18<03:24,  6.01s/it]
 80%|█████████████████████████████████████████████████████████████████████████████████████████████████████▏                         | 129/162 [13:25<03:18,  6.03s/it]
 80%|█████████████████████████████████████████████████████████████████████████████████████████████████████▉                         | 130/162 [13:30<03:11,  5.98s/it]
                                                                                                                                                                      
{'loss': '0.215', 'grad_norm': '0.3209', 'learning_rate': '2.237e-05', 'entropy': '0.2807', 'num_tokens': '5.086e+06', 'mean_token_accuracy': '0.9383', 'epoch': '2.407'}

 80%|█████████████████████████████████████████████████████████████████████████████████████████████████████▉                         | 130/162 [13:30<03:11,  5.98s/it]
 81%|██████████████████████████████████████████████████████████████████████████████████████████████████████▋                        | 131/162 [13:36<03:06,  6.00s/it]
 81%|███████████████████████████████████████████████████████████████████████████████████████████████████████▍                       | 132/162 [13:42<02:59,  5.99s/it]
 82%|████████████████████████████████████████████████████████████████████████████████████████████████████████▎                      | 133/162 [13:48<02:54,  6.02s/it]
 83%|█████████████████████████████████████████████████████████████████████████████████████████████████████████                      | 134/162 [13:55<02:49,  6.06s/it]
 83%|█████████████████████████████████████████████████████████████████████████████████████████████████████████▊                     | 135/162 [14:01<02:42,  6.04s/it]
 84%|██████████████████████████████████████████████████████████████████████████████████████████████████████████▌                    | 136/162 [14:07<02:36,  6.02s/it]
 85%|███████████████████████████████████████████████████████████████████████████████████████████████████████████▍                   | 137/162 [14:13<02:31,  6.05s/it]
 85%|████████████████████████████████████████████████████████████████████████████████████████████████████████████▏                  | 138/162 [14:19<02:25,  6.06s/it]
 86%|████████████████████████████████████████████████████████████████████████████████████████████████████████████▉                  | 139/162 [14:25<02:19,  6.07s/it]
 86%|█████████████████████████████████████████████████████████████████████████████████████████████████████████████▊                 | 140/162 [14:31<02:13,  6.08s/it]
                                                                                                                                                                      
{'loss': '0.2127', 'grad_norm': '0.2529', 'learning_rate': '1.109e-05', 'entropy': '0.2829', 'num_tokens': '5.479e+06', 'mean_token_accuracy': '0.9384', 'epoch': '2.593'}

 86%|█████████████████████████████████████████████████████████████████████████████████████████████████████████████▊                 | 140/162 [14:31<02:13,  6.08s/it]
 87%|██████████████████████████████████████████████████████████████████████████████████████████████████████████████▌                | 141/162 [14:37<02:05,  5.99s/it]
 88%|███████████████████████████████████████████████████████████████████████████████████████████████████████████████▎               | 142/162 [14:43<02:00,  6.04s/it]
 88%|████████████████████████████████████████████████████████████████████████████████████████████████████████████████               | 143/162 [14:49<01:55,  6.07s/it]
 89%|████████████████████████████████████████████████████████████████████████████████████████████████████████████████▉              | 144/162 [14:55<01:48,  6.04s/it]
 90%|█████████████████████████████████████████████████████████████████████████████████████████████████████████████████▋             | 145/162 [15:01<01:42,  6.05s/it]
 90%|██████████████████████████████████████████████████████████████████████████████████████████████████████████████████▍            | 146/162 [15:07<01:36,  6.06s/it]
 91%|███████████████████████████████████████████████████████████████████████████████████████████████████████████████████▏           | 147/162 [15:13<01:30,  6.04s/it]
 91%|████████████████████████████████████████████████████████████████████████████████████████████████████████████████████           | 148/162 [15:19<01:24,  6.06s/it]
 92%|████████████████████████████████████████████████████████████████████████████████████████████████████████████████████▊          | 149/162 [15:25<01:18,  6.06s/it]
 93%|█████████████████████████████████████████████████████████████████████████████████████████████████████████████████████▌         | 150/162 [15:31<01:12,  6.07s/it]
                                                                                                                                                                      
{'loss': '0.2159', 'grad_norm': '0.3161', 'learning_rate': '3.588e-06', 'entropy': '0.2831', 'num_tokens': '5.871e+06', 'mean_token_accuracy': '0.9377', 'epoch': '2.778'}

 93%|█████████████████████████████████████████████████████████████████████████████████████████████████████████████████████▌         | 150/162 [15:31<01:12,  6.07s/it]

  0%|                                                                                                                                           | 0/6 [00:00<?, ?it/s][A

 33%|███████████████████████████████████████████▋                                                                                       | 2/6 [00:02<00:04,  1.02s/it][A

 50%|█████████████████████████████████████████████████████████████████▌                                                                 | 3/6 [00:04<00:04,  1.47s/it][A

 67%|███████████████████████████████████████████████████████████████████████████████████████▎                                           | 4/6 [00:06<00:03,  1.70s/it][A

 83%|█████████████████████████████████████████████████████████████████████████████████████████████████████████████▏                     | 5/6 [00:08<00:01,  1.80s/it][A

100%|███████████████████████████████████████████████████████████████████████████████████████████████████████████████████████████████████| 6/6 [00:10<00:00,  1.89s/it][A

                                                                                                                                                                      
[A
                                                                                                                                                                      
{'eval_loss': '0.2292', 'eval_runtime': '12.42', 'eval_samples_per_second': '15.46', 'eval_steps_per_second': '0.483', 'eval_entropy': '0.2792', 'eval_num_tokens': '5.871e+06', 'eval_mean_token_accuracy': '0.9353', 'epoch': '2.778'}


100%|███████████████████████████████████████████████████████████████████████████████████████████████████████████████████████████████████| 6/6 [00:10<00:00,  1.89s/it][A
 93%|█████████████████████████████████████████████████████████████████████████████████████████████████████████████████████▌         | 150/162 [15:44<01:12,  6.07s/it]

                                                                                                                                                                      [A
 93%|██████████████████████████████████████████████████████████████████████████████████████████████████████████████████████▍        | 151/162 [15:50<01:47,  9.80s/it]
 94%|███████████████████████████████████████████████████████████████████████████████████████████████████████████████████████▏       | 152/162 [15:56<01:26,  8.65s/it]
 94%|███████████████████████████████████████████████████████████████████████████████████████████████████████████████████████▉       | 153/162 [16:02<01:10,  7.88s/it]
 95%|████████████████████████████████████████████████████████████████████████████████████████████████████████████████████████▋      | 154/162 [16:08<00:58,  7.33s/it]
 96%|█████████████████████████████████████████████████████████████████████████████████████████████████████████████████████████▌     | 155/162 [16:14<00:48,  6.96s/it]
 96%|██████████████████████████████████████████████████████████████████████████████████████████████████████████████████████████▎    | 156/162 [16:20<00:40,  6.69s/it]
 97%|███████████████████████████████████████████████████████████████████████████████████████████████████████████████████████████    | 157/162 [16:26<00:32,  6.50s/it]
 98%|███████████████████████████████████████████████████████████████████████████████████████████████████████████████████████████▊   | 158/162 [16:32<00:25,  6.38s/it]
 98%|████████████████████████████████████████████████████████████████████████████████████████████████████████████████████████████▋  | 159/162 [16:38<00:18,  6.29s/it]
 99%|█████████████████████████████████████████████████████████████████████████████████████████████████████████████████████████████▍ | 160/162 [16:44<00:12,  6.22s/it]
                                                                                                                                                                      
{'loss': '0.2121', 'grad_norm': '0.3229', 'learning_rate': '1.922e-07', 'entropy': '0.2794', 'num_tokens': '6.264e+06', 'mean_token_accuracy': '0.9383', 'epoch': '2.963'}

 99%|█████████████████████████████████████████████████████████████████████████████████████████████████████████████████████████████▍ | 160/162 [16:44<00:12,  6.22s/it]
 99%|██████████████████████████████████████████████████████████████████████████████████████████████████████████████████████████████▏| 161/162 [16:51<00:06,  6.17s/it]
100%|███████████████████████████████████████████████████████████████████████████████████████████████████████████████████████████████| 162/162 [16:55<00:00,  5.78s/it]15:25:42 INFO: HTTP Request: HEAD https://huggingface.co/ibm-granite/granite-4.0-h-micro/resolve/main/config.json "HTTP/1.1 307 Temporary Redirect"
15:25:42 INFO: HTTP Request: HEAD https://huggingface.co/api/resolve-cache/models/ibm-granite/granite-4.0-h-micro/d5f01a3ea75f088947be3aae039f4ad52837dfde/config.json "HTTP/1.1 200 OK"
15:25:42 INFO: HTTP Request: HEAD https://huggingface.co/ibm-granite/granite-4.0-h-micro/resolve/main/config.json "HTTP/1.1 307 Temporary Redirect"
15:25:42 INFO: HTTP Request: HEAD https://huggingface.co/api/resolve-cache/models/ibm-granite/granite-4.0-h-micro/d5f01a3ea75f088947be3aae039f4ad52837dfde/config.json "HTTP/1.1 200 OK"

                                                                                                                                                                      
{'train_runtime': '1016', 'train_samples_per_second': '5.083', 'train_steps_per_second': '0.159', 'train_loss': '0.4802', 'entropy': '0.283', 'num_tokens': '6.335e+06', 'mean_token_accuracy': '0.937', 'epoch': '3'}

100%|███████████████████████████████████████████████████████████████████████████████████████████████████████████████████████████████| 162/162 [16:56<00:00,  5.78s/it]
100%|███████████████████████████████████████████████████████████████████████████████████████████████████████████████████████████████| 162/162 [16:56<00:00,  6.27s/it]

--- SSM Parameter Snapshot (after) ---
  base_model.model.model.layers.0.mamba.A_log: mean=0.098800, std=0.206938, min=-0.652344, max=0.601562
  base_model.model.model.layers.0.mamba.D: mean=0.043876, std=0.024507, min=-0.071777, max=0.075195
  base_model.model.model.layers.0.mamba.dt_bias: mean=-4.106201, std=2.611501, min=-11.437500, max=4.312500
  base_model.model.model.layers.1.mamba.A_log: mean=-0.020693, std=0.108465, min=-0.213867, max=0.480469
  base_model.model.model.layers.1.mamba.D: mean=0.044497, std=0.032337, min=-0.001770, max=0.171875
  base_model.model.model.layers.1.mamba.dt_bias: mean=-0.994247, std=0.723457, min=-3.843750, max=0.718750
  base_model.model.model.layers.2.mamba.A_log: mean=0.014774, std=0.082312, min=-0.214844, max=0.211914
  base_model.model.model.layers.2.mamba.D: mean=0.024264, std=0.007770, min=0.005493, max=0.052979
  base_model.model.model.layers.2.mamba.dt_bias: mean=-6.320312, std=1.822878, min=-13.312500, max=-1.468750

============================================================
SSM Core Parameter Delta (Before vs After Training)
============================================================

  base_model.model.model.layers.0.mamba.A_log:
    before: mean=0.098756, std=0.206946
    after:  mean=0.098800, std=0.206938
    delta:  mean=0.00041842, max=0.00329590, changed=26.6%  [UPDATED ✓]

  base_model.model.model.layers.0.mamba.D:
    before: mean=0.044150, std=0.024491
    after:  mean=0.043876, std=0.024507
    delta:  mean=0.00097027, max=0.00366211, changed=67.2%  [UPDATED ✓]

  base_model.model.model.layers.0.mamba.dt_bias:
    before: mean=-4.106201, std=2.611501
    after:  mean=-4.106201, std=2.611501
    delta:  mean=0.00000000, max=0.00000000, changed=0.0%  [UNCHANGED ✗]

  base_model.model.model.layers.1.mamba.A_log:
    before: mean=-0.020718, std=0.108430
    after:  mean=-0.020693, std=0.108465
    delta:  mean=0.00074568, max=0.00463867, changed=43.8%  [UPDATED ✓]

  base_model.model.model.layers.1.mamba.D:
    before: mean=0.044446, std=0.032388
    after:  mean=0.044497, std=0.032337
    delta:  mean=0.00111240, max=0.00598145, changed=64.1%  [UPDATED ✓]

  base_model.model.model.layers.1.mamba.dt_bias:
    before: mean=-0.994232, std=0.723481
    after:  mean=-0.994247, std=0.723457
    delta:  mean=0.00004578, max=0.00195312, changed=3.1%  [UPDATED ✓]

  base_model.model.model.layers.2.mamba.A_log:
    before: mean=0.014685, std=0.082281
    after:  mean=0.014774, std=0.082312
    delta:  mean=0.00082600, max=0.00616455, changed=50.0%  [UPDATED ✓]

  base_model.model.model.layers.2.mamba.D:
    before: mean=0.024451, std=0.007436
    after:  mean=0.024264, std=0.007770
    delta:  mean=0.00147963, max=0.00500488, changed=95.3%  [UPDATED ✓]

  base_model.model.model.layers.2.mamba.dt_bias:
    before: mean=-6.320312, std=1.822878
    after:  mean=-6.320312, std=1.822878
    delta:  mean=0.00000000, max=0.00000000, changed=0.0%  [UNCHANGED ✗]

------------------------------------------------------------
RESULT: SSM core parameters UPDATED during training ✓
The model's state transition dynamics were domain-adapted.
============================================================

Saved to: /workspace/output_v4/assessos-rule_generation-20260228_150839/ssm_parameter_delta.txt
15:25:42 INFO: Saved 108 SSM core params to /workspace/output_v4/assessos-rule_generation-20260228_150839/final/ssm_core_params.pt (6,912 values)
15:25:42 INFO: HTTP Request: HEAD https://huggingface.co/ibm-granite/granite-4.0-h-micro/resolve/main/config.json "HTTP/1.1 307 Temporary Redirect"
15:25:42 INFO: HTTP Request: HEAD https://huggingface.co/api/resolve-cache/models/ibm-granite/granite-4.0-h-micro/d5f01a3ea75f088947be3aae039f4ad52837dfde/config.json "HTTP/1.1 200 OK"
15:25:42 INFO: HTTP Request: HEAD https://huggingface.co/ibm-granite/granite-4.0-h-micro/resolve/main/config.json "HTTP/1.1 307 Temporary Redirect"
15:25:42 INFO: HTTP Request: HEAD https://huggingface.co/api/resolve-cache/models/ibm-granite/granite-4.0-h-micro/d5f01a3ea75f088947be3aae039f4ad52837dfde/config.json "HTTP/1.1 200 OK"
15:25:42 INFO: Saved LoRA adapter to /workspace/output_v4/assessos-rule_generation-20260228_150839/final

  0%|                                                                                                                                           | 0/6 [00:00<?, ?it/s]
 33%|███████████████████████████████████████████▋                                                                                       | 2/6 [00:02<00:04,  1.02s/it]
 50%|█████████████████████████████████████████████████████████████████▌                                                                 | 3/6 [00:04<00:04,  1.47s/it]
 67%|███████████████████████████████████████████████████████████████████████████████████████▎                                           | 4/6 [00:06<00:03,  1.70s/it]
 83%|█████████████████████████████████████████████████████████████████████████████████████████████████████████████▏                     | 5/6 [00:08<00:01,  1.80s/it]
100%|███████████████████████████████████████████████████████████████████████████████████████████████████████████████████████████████████| 6/6 [00:10<00:00,  1.89s/it]
100%|███████████████████████████████████████████████████████████████████████████████████████████████████████████████████████████████████| 6/6 [00:10<00:00,  1.71s/it]
15:25:55 INFO: Eval loss: 0.22908008098602295
15:25:55 INFO: Task 'rule_generation' training complete!
15:25:55 INFO: 
All training complete!

nohup: ignoring input
============================================================
AssessOS LoRA Fine-tuning (Granite 4.0-H-Micro)
============================================================
Using profile: a100
  Batch size: 32
  Gradient accumulation: 1
  Effective batch: 32
  Max seq length: 1280
  Epochs: 3
  Learning rate: 0.0002
  4-bit quantization: False
  Packing: True
16:50:03 INFO: 
============================================================
16:50:03 INFO: Training LoRA adapter: mapping
16:50:03 INFO: ============================================================
16:50:03 INFO: Loaded 15222 training examples for task 'mapping'
16:50:03 INFO: Train: 13699, Eval: 1523
Loading model: ibm-granite/granite-4.0-h-micro
16:50:03 INFO: HTTP Request: HEAD https://huggingface.co/ibm-granite/granite-4.0-h-micro/resolve/main/config.json "HTTP/1.1 307 Temporary Redirect"
16:50:03 INFO: HTTP Request: HEAD https://huggingface.co/api/resolve-cache/models/ibm-granite/granite-4.0-h-micro/d5f01a3ea75f088947be3aae039f4ad52837dfde/config.json "HTTP/1.1 200 OK"
`torch_dtype` is deprecated! Use `dtype` instead!
16:50:03 INFO: HTTP Request: HEAD https://huggingface.co/ibm-granite/granite-4.0-h-micro/resolve/main/config.json "HTTP/1.1 307 Temporary Redirect"
16:50:03 INFO: HTTP Request: HEAD https://huggingface.co/api/resolve-cache/models/ibm-granite/granite-4.0-h-micro/d5f01a3ea75f088947be3aae039f4ad52837dfde/config.json "HTTP/1.1 200 OK"
The fast path for GraniteMoeHybrid will be used when running the model on a GPU

Loading weights:   0%|                                                                                                                        | 0/466 [00:00<?, ?it/s]
Loading weights:   0%|▏                                                             | 1/466 [00:00<00:00, 16912.52it/s, Materializing param=model.embed_tokens.weight]
Loading weights:   0%|▏                                                              | 1/466 [00:00<00:00, 7626.01it/s, Materializing param=model.embed_tokens.weight]
Loading weights:   0%|▏                                                   | 2/466 [00:00<00:04, 106.77it/s, Materializing param=model.layers.0.input_layernorm.weight]
Loading weights:   0%|▏                                                   | 2/466 [00:00<00:04, 106.50it/s, Materializing param=model.layers.0.input_layernorm.weight]
Loading weights:   1%|▍                                                              | 3/466 [00:00<00:02, 155.62it/s, Materializing param=model.layers.0.mamba.A_log]
Loading weights:   1%|▍                                                              | 3/466 [00:00<00:02, 155.31it/s, Materializing param=model.layers.0.mamba.A_log]
Loading weights:   1%|▌                                                                  | 4/466 [00:00<00:02, 206.43it/s, Materializing param=model.layers.0.mamba.D]
Loading weights:   1%|▌                                                                  | 4/466 [00:00<00:02, 206.08it/s, Materializing param=model.layers.0.mamba.D]
Loading weights:   1%|▌                                                        | 5/466 [00:00<00:01, 256.89it/s, Materializing param=model.layers.0.mamba.conv1d.bias]
Loading weights:   1%|▌                                                        | 5/466 [00:00<00:01, 256.46it/s, Materializing param=model.layers.0.mamba.conv1d.bias]
Loading weights:   1%|▋                                                      | 6/466 [00:00<00:01, 306.87it/s, Materializing param=model.layers.0.mamba.conv1d.weight]
Loading weights:   1%|▋                                                      | 6/466 [00:00<00:01, 306.33it/s, Materializing param=model.layers.0.mamba.conv1d.weight]
Loading weights:   2%|▉                                                            | 7/466 [00:00<00:01, 300.64it/s, Materializing param=model.layers.0.mamba.dt_bias]
Loading weights:   2%|▉                                                            | 7/466 [00:00<00:01, 300.18it/s, Materializing param=model.layers.0.mamba.dt_bias]
Loading weights:   2%|▉                                                     | 8/466 [00:00<00:01, 340.76it/s, Materializing param=model.layers.0.mamba.in_proj.weight]
Loading weights:   2%|▉                                                     | 8/466 [00:00<00:01, 339.97it/s, Materializing param=model.layers.0.mamba.in_proj.weight]
Loading weights:   2%|█                                                        | 9/466 [00:00<00:01, 381.59it/s, Materializing param=model.layers.0.mamba.norm.weight]
Loading weights:   2%|█                                                        | 9/466 [00:00<00:01, 381.07it/s, Materializing param=model.layers.0.mamba.norm.weight]
Loading weights:   2%|█                                                   | 10/466 [00:00<00:01, 422.48it/s, Materializing param=model.layers.0.mamba.out_proj.weight]
Loading weights:   2%|█                                                   | 10/466 [00:00<00:01, 421.92it/s, Materializing param=model.layers.0.mamba.out_proj.weight]
Loading weights:   2%|▉                                         | 11/466 [00:00<00:01, 427.03it/s, Materializing param=model.layers.0.post_attention_layernorm.weight]
Loading weights:   2%|▉                                         | 11/466 [00:00<00:01, 426.44it/s, Materializing param=model.layers.0.post_attention_layernorm.weight]
Loading weights:   3%|█                                          | 12/466 [00:00<00:00, 463.25it/s, Materializing param=model.layers.0.shared_mlp.input_linear.weight]
Loading weights:   3%|█                                          | 12/466 [00:00<00:00, 462.67it/s, Materializing param=model.layers.0.shared_mlp.input_linear.weight]
Loading weights:   3%|█▏                                        | 13/466 [00:00<00:01, 340.51it/s, Materializing param=model.layers.0.shared_mlp.output_linear.weight]
Loading weights:   3%|█▏                                        | 13/466 [00:00<00:01, 340.17it/s, Materializing param=model.layers.0.shared_mlp.output_linear.weight]
Loading weights:   3%|█▌                                                 | 14/466 [00:00<00:01, 364.34it/s, Materializing param=model.layers.1.input_layernorm.weight]
Loading weights:   3%|█▌                                                 | 14/466 [00:00<00:01, 363.99it/s, Materializing param=model.layers.1.input_layernorm.weight]
Loading weights:   3%|█▉                                                            | 15/466 [00:00<00:01, 389.42it/s, Materializing param=model.layers.1.mamba.A_log]
Loading weights:   3%|█▉                                                            | 15/466 [00:00<00:01, 389.10it/s, Materializing param=model.layers.1.mamba.A_log]
Loading weights:   3%|██▎                                                               | 16/466 [00:00<00:01, 412.93it/s, Materializing param=model.layers.1.mamba.D]
Loading weights:   3%|██▎                                                               | 16/466 [00:00<00:01, 412.58it/s, Materializing param=model.layers.1.mamba.D]
Loading weights:   4%|██                                                      | 17/466 [00:00<00:01, 437.81it/s, Materializing param=model.layers.1.mamba.conv1d.bias]
Loading weights:   4%|██                                                      | 17/466 [00:00<00:01, 437.42it/s, Materializing param=model.layers.1.mamba.conv1d.bias]
Loading weights:   4%|██                                                    | 18/466 [00:00<00:01, 429.59it/s, Materializing param=model.layers.1.mamba.conv1d.weight]
Loading weights:   4%|██                                                    | 18/466 [00:00<00:01, 429.20it/s, Materializing param=model.layers.1.mamba.conv1d.weight]
Loading weights:   4%|██▍                                                         | 19/466 [00:00<00:00, 452.49it/s, Materializing param=model.layers.1.mamba.dt_bias]
Loading weights:   4%|██▍                                                         | 19/466 [00:00<00:00, 452.14it/s, Materializing param=model.layers.1.mamba.dt_bias]
Loading weights:   4%|██▎                                                  | 20/466 [00:00<00:00, 475.37it/s, Materializing param=model.layers.1.mamba.in_proj.weight]
Loading weights:   4%|██▎                                                  | 20/466 [00:00<00:00, 474.75it/s, Materializing param=model.layers.1.mamba.in_proj.weight]
Loading weights:   5%|██▌                                                     | 21/466 [00:00<00:00, 497.89it/s, Materializing param=model.layers.1.mamba.norm.weight]
Loading weights:   5%|██▌                                                     | 21/466 [00:00<00:00, 497.52it/s, Materializing param=model.layers.1.mamba.norm.weight]
Loading weights:   5%|██▍                                                 | 22/466 [00:00<00:00, 520.65it/s, Materializing param=model.layers.1.mamba.out_proj.weight]
Loading weights:   5%|██▍                                                 | 22/466 [00:00<00:00, 520.27it/s, Materializing param=model.layers.1.mamba.out_proj.weight]
Loading weights:   5%|██                                        | 23/466 [00:00<00:00, 528.83it/s, Materializing param=model.layers.1.post_attention_layernorm.weight]
Loading weights:   5%|██                                        | 23/466 [00:00<00:00, 528.42it/s, Materializing param=model.layers.1.post_attention_layernorm.weight]
Loading weights:   5%|██▏                                        | 24/466 [00:00<00:00, 550.20it/s, Materializing param=model.layers.1.shared_mlp.input_linear.weight]
Loading weights:   5%|██▏                                        | 24/466 [00:00<00:00, 549.80it/s, Materializing param=model.layers.1.shared_mlp.input_linear.weight]
Loading weights:   5%|██▎                                       | 25/466 [00:00<00:00, 487.01it/s, Materializing param=model.layers.1.shared_mlp.output_linear.weight]
Loading weights:   5%|██▎                                       | 25/466 [00:00<00:00, 486.68it/s, Materializing param=model.layers.1.shared_mlp.output_linear.weight]
Loading weights:   6%|██▊                                                | 26/466 [00:00<00:00, 464.11it/s, Materializing param=model.layers.2.input_layernorm.weight]
Loading weights:   6%|██▊                                                | 26/466 [00:00<00:00, 463.82it/s, Materializing param=model.layers.2.input_layernorm.weight]
Loading weights:   6%|███▌                                                          | 27/466 [00:00<00:00, 481.15it/s, Materializing param=model.layers.2.mamba.A_log]
Loading weights:   6%|███▌                                                          | 27/466 [00:00<00:00, 480.87it/s, Materializing param=model.layers.2.mamba.A_log]
Loading weights:   6%|███▉                                                              | 28/466 [00:00<00:00, 496.25it/s, Materializing param=model.layers.2.mamba.D]
Loading weights:   6%|███▉                                                              | 28/466 [00:00<00:00, 495.96it/s, Materializing param=model.layers.2.mamba.D]
Loading weights:   6%|███▍                                                    | 29/466 [00:00<00:00, 513.20it/s, Materializing param=model.layers.2.mamba.conv1d.bias]
Loading weights:   6%|███▍                                                    | 29/466 [00:00<00:00, 512.90it/s, Materializing param=model.layers.2.mamba.conv1d.bias]
Loading weights:   6%|███▍                                                  | 30/466 [00:00<00:00, 528.61it/s, Materializing param=model.layers.2.mamba.conv1d.weight]
Loading weights:   6%|███▍                                                  | 30/466 [00:00<00:00, 528.29it/s, Materializing param=model.layers.2.mamba.conv1d.weight]
Loading weights:   7%|███▉                                                        | 31/466 [00:00<00:00, 545.42it/s, Materializing param=model.layers.2.mamba.dt_bias]
Loading weights:   7%|███▉                                                        | 31/466 [00:00<00:00, 545.13it/s, Materializing param=model.layers.2.mamba.dt_bias]
Loading weights:   7%|███▋                                                 | 32/466 [00:00<00:00, 562.20it/s, Materializing param=model.layers.2.mamba.in_proj.weight]
Loading weights:   7%|███▋                                                 | 32/466 [00:00<00:00, 561.89it/s, Materializing param=model.layers.2.mamba.in_proj.weight]
Loading weights:   7%|███▉                                                    | 33/466 [00:00<00:00, 537.60it/s, Materializing param=model.layers.2.mamba.norm.weight]
Loading weights:   7%|███▉                                                    | 33/466 [00:00<00:00, 537.31it/s, Materializing param=model.layers.2.mamba.norm.weight]
Loading weights:   7%|███▊                                                | 34/466 [00:00<00:00, 483.19it/s, Materializing param=model.layers.2.mamba.out_proj.weight]
Loading weights:   7%|███▊                                                | 34/466 [00:00<00:00, 482.95it/s, Materializing param=model.layers.2.mamba.out_proj.weight]
Loading weights:   8%|███▏                                      | 35/466 [00:00<00:00, 481.93it/s, Materializing param=model.layers.2.post_attention_layernorm.weight]
Loading weights:   8%|███▏                                      | 35/466 [00:00<00:00, 481.70it/s, Materializing param=model.layers.2.post_attention_layernorm.weight]
Loading weights:   8%|███▎                                       | 36/466 [00:00<00:00, 495.08it/s, Materializing param=model.layers.2.shared_mlp.input_linear.weight]
Loading weights:   8%|███▎                                       | 36/466 [00:00<00:00, 494.87it/s, Materializing param=model.layers.2.shared_mlp.input_linear.weight]
Loading weights:   8%|███▎                                      | 37/466 [00:00<00:00, 508.23it/s, Materializing param=model.layers.2.shared_mlp.output_linear.weight]
Loading weights:   8%|███▎                                      | 37/466 [00:00<00:00, 508.02it/s, Materializing param=model.layers.2.shared_mlp.output_linear.weight]
Loading weights:   8%|████▏                                              | 38/466 [00:00<00:00, 493.16it/s, Materializing param=model.layers.3.input_layernorm.weight]
Loading weights:   8%|████▏                                              | 38/466 [00:00<00:00, 492.94it/s, Materializing param=model.layers.3.input_layernorm.weight]
Loading weights:   8%|█████▏                                                        | 39/466 [00:00<00:00, 504.54it/s, Materializing param=model.layers.3.mamba.A_log]
Loading weights:   8%|█████▏                                                        | 39/466 [00:00<00:00, 504.33it/s, Materializing param=model.layers.3.mamba.A_log]
Loading weights:   9%|█████▋                                                            | 40/466 [00:00<00:00, 516.05it/s, Materializing param=model.layers.3.mamba.D]
Loading weights:   9%|█████▋                                                            | 40/466 [00:00<00:00, 515.84it/s, Materializing param=model.layers.3.mamba.D]
Loading weights:   9%|████▉                                                   | 41/466 [00:00<00:00, 528.41it/s, Materializing param=model.layers.3.mamba.conv1d.bias]
Loading weights:   9%|████▉                                                   | 41/466 [00:00<00:00, 528.20it/s, Materializing param=model.layers.3.mamba.conv1d.bias]
Loading weights:   9%|████▊                                                 | 42/466 [00:00<00:00, 521.27it/s, Materializing param=model.layers.3.mamba.conv1d.weight]
Loading weights:   9%|████▊                                                 | 42/466 [00:00<00:00, 521.05it/s, Materializing param=model.layers.3.mamba.conv1d.weight]
Loading weights:   9%|█████▌                                                      | 43/466 [00:00<00:00, 533.12it/s, Materializing param=model.layers.3.mamba.dt_bias]
Loading weights:   9%|█████▌                                                      | 43/466 [00:00<00:00, 532.92it/s, Materializing param=model.layers.3.mamba.dt_bias]
Loading weights:   9%|█████                                                | 44/466 [00:00<00:00, 544.34it/s, Materializing param=model.layers.3.mamba.in_proj.weight]
Loading weights:   9%|█████                                                | 44/466 [00:00<00:00, 544.11it/s, Materializing param=model.layers.3.mamba.in_proj.weight]
Loading weights:  10%|█████▍                                                  | 45/466 [00:00<00:00, 556.14it/s, Materializing param=model.layers.3.mamba.norm.weight]
Loading weights:  10%|█████▍                                                  | 45/466 [00:00<00:00, 555.92it/s, Materializing param=model.layers.3.mamba.norm.weight]
Loading weights:  10%|█████▏                                              | 46/466 [00:00<00:00, 567.42it/s, Materializing param=model.layers.3.mamba.out_proj.weight]
Loading weights:  10%|█████▏                                              | 46/466 [00:00<00:00, 567.18it/s, Materializing param=model.layers.3.mamba.out_proj.weight]
Loading weights:  10%|████▏                                     | 47/466 [00:00<00:00, 570.52it/s, Materializing param=model.layers.3.post_attention_layernorm.weight]
Loading weights:  10%|████▏                                     | 47/466 [00:00<00:00, 570.28it/s, Materializing param=model.layers.3.post_attention_layernorm.weight]
Loading weights:  10%|████▍                                      | 48/466 [00:00<00:00, 582.03it/s, Materializing param=model.layers.3.shared_mlp.input_linear.weight]
Loading weights:  10%|████▍                                      | 48/466 [00:00<00:00, 581.80it/s, Materializing param=model.layers.3.shared_mlp.input_linear.weight]
Loading weights:  11%|████▍                                     | 49/466 [00:00<00:00, 538.86it/s, Materializing param=model.layers.3.shared_mlp.output_linear.weight]
Loading weights:  11%|████▍                                     | 49/466 [00:00<00:00, 538.65it/s, Materializing param=model.layers.3.shared_mlp.output_linear.weight]
Loading weights:  11%|█████▍                                             | 50/466 [00:00<00:00, 522.81it/s, Materializing param=model.layers.4.input_layernorm.weight]
Loading weights:  11%|█████▍                                             | 50/466 [00:00<00:00, 522.63it/s, Materializing param=model.layers.4.input_layernorm.weight]
Loading weights:  11%|██████▊                                                       | 51/466 [00:00<00:00, 530.37it/s, Materializing param=model.layers.4.mamba.A_log]
Loading weights:  11%|██████▊                                                       | 51/466 [00:00<00:00, 530.18it/s, Materializing param=model.layers.4.mamba.A_log]
Loading weights:  11%|███████▎                                                          | 52/466 [00:00<00:00, 540.27it/s, Materializing param=model.layers.4.mamba.D]
Loading weights:  11%|███████▎                                                          | 52/466 [00:00<00:00, 540.10it/s, Materializing param=model.layers.4.mamba.D]
Loading weights:  11%|██████▎                                                 | 53/466 [00:00<00:00, 550.20it/s, Materializing param=model.layers.4.mamba.conv1d.bias]
Loading weights:  11%|██████▎                                                 | 53/466 [00:00<00:00, 550.03it/s, Materializing param=model.layers.4.mamba.conv1d.bias]
Loading weights:  12%|██████▎                                               | 54/466 [00:00<00:00, 560.10it/s, Materializing param=model.layers.4.mamba.conv1d.weight]
Loading weights:  12%|██████▎                                               | 54/466 [00:00<00:00, 559.93it/s, Materializing param=model.layers.4.mamba.conv1d.weight]
Loading weights:  12%|██████▎                                               | 55/466 [00:00<00:00, 542.05it/s, Materializing param=model.layers.4.mamba.conv1d.weight]
Loading weights:  12%|███████                                                     | 55/466 [00:00<00:00, 542.05it/s, Materializing param=model.layers.4.mamba.dt_bias]
Loading weights:  12%|███████                                                     | 55/466 [00:00<00:00, 542.05it/s, Materializing param=model.layers.4.mamba.dt_bias]
Loading weights:  12%|██████▎                                              | 56/466 [00:00<00:00, 542.05it/s, Materializing param=model.layers.4.mamba.in_proj.weight]
Loading weights:  12%|██████▎                                              | 56/466 [00:00<00:00, 542.05it/s, Materializing param=model.layers.4.mamba.in_proj.weight]
Loading weights:  12%|██████▊                                                 | 57/466 [00:00<00:00, 542.05it/s, Materializing param=model.layers.4.mamba.norm.weight]
Loading weights:  12%|██████▊                                                 | 57/466 [00:00<00:00, 542.05it/s, Materializing param=model.layers.4.mamba.norm.weight]
Loading weights:  12%|██████▍                                             | 58/466 [00:00<00:00, 542.05it/s, Materializing param=model.layers.4.mamba.out_proj.weight]
Loading weights:  12%|██████▍                                             | 58/466 [00:00<00:00, 542.05it/s, Materializing param=model.layers.4.mamba.out_proj.weight]
Loading weights:  13%|█████▎                                    | 59/466 [00:00<00:00, 542.05it/s, Materializing param=model.layers.4.post_attention_layernorm.weight]
Loading weights:  13%|█████▎                                    | 59/466 [00:00<00:00, 542.05it/s, Materializing param=model.layers.4.post_attention_layernorm.weight]
Loading weights:  13%|█████▌                                     | 60/466 [00:00<00:00, 542.05it/s, Materializing param=model.layers.4.shared_mlp.input_linear.weight]
Loading weights:  13%|█████▌                                     | 60/466 [00:00<00:00, 542.05it/s, Materializing param=model.layers.4.shared_mlp.input_linear.weight]
Loading weights:  13%|█████▍                                    | 61/466 [00:00<00:00, 542.05it/s, Materializing param=model.layers.4.shared_mlp.output_linear.weight]
Loading weights:  13%|█████▍                                    | 61/466 [00:00<00:00, 542.05it/s, Materializing param=model.layers.4.shared_mlp.output_linear.weight]
Loading weights:  13%|██████▊                                            | 62/466 [00:00<00:00, 542.05it/s, Materializing param=model.layers.5.input_layernorm.weight]
Loading weights:  13%|██████▊                                            | 62/466 [00:00<00:00, 542.05it/s, Materializing param=model.layers.5.input_layernorm.weight]
Loading weights:  14%|█████▋                                    | 63/466 [00:00<00:00, 542.05it/s, Materializing param=model.layers.5.post_attention_layernorm.weight]
Loading weights:  14%|█████▋                                    | 63/466 [00:00<00:00, 542.05it/s, Materializing param=model.layers.5.post_attention_layernorm.weight]
Loading weights:  14%|██████▊                                           | 64/466 [00:00<00:00, 542.05it/s, Materializing param=model.layers.5.self_attn.k_proj.weight]
Loading weights:  14%|██████▊                                           | 64/466 [00:00<00:00, 542.05it/s, Materializing param=model.layers.5.self_attn.k_proj.weight]
Loading weights:  14%|██████▉                                           | 65/466 [00:00<00:00, 542.05it/s, Materializing param=model.layers.5.self_attn.o_proj.weight]
Loading weights:  14%|██████▉                                           | 65/466 [00:00<00:00, 542.05it/s, Materializing param=model.layers.5.self_attn.o_proj.weight]
Loading weights:  14%|███████                                           | 66/466 [00:00<00:00, 542.05it/s, Materializing param=model.layers.5.self_attn.q_proj.weight]
Loading weights:  14%|███████                                           | 66/466 [00:00<00:00, 542.05it/s, Materializing param=model.layers.5.self_attn.q_proj.weight]
Loading weights:  14%|███████▏                                          | 67/466 [00:00<00:00, 542.05it/s, Materializing param=model.layers.5.self_attn.v_proj.weight]
Loading weights:  14%|███████▏                                          | 67/466 [00:00<00:00, 542.05it/s, Materializing param=model.layers.5.self_attn.v_proj.weight]
Loading weights:  15%|██████▎                                    | 68/466 [00:00<00:00, 542.05it/s, Materializing param=model.layers.5.shared_mlp.input_linear.weight]
Loading weights:  15%|██████▎                                    | 68/466 [00:00<00:00, 542.05it/s, Materializing param=model.layers.5.shared_mlp.input_linear.weight]
Loading weights:  15%|██████▏                                   | 69/466 [00:00<00:00, 542.05it/s, Materializing param=model.layers.5.shared_mlp.output_linear.weight]
Loading weights:  15%|██████▏                                   | 69/466 [00:00<00:00, 542.05it/s, Materializing param=model.layers.5.shared_mlp.output_linear.weight]
Loading weights:  15%|███████▋                                           | 70/466 [00:00<00:00, 542.05it/s, Materializing param=model.layers.6.input_layernorm.weight]
Loading weights:  15%|███████▋                                           | 70/466 [00:00<00:00, 542.05it/s, Materializing param=model.layers.6.input_layernorm.weight]
Loading weights:  15%|█████████▍                                                    | 71/466 [00:00<00:00, 542.05it/s, Materializing param=model.layers.6.mamba.A_log]
Loading weights:  15%|█████████▍                                                    | 71/466 [00:00<00:00, 542.05it/s, Materializing param=model.layers.6.mamba.A_log]
Loading weights:  15%|██████████▏                                                       | 72/466 [00:00<00:00, 542.05it/s, Materializing param=model.layers.6.mamba.D]
Loading weights:  15%|██████████▏                                                       | 72/466 [00:00<00:00, 542.05it/s, Materializing param=model.layers.6.mamba.D]
Loading weights:  16%|████████▊                                               | 73/466 [00:00<00:00, 542.05it/s, Materializing param=model.layers.6.mamba.conv1d.bias]
Loading weights:  16%|████████▊                                               | 73/466 [00:00<00:00, 542.05it/s, Materializing param=model.layers.6.mamba.conv1d.bias]
Loading weights:  16%|████████▌                                             | 74/466 [00:00<00:00, 542.05it/s, Materializing param=model.layers.6.mamba.conv1d.weight]
Loading weights:  16%|████████▌                                             | 74/466 [00:00<00:00, 542.05it/s, Materializing param=model.layers.6.mamba.conv1d.weight]
Loading weights:  16%|█████████▋                                                  | 75/466 [00:00<00:00, 542.05it/s, Materializing param=model.layers.6.mamba.dt_bias]
Loading weights:  16%|█████████▋                                                  | 75/466 [00:00<00:00, 542.05it/s, Materializing param=model.layers.6.mamba.dt_bias]
Loading weights:  16%|████████▋                                            | 76/466 [00:00<00:00, 542.05it/s, Materializing param=model.layers.6.mamba.in_proj.weight]
Loading weights:  16%|████████▋                                            | 76/466 [00:00<00:00, 542.05it/s, Materializing param=model.layers.6.mamba.in_proj.weight]
Loading weights:  17%|█████████▎                                              | 77/466 [00:00<00:00, 542.05it/s, Materializing param=model.layers.6.mamba.norm.weight]
Loading weights:  17%|█████████▎                                              | 77/466 [00:00<00:00, 542.05it/s, Materializing param=model.layers.6.mamba.norm.weight]
Loading weights:  17%|████████▋                                           | 78/466 [00:00<00:00, 542.05it/s, Materializing param=model.layers.6.mamba.out_proj.weight]
Loading weights:  17%|████████▋                                           | 78/466 [00:00<00:00, 542.05it/s, Materializing param=model.layers.6.mamba.out_proj.weight]
Loading weights:  17%|███████                                   | 79/466 [00:00<00:00, 542.05it/s, Materializing param=model.layers.6.post_attention_layernorm.weight]
Loading weights:  17%|███████                                   | 79/466 [00:00<00:00, 542.05it/s, Materializing param=model.layers.6.post_attention_layernorm.weight]
Loading weights:  17%|███████▍                                   | 80/466 [00:00<00:00, 542.05it/s, Materializing param=model.layers.6.shared_mlp.input_linear.weight]
Loading weights:  17%|███████▍                                   | 80/466 [00:00<00:00, 542.05it/s, Materializing param=model.layers.6.shared_mlp.input_linear.weight]
Loading weights:  17%|███████▎                                  | 81/466 [00:00<00:00, 542.05it/s, Materializing param=model.layers.6.shared_mlp.output_linear.weight]
Loading weights:  17%|███████▎                                  | 81/466 [00:00<00:00, 542.05it/s, Materializing param=model.layers.6.shared_mlp.output_linear.weight]
Loading weights:  18%|████████▉                                          | 82/466 [00:00<00:00, 542.05it/s, Materializing param=model.layers.7.input_layernorm.weight]
Loading weights:  18%|████████▉                                          | 82/466 [00:00<00:00, 542.05it/s, Materializing param=model.layers.7.input_layernorm.weight]
Loading weights:  18%|███████████                                                   | 83/466 [00:00<00:00, 542.05it/s, Materializing param=model.layers.7.mamba.A_log]
Loading weights:  18%|███████████                                                   | 83/466 [00:00<00:00, 542.05it/s, Materializing param=model.layers.7.mamba.A_log]
Loading weights:  18%|███████████▉                                                      | 84/466 [00:00<00:00, 542.05it/s, Materializing param=model.layers.7.mamba.D]
Loading weights:  18%|███████████▉                                                      | 84/466 [00:00<00:00, 542.05it/s, Materializing param=model.layers.7.mamba.D]
Loading weights:  18%|██████████▏                                             | 85/466 [00:00<00:00, 542.05it/s, Materializing param=model.layers.7.mamba.conv1d.bias]
Loading weights:  18%|██████████▏                                             | 85/466 [00:00<00:00, 542.05it/s, Materializing param=model.layers.7.mamba.conv1d.bias]
Loading weights:  18%|█████████▉                                            | 86/466 [00:00<00:00, 542.05it/s, Materializing param=model.layers.7.mamba.conv1d.weight]
Loading weights:  18%|█████████▉                                            | 86/466 [00:00<00:00, 542.05it/s, Materializing param=model.layers.7.mamba.conv1d.weight]
Loading weights:  19%|███████████▏                                                | 87/466 [00:00<00:00, 542.05it/s, Materializing param=model.layers.7.mamba.dt_bias]
Loading weights:  19%|███████████▏                                                | 87/466 [00:00<00:00, 542.05it/s, Materializing param=model.layers.7.mamba.dt_bias]
Loading weights:  19%|██████████                                           | 88/466 [00:00<00:00, 542.05it/s, Materializing param=model.layers.7.mamba.in_proj.weight]
Loading weights:  19%|██████████                                           | 88/466 [00:00<00:00, 542.05it/s, Materializing param=model.layers.7.mamba.in_proj.weight]
Loading weights:  19%|██████████▋                                             | 89/466 [00:00<00:00, 542.05it/s, Materializing param=model.layers.7.mamba.norm.weight]
Loading weights:  19%|██████████▋                                             | 89/466 [00:00<00:00, 542.05it/s, Materializing param=model.layers.7.mamba.norm.weight]
Loading weights:  19%|██████████                                          | 90/466 [00:00<00:00, 542.05it/s, Materializing param=model.layers.7.mamba.out_proj.weight]
Loading weights:  19%|██████████                                          | 90/466 [00:00<00:00, 542.05it/s, Materializing param=model.layers.7.mamba.out_proj.weight]
Loading weights:  20%|████████▏                                 | 91/466 [00:00<00:00, 542.05it/s, Materializing param=model.layers.7.post_attention_layernorm.weight]
Loading weights:  20%|████████▏                                 | 91/466 [00:00<00:00, 542.05it/s, Materializing param=model.layers.7.post_attention_layernorm.weight]
Loading weights:  20%|████████▍                                  | 92/466 [00:00<00:00, 542.05it/s, Materializing param=model.layers.7.shared_mlp.input_linear.weight]
Loading weights:  20%|████████▍                                  | 92/466 [00:00<00:00, 542.05it/s, Materializing param=model.layers.7.shared_mlp.input_linear.weight]
Loading weights:  20%|████████▍                                 | 93/466 [00:00<00:00, 542.05it/s, Materializing param=model.layers.7.shared_mlp.output_linear.weight]
Loading weights:  20%|████████▍                                 | 93/466 [00:00<00:00, 542.05it/s, Materializing param=model.layers.7.shared_mlp.output_linear.weight]
Loading weights:  20%|██████████▎                                        | 94/466 [00:00<00:00, 542.05it/s, Materializing param=model.layers.8.input_layernorm.weight]
Loading weights:  20%|██████████▎                                        | 94/466 [00:00<00:00, 542.05it/s, Materializing param=model.layers.8.input_layernorm.weight]
Loading weights:  20%|████████████▋                                                 | 95/466 [00:00<00:00, 542.05it/s, Materializing param=model.layers.8.mamba.A_log]
Loading weights:  20%|████████████▋                                                 | 95/466 [00:00<00:00, 542.05it/s, Materializing param=model.layers.8.mamba.A_log]
Loading weights:  21%|█████████████▌                                                    | 96/466 [00:00<00:00, 542.05it/s, Materializing param=model.layers.8.mamba.D]
Loading weights:  21%|█████████████▌                                                    | 96/466 [00:00<00:00, 542.05it/s, Materializing param=model.layers.8.mamba.D]
Loading weights:  21%|███████████▋                                            | 97/466 [00:00<00:00, 542.05it/s, Materializing param=model.layers.8.mamba.conv1d.bias]
Loading weights:  21%|███████████▋                                            | 97/466 [00:00<00:00, 542.05it/s, Materializing param=model.layers.8.mamba.conv1d.bias]
Loading weights:  21%|███████████▎                                          | 98/466 [00:00<00:00, 542.05it/s, Materializing param=model.layers.8.mamba.conv1d.weight]
Loading weights:  21%|███████████▎                                          | 98/466 [00:00<00:00, 542.05it/s, Materializing param=model.layers.8.mamba.conv1d.weight]
Loading weights:  21%|████████████▋                                               | 99/466 [00:00<00:00, 542.05it/s, Materializing param=model.layers.8.mamba.dt_bias]
Loading weights:  21%|████████████▋                                               | 99/466 [00:00<00:00, 542.05it/s, Materializing param=model.layers.8.mamba.dt_bias]
Loading weights:  21%|███████████▏                                        | 100/466 [00:00<00:00, 542.05it/s, Materializing param=model.layers.8.mamba.in_proj.weight]
Loading weights:  21%|███████████▏                                        | 100/466 [00:00<00:00, 542.05it/s, Materializing param=model.layers.8.mamba.in_proj.weight]
Loading weights:  22%|███████████▉                                           | 101/466 [00:00<00:00, 542.05it/s, Materializing param=model.layers.8.mamba.norm.weight]
Loading weights:  22%|███████████▉                                           | 101/466 [00:00<00:00, 542.05it/s, Materializing param=model.layers.8.mamba.norm.weight]
Loading weights:  22%|███████████▏                                       | 102/466 [00:00<00:00, 542.05it/s, Materializing param=model.layers.8.mamba.out_proj.weight]
Loading weights:  22%|███████████▏                                       | 102/466 [00:00<00:00, 542.05it/s, Materializing param=model.layers.8.mamba.out_proj.weight]
Loading weights:  22%|█████████                                | 103/466 [00:00<00:00, 542.05it/s, Materializing param=model.layers.8.post_attention_layernorm.weight]
Loading weights:  22%|█████████                                | 103/466 [00:00<00:00, 542.05it/s, Materializing param=model.layers.8.post_attention_layernorm.weight]
Loading weights:  22%|█████████▎                                | 104/466 [00:00<00:00, 542.05it/s, Materializing param=model.layers.8.shared_mlp.input_linear.weight]
Loading weights:  22%|█████████▎                                | 104/466 [00:00<00:00, 542.05it/s, Materializing param=model.layers.8.shared_mlp.input_linear.weight]
Loading weights:  23%|█████████▏                               | 105/466 [00:00<00:00, 542.05it/s, Materializing param=model.layers.8.shared_mlp.output_linear.weight]
Loading weights:  23%|█████████▏                               | 105/466 [00:00<00:00, 542.05it/s, Materializing param=model.layers.8.shared_mlp.output_linear.weight]
Loading weights:  23%|███████████▎                                      | 106/466 [00:00<00:00, 542.05it/s, Materializing param=model.layers.9.input_layernorm.weight]
Loading weights:  23%|███████████▎                                      | 106/466 [00:00<00:00, 542.05it/s, Materializing param=model.layers.9.input_layernorm.weight]
Loading weights:  23%|██████████████                                               | 107/466 [00:00<00:00, 542.05it/s, Materializing param=model.layers.9.mamba.A_log]
Loading weights:  23%|██████████████                                               | 107/466 [00:00<00:00, 542.05it/s, Materializing param=model.layers.9.mamba.A_log]
Loading weights:  23%|███████████████                                                  | 108/466 [00:00<00:00, 542.05it/s, Materializing param=model.layers.9.mamba.D]
Loading weights:  23%|███████████████                                                  | 108/466 [00:00<00:00, 542.05it/s, Materializing param=model.layers.9.mamba.D]
Loading weights:  23%|████████████▊                                          | 109/466 [00:00<00:00, 542.05it/s, Materializing param=model.layers.9.mamba.conv1d.bias]
Loading weights:  23%|████████████▊                                          | 109/466 [00:00<00:00, 542.05it/s, Materializing param=model.layers.9.mamba.conv1d.bias]
Loading weights:  24%|████████████▌                                        | 110/466 [00:00<00:00, 542.05it/s, Materializing param=model.layers.9.mamba.conv1d.weight]
Loading weights:  24%|████████████▌                                        | 110/466 [00:00<00:00, 542.05it/s, Materializing param=model.layers.9.mamba.conv1d.weight]
Loading weights:  24%|██████████████                                             | 111/466 [00:00<00:00, 542.05it/s, Materializing param=model.layers.9.mamba.dt_bias]
Loading weights:  24%|██████████████                                             | 111/466 [00:00<00:00, 542.05it/s, Materializing param=model.layers.9.mamba.dt_bias]
Loading weights:  24%|████████████▍                                       | 112/466 [00:00<00:00, 542.05it/s, Materializing param=model.layers.9.mamba.in_proj.weight]
Loading weights:  24%|████████████▍                                       | 112/466 [00:00<00:00, 542.05it/s, Materializing param=model.layers.9.mamba.in_proj.weight]
Loading weights:  24%|█████████████▎                                         | 113/466 [00:00<00:00, 542.05it/s, Materializing param=model.layers.9.mamba.norm.weight]
Loading weights:  24%|█████████████▎                                         | 113/466 [00:00<00:00, 542.05it/s, Materializing param=model.layers.9.mamba.norm.weight]
Loading weights:  24%|████████████▍                                      | 114/466 [00:00<00:00, 542.05it/s, Materializing param=model.layers.9.mamba.out_proj.weight]
Loading weights:  24%|████████████▍                                      | 114/466 [00:00<00:00, 542.05it/s, Materializing param=model.layers.9.mamba.out_proj.weight]
Loading weights:  25%|████████████▌                                      | 115/466 [00:00<00:00, 572.92it/s, Materializing param=model.layers.9.mamba.out_proj.weight]
Loading weights:  25%|██████████                               | 115/466 [00:00<00:00, 572.92it/s, Materializing param=model.layers.9.post_attention_layernorm.weight]
Loading weights:  25%|██████████                               | 115/466 [00:00<00:00, 572.92it/s, Materializing param=model.layers.9.post_attention_layernorm.weight]
Loading weights:  25%|██████████▍                               | 116/466 [00:00<00:00, 572.92it/s, Materializing param=model.layers.9.shared_mlp.input_linear.weight]
Loading weights:  25%|██████████▍                               | 116/466 [00:00<00:00, 572.92it/s, Materializing param=model.layers.9.shared_mlp.input_linear.weight]
Loading weights:  25%|██████████▎                              | 117/466 [00:00<00:00, 572.92it/s, Materializing param=model.layers.9.shared_mlp.output_linear.weight]
Loading weights:  25%|██████████▎                              | 117/466 [00:00<00:00, 572.92it/s, Materializing param=model.layers.9.shared_mlp.output_linear.weight]
Loading weights:  25%|████████████▍                                    | 118/466 [00:00<00:00, 572.92it/s, Materializing param=model.layers.10.input_layernorm.weight]
Loading weights:  25%|████████████▍                                    | 118/466 [00:00<00:00, 572.92it/s, Materializing param=model.layers.10.input_layernorm.weight]
Loading weights:  26%|███████████████▎                                            | 119/466 [00:00<00:00, 572.92it/s, Materializing param=model.layers.10.mamba.A_log]
Loading weights:  26%|███████████████▎                                            | 119/466 [00:00<00:00, 572.92it/s, Materializing param=model.layers.10.mamba.A_log]
Loading weights:  26%|████████████████▍                                               | 120/466 [00:00<00:00, 572.92it/s, Materializing param=model.layers.10.mamba.D]
Loading weights:  26%|████████████████▍                                               | 120/466 [00:00<00:00, 572.92it/s, Materializing param=model.layers.10.mamba.D]
Loading weights:  26%|██████████████                                        | 121/466 [00:00<00:00, 572.92it/s, Materializing param=model.layers.10.mamba.conv1d.bias]
Loading weights:  26%|██████████████                                        | 121/466 [00:00<00:00, 572.92it/s, Materializing param=model.layers.10.mamba.conv1d.bias]
Loading weights:  26%|█████████████▌                                      | 122/466 [00:00<00:00, 572.92it/s, Materializing param=model.layers.10.mamba.conv1d.weight]
Loading weights:  26%|█████████████▌                                      | 122/466 [00:00<00:00, 572.92it/s, Materializing param=model.layers.10.mamba.conv1d.weight]
Loading weights:  26%|███████████████▎                                          | 123/466 [00:00<00:00, 572.92it/s, Materializing param=model.layers.10.mamba.dt_bias]
Loading weights:  26%|███████████████▎                                          | 123/466 [00:00<00:00, 572.92it/s, Materializing param=model.layers.10.mamba.dt_bias]
Loading weights:  27%|█████████████▌                                     | 124/466 [00:00<00:00, 572.92it/s, Materializing param=model.layers.10.mamba.in_proj.weight]
Loading weights:  27%|█████████████▌                                     | 124/466 [00:00<00:00, 572.92it/s, Materializing param=model.layers.10.mamba.in_proj.weight]
Loading weights:  27%|██████████████▍                                       | 125/466 [00:00<00:00, 572.92it/s, Materializing param=model.layers.10.mamba.norm.weight]
Loading weights:  27%|██████████████▍                                       | 125/466 [00:00<00:00, 572.92it/s, Materializing param=model.layers.10.mamba.norm.weight]
Loading weights:  27%|█████████████▌                                    | 126/466 [00:00<00:00, 572.92it/s, Materializing param=model.layers.10.mamba.out_proj.weight]
Loading weights:  27%|█████████████▌                                    | 126/466 [00:00<00:00, 572.92it/s, Materializing param=model.layers.10.mamba.out_proj.weight]
Loading weights:  27%|██████████▉                             | 127/466 [00:00<00:00, 572.92it/s, Materializing param=model.layers.10.post_attention_layernorm.weight]
Loading weights:  27%|██████████▉                             | 127/466 [00:00<00:00, 572.92it/s, Materializing param=model.layers.10.post_attention_layernorm.weight]
Loading weights:  27%|███████████▎                             | 128/466 [00:00<00:00, 572.92it/s, Materializing param=model.layers.10.shared_mlp.input_linear.weight]
Loading weights:  27%|███████████▎                             | 128/466 [00:00<00:00, 572.92it/s, Materializing param=model.layers.10.shared_mlp.input_linear.weight]
Loading weights:  28%|███████████                             | 129/466 [00:00<00:00, 572.92it/s, Materializing param=model.layers.10.shared_mlp.output_linear.weight]
Loading weights:  28%|███████████                             | 129/466 [00:00<00:00, 572.92it/s, Materializing param=model.layers.10.shared_mlp.output_linear.weight]
Loading weights:  28%|█████████████▋                                   | 130/466 [00:00<00:00, 572.92it/s, Materializing param=model.layers.11.input_layernorm.weight]
Loading weights:  28%|█████████████▋                                   | 130/466 [00:00<00:00, 572.92it/s, Materializing param=model.layers.11.input_layernorm.weight]
Loading weights:  28%|████████████████▊                                           | 131/466 [00:00<00:00, 572.92it/s, Materializing param=model.layers.11.mamba.A_log]
Loading weights:  28%|████████████████▊                                           | 131/466 [00:00<00:00, 572.92it/s, Materializing param=model.layers.11.mamba.A_log]
Loading weights:  28%|██████████████████▏                                             | 132/466 [00:00<00:00, 572.92it/s, Materializing param=model.layers.11.mamba.D]
Loading weights:  28%|██████████████████▏                                             | 132/466 [00:00<00:00, 572.92it/s, Materializing param=model.layers.11.mamba.D]
Loading weights:  29%|███████████████▍                                      | 133/466 [00:00<00:00, 572.92it/s, Materializing param=model.layers.11.mamba.conv1d.bias]
Loading weights:  29%|███████████████▍                                      | 133/466 [00:00<00:00, 572.92it/s, Materializing param=model.layers.11.mamba.conv1d.bias]
Loading weights:  29%|██████████████▉                                     | 134/466 [00:00<00:00, 572.92it/s, Materializing param=model.layers.11.mamba.conv1d.weight]
Loading weights:  29%|██████████████▉                                     | 134/466 [00:00<00:00, 572.92it/s, Materializing param=model.layers.11.mamba.conv1d.weight]
Loading weights:  29%|████████████████▊                                         | 135/466 [00:00<00:00, 572.92it/s, Materializing param=model.layers.11.mamba.dt_bias]
Loading weights:  29%|████████████████▊                                         | 135/466 [00:00<00:00, 572.92it/s, Materializing param=model.layers.11.mamba.dt_bias]
Loading weights:  29%|██████████████▉                                    | 136/466 [00:00<00:00, 572.92it/s, Materializing param=model.layers.11.mamba.in_proj.weight]
Loading weights:  29%|██████████████▉                                    | 136/466 [00:00<00:00, 572.92it/s, Materializing param=model.layers.11.mamba.in_proj.weight]
Loading weights:  29%|███████████████▉                                      | 137/466 [00:00<00:00, 572.92it/s, Materializing param=model.layers.11.mamba.norm.weight]
Loading weights:  29%|███████████████▉                                      | 137/466 [00:00<00:00, 572.92it/s, Materializing param=model.layers.11.mamba.norm.weight]
Loading weights:  30%|██████████████▊                                   | 138/466 [00:00<00:00, 572.92it/s, Materializing param=model.layers.11.mamba.out_proj.weight]
Loading weights:  30%|██████████████▊                                   | 138/466 [00:00<00:00, 572.92it/s, Materializing param=model.layers.11.mamba.out_proj.weight]
Loading weights:  30%|███████████▉                            | 139/466 [00:00<00:00, 572.92it/s, Materializing param=model.layers.11.post_attention_layernorm.weight]
Loading weights:  30%|███████████▉                            | 139/466 [00:00<00:00, 572.92it/s, Materializing param=model.layers.11.post_attention_layernorm.weight]
Loading weights:  30%|████████████▎                            | 140/466 [00:00<00:00, 572.92it/s, Materializing param=model.layers.11.shared_mlp.input_linear.weight]
Loading weights:  30%|████████████▎                            | 140/466 [00:00<00:00, 572.92it/s, Materializing param=model.layers.11.shared_mlp.input_linear.weight]
Loading weights:  30%|████████████                            | 141/466 [00:00<00:00, 572.92it/s, Materializing param=model.layers.11.shared_mlp.output_linear.weight]
Loading weights:  30%|████████████                            | 141/466 [00:00<00:00, 572.92it/s, Materializing param=model.layers.11.shared_mlp.output_linear.weight]
Loading weights:  30%|██████████████▉                                  | 142/466 [00:00<00:00, 572.92it/s, Materializing param=model.layers.12.input_layernorm.weight]
Loading weights:  30%|██████████████▉                                  | 142/466 [00:00<00:00, 572.92it/s, Materializing param=model.layers.12.input_layernorm.weight]
Loading weights:  31%|██████████████████▍                                         | 143/466 [00:00<00:00, 572.92it/s, Materializing param=model.layers.12.mamba.A_log]
Loading weights:  31%|██████████████████▍                                         | 143/466 [00:00<00:00, 572.92it/s, Materializing param=model.layers.12.mamba.A_log]
Loading weights:  31%|███████████████████▊                                            | 144/466 [00:00<00:00, 572.92it/s, Materializing param=model.layers.12.mamba.D]
Loading weights:  31%|███████████████████▊                                            | 144/466 [00:00<00:00, 572.92it/s, Materializing param=model.layers.12.mamba.D]
Loading weights:  31%|████████████████▊                                     | 145/466 [00:00<00:00, 572.92it/s, Materializing param=model.layers.12.mamba.conv1d.bias]
Loading weights:  31%|████████████████▊                                     | 145/466 [00:00<00:00, 572.92it/s, Materializing param=model.layers.12.mamba.conv1d.bias]
Loading weights:  31%|████████████████▎                                   | 146/466 [00:00<00:00, 572.92it/s, Materializing param=model.layers.12.mamba.conv1d.weight]
Loading weights:  31%|████████████████▎                                   | 146/466 [00:00<00:00, 572.92it/s, Materializing param=model.layers.12.mamba.conv1d.weight]
Loading weights:  32%|██████████████████▎                                       | 147/466 [00:00<00:00, 572.92it/s, Materializing param=model.layers.12.mamba.dt_bias]
Loading weights:  32%|██████████████████▎                                       | 147/466 [00:00<00:00, 572.92it/s, Materializing param=model.layers.12.mamba.dt_bias]
Loading weights:  32%|████████████████▏                                  | 148/466 [00:00<00:00, 572.92it/s, Materializing param=model.layers.12.mamba.in_proj.weight]
Loading weights:  32%|████████████████▏                                  | 148/466 [00:00<00:00, 572.92it/s, Materializing param=model.layers.12.mamba.in_proj.weight]
Loading weights:  32%|█████████████████▎                                    | 149/466 [00:00<00:00, 572.92it/s, Materializing param=model.layers.12.mamba.norm.weight]
Loading weights:  32%|█████████████████▎                                    | 149/466 [00:00<00:00, 572.92it/s, Materializing param=model.layers.12.mamba.norm.weight]
Loading weights:  32%|████████████████                                  | 150/466 [00:00<00:00, 572.92it/s, Materializing param=model.layers.12.mamba.out_proj.weight]
Loading weights:  32%|████████████████                                  | 150/466 [00:00<00:00, 572.92it/s, Materializing param=model.layers.12.mamba.out_proj.weight]
Loading weights:  32%|████████████▉                           | 151/466 [00:00<00:00, 572.92it/s, Materializing param=model.layers.12.post_attention_layernorm.weight]
Loading weights:  32%|████████████▉                           | 151/466 [00:00<00:00, 572.92it/s, Materializing param=model.layers.12.post_attention_layernorm.weight]
Loading weights:  33%|█████████████▎                           | 152/466 [00:00<00:00, 572.92it/s, Materializing param=model.layers.12.shared_mlp.input_linear.weight]
Loading weights:  33%|█████████████▎                           | 152/466 [00:00<00:00, 572.92it/s, Materializing param=model.layers.12.shared_mlp.input_linear.weight]
Loading weights:  33%|█████████████▏                          | 153/466 [00:00<00:00, 572.92it/s, Materializing param=model.layers.12.shared_mlp.output_linear.weight]
Loading weights:  33%|█████████████▏                          | 153/466 [00:00<00:00, 572.92it/s, Materializing param=model.layers.12.shared_mlp.output_linear.weight]
Loading weights:  33%|████████████████▏                                | 154/466 [00:00<00:00, 572.92it/s, Materializing param=model.layers.13.input_layernorm.weight]
Loading weights:  33%|████████████████▏                                | 154/466 [00:00<00:00, 572.92it/s, Materializing param=model.layers.13.input_layernorm.weight]
Loading weights:  33%|███████████████████▉                                        | 155/466 [00:00<00:00, 572.92it/s, Materializing param=model.layers.13.mamba.A_log]
Loading weights:  33%|███████████████████▉                                        | 155/466 [00:00<00:00, 572.92it/s, Materializing param=model.layers.13.mamba.A_log]
Loading weights:  33%|█████████████████████▍                                          | 156/466 [00:00<00:00, 572.92it/s, Materializing param=model.layers.13.mamba.D]
Loading weights:  33%|█████████████████████▍                                          | 156/466 [00:00<00:00, 572.92it/s, Materializing param=model.layers.13.mamba.D]
Loading weights:  34%|██████████████████▏                                   | 157/466 [00:00<00:00, 572.92it/s, Materializing param=model.layers.13.mamba.conv1d.bias]
Loading weights:  34%|██████████████████▏                                   | 157/466 [00:00<00:00, 572.92it/s, Materializing param=model.layers.13.mamba.conv1d.bias]
Loading weights:  34%|█████████████████▋                                  | 158/466 [00:00<00:00, 572.92it/s, Materializing param=model.layers.13.mamba.conv1d.weight]
Loading weights:  34%|█████████████████▋                                  | 158/466 [00:00<00:00, 572.92it/s, Materializing param=model.layers.13.mamba.conv1d.weight]
Loading weights:  34%|███████████████████▊                                      | 159/466 [00:00<00:00, 572.92it/s, Materializing param=model.layers.13.mamba.dt_bias]
Loading weights:  34%|███████████████████▊                                      | 159/466 [00:00<00:00, 572.92it/s, Materializing param=model.layers.13.mamba.dt_bias]
Loading weights:  34%|█████████████████▌                                 | 160/466 [00:00<00:00, 572.92it/s, Materializing param=model.layers.13.mamba.in_proj.weight]
Loading weights:  34%|█████████████████▌                                 | 160/466 [00:00<00:00, 572.92it/s, Materializing param=model.layers.13.mamba.in_proj.weight]
Loading weights:  35%|██████████████████▋                                   | 161/466 [00:00<00:00, 572.92it/s, Materializing param=model.layers.13.mamba.norm.weight]
Loading weights:  35%|██████████████████▋                                   | 161/466 [00:00<00:00, 572.92it/s, Materializing param=model.layers.13.mamba.norm.weight]
Loading weights:  35%|█████████████████▍                                | 162/466 [00:00<00:00, 572.92it/s, Materializing param=model.layers.13.mamba.out_proj.weight]
Loading weights:  35%|█████████████████▍                                | 162/466 [00:00<00:00, 572.92it/s, Materializing param=model.layers.13.mamba.out_proj.weight]
Loading weights:  35%|█████████████▉                          | 163/466 [00:00<00:00, 572.92it/s, Materializing param=model.layers.13.post_attention_layernorm.weight]
Loading weights:  35%|█████████████▉                          | 163/466 [00:00<00:00, 572.92it/s, Materializing param=model.layers.13.post_attention_layernorm.weight]
Loading weights:  35%|██████████████▍                          | 164/466 [00:00<00:00, 572.92it/s, Materializing param=model.layers.13.shared_mlp.input_linear.weight]
Loading weights:  35%|██████████████▍                          | 164/466 [00:00<00:00, 572.92it/s, Materializing param=model.layers.13.shared_mlp.input_linear.weight]
Loading weights:  35%|██████████████▏                         | 165/466 [00:00<00:00, 572.92it/s, Materializing param=model.layers.13.shared_mlp.output_linear.weight]
Loading weights:  35%|██████████████▏                         | 165/466 [00:00<00:00, 572.92it/s, Materializing param=model.layers.13.shared_mlp.output_linear.weight]
Loading weights:  36%|█████████████████▍                               | 166/466 [00:00<00:00, 572.92it/s, Materializing param=model.layers.14.input_layernorm.weight]
Loading weights:  36%|█████████████████▍                               | 166/466 [00:00<00:00, 572.92it/s, Materializing param=model.layers.14.input_layernorm.weight]
Loading weights:  36%|█████████████████████▌                                      | 167/466 [00:00<00:00, 572.92it/s, Materializing param=model.layers.14.mamba.A_log]
Loading weights:  36%|█████████████████████▌                                      | 167/466 [00:00<00:00, 572.92it/s, Materializing param=model.layers.14.mamba.A_log]
Loading weights:  36%|███████████████████████                                         | 168/466 [00:00<00:00, 572.92it/s, Materializing param=model.layers.14.mamba.D]
Loading weights:  36%|███████████████████████                                         | 168/466 [00:00<00:00, 572.92it/s, Materializing param=model.layers.14.mamba.D]
Loading weights:  36%|███████████████████▌                                  | 169/466 [00:00<00:00, 572.92it/s, Materializing param=model.layers.14.mamba.conv1d.bias]
Loading weights:  36%|███████████████████▌                                  | 169/466 [00:00<00:00, 572.92it/s, Materializing param=model.layers.14.mamba.conv1d.bias]
Loading weights:  36%|██████████████████▉                                 | 170/466 [00:00<00:00, 572.92it/s, Materializing param=model.layers.14.mamba.conv1d.weight]
Loading weights:  36%|██████████████████▉                                 | 170/466 [00:00<00:00, 572.92it/s, Materializing param=model.layers.14.mamba.conv1d.weight]
Loading weights:  37%|█████████████████████▎                                    | 171/466 [00:00<00:00, 572.92it/s, Materializing param=model.layers.14.mamba.dt_bias]
Loading weights:  37%|█████████████████████▎                                    | 171/466 [00:00<00:00, 572.92it/s, Materializing param=model.layers.14.mamba.dt_bias]
Loading weights:  37%|██████████████████▊                                | 172/466 [00:00<00:00, 572.92it/s, Materializing param=model.layers.14.mamba.in_proj.weight]
Loading weights:  37%|██████████████████▊                                | 172/466 [00:00<00:00, 572.92it/s, Materializing param=model.layers.14.mamba.in_proj.weight]
Loading weights:  37%|██████████████████▉                                | 173/466 [00:00<00:00, 564.91it/s, Materializing param=model.layers.14.mamba.in_proj.weight]
Loading weights:  37%|████████████████████                                  | 173/466 [00:00<00:00, 564.91it/s, Materializing param=model.layers.14.mamba.norm.weight]
Loading weights:  37%|████████████████████                                  | 173/466 [00:00<00:00, 564.91it/s, Materializing param=model.layers.14.mamba.norm.weight]
Loading weights:  37%|██████████████████▋                               | 174/466 [00:00<00:00, 564.91it/s, Materializing param=model.layers.14.mamba.out_proj.weight]
Loading weights:  37%|██████████████████▋                               | 174/466 [00:00<00:00, 564.91it/s, Materializing param=model.layers.14.mamba.out_proj.weight]
Loading weights:  38%|███████████████                         | 175/466 [00:00<00:00, 564.91it/s, Materializing param=model.layers.14.post_attention_layernorm.weight]
Loading weights:  38%|███████████████                         | 175/466 [00:00<00:00, 564.91it/s, Materializing param=model.layers.14.post_attention_layernorm.weight]
Loading weights:  38%|███████████████▍                         | 176/466 [00:00<00:00, 564.91it/s, Materializing param=model.layers.14.shared_mlp.input_linear.weight]
Loading weights:  38%|███████████████▍                         | 176/466 [00:00<00:00, 564.91it/s, Materializing param=model.layers.14.shared_mlp.input_linear.weight]
Loading weights:  38%|███████████████▏                        | 177/466 [00:00<00:00, 564.91it/s, Materializing param=model.layers.14.shared_mlp.output_linear.weight]
Loading weights:  38%|███████████████▏                        | 177/466 [00:00<00:00, 564.91it/s, Materializing param=model.layers.14.shared_mlp.output_linear.weight]
Loading weights:  38%|██████████████████▋                              | 178/466 [00:00<00:00, 564.91it/s, Materializing param=model.layers.15.input_layernorm.weight]
Loading weights:  38%|██████████████████▋                              | 178/466 [00:00<00:00, 564.91it/s, Materializing param=model.layers.15.input_layernorm.weight]
Loading weights:  38%|███████████████▎                        | 179/466 [00:00<00:00, 564.91it/s, Materializing param=model.layers.15.post_attention_layernorm.weight]
Loading weights:  38%|███████████████▎                        | 179/466 [00:00<00:00, 564.91it/s, Materializing param=model.layers.15.post_attention_layernorm.weight]
Loading weights:  39%|██████████████████▌                             | 180/466 [00:00<00:00, 564.91it/s, Materializing param=model.layers.15.self_attn.k_proj.weight]
Loading weights:  39%|██████████████████▌                             | 180/466 [00:00<00:00, 564.91it/s, Materializing param=model.layers.15.self_attn.k_proj.weight]
Loading weights:  39%|██████████████████▋                             | 181/466 [00:00<00:00, 564.91it/s, Materializing param=model.layers.15.self_attn.o_proj.weight]
Loading weights:  39%|██████████████████▋                             | 181/466 [00:00<00:00, 564.91it/s, Materializing param=model.layers.15.self_attn.o_proj.weight]
Loading weights:  39%|██████████████████▋                             | 182/466 [00:00<00:00, 564.91it/s, Materializing param=model.layers.15.self_attn.q_proj.weight]
Loading weights:  39%|██████████████████▋                             | 182/466 [00:00<00:00, 564.91it/s, Materializing param=model.layers.15.self_attn.q_proj.weight]
Loading weights:  39%|██████████████████▊                             | 183/466 [00:00<00:00, 564.91it/s, Materializing param=model.layers.15.self_attn.v_proj.weight]
Loading weights:  39%|██████████████████▊                             | 183/466 [00:00<00:00, 564.91it/s, Materializing param=model.layers.15.self_attn.v_proj.weight]
Loading weights:  39%|████████████████▏                        | 184/466 [00:00<00:00, 564.91it/s, Materializing param=model.layers.15.shared_mlp.input_linear.weight]
Loading weights:  39%|████████████████▏                        | 184/466 [00:00<00:00, 564.91it/s, Materializing param=model.layers.15.shared_mlp.input_linear.weight]
Loading weights:  40%|███████████████▉                        | 185/466 [00:00<00:00, 564.91it/s, Materializing param=model.layers.15.shared_mlp.output_linear.weight]
Loading weights:  40%|███████████████▉                        | 185/466 [00:00<00:00, 564.91it/s, Materializing param=model.layers.15.shared_mlp.output_linear.weight]
Loading weights:  40%|███████████████████▌                             | 186/466 [00:00<00:00, 564.91it/s, Materializing param=model.layers.16.input_layernorm.weight]
Loading weights:  40%|███████████████████▌                             | 186/466 [00:00<00:00, 564.91it/s, Materializing param=model.layers.16.input_layernorm.weight]
Loading weights:  40%|████████████████████████                                    | 187/466 [00:00<00:00, 564.91it/s, Materializing param=model.layers.16.mamba.A_log]
Loading weights:  40%|████████████████████████                                    | 187/466 [00:00<00:00, 564.91it/s, Materializing param=model.layers.16.mamba.A_log]
Loading weights:  40%|█████████████████████████▊                                      | 188/466 [00:00<00:00, 564.91it/s, Materializing param=model.layers.16.mamba.D]
Loading weights:  40%|█████████████████████████▊                                      | 188/466 [00:00<00:00, 564.91it/s, Materializing param=model.layers.16.mamba.D]
Loading weights:  41%|█████████████████████▉                                | 189/466 [00:00<00:00, 564.91it/s, Materializing param=model.layers.16.mamba.conv1d.bias]
Loading weights:  41%|█████████████████████▉                                | 189/466 [00:00<00:00, 564.91it/s, Materializing param=model.layers.16.mamba.conv1d.bias]
Loading weights:  41%|█████████████████████▏                              | 190/466 [00:00<00:00, 564.91it/s, Materializing param=model.layers.16.mamba.conv1d.weight]
Loading weights:  41%|█████████████████████▏                              | 190/466 [00:00<00:00, 564.91it/s, Materializing param=model.layers.16.mamba.conv1d.weight]
Loading weights:  41%|███████████████████████▊                                  | 191/466 [00:00<00:00, 564.91it/s, Materializing param=model.layers.16.mamba.dt_bias]
Loading weights:  41%|███████████████████████▊                                  | 191/466 [00:00<00:00, 564.91it/s, Materializing param=model.layers.16.mamba.dt_bias]
Loading weights:  41%|█████████████████████                              | 192/466 [00:00<00:00, 564.91it/s, Materializing param=model.layers.16.mamba.in_proj.weight]
Loading weights:  41%|█████████████████████                              | 192/466 [00:00<00:00, 564.91it/s, Materializing param=model.layers.16.mamba.in_proj.weight]
Loading weights:  41%|██████████████████████▎                               | 193/466 [00:00<00:00, 564.91it/s, Materializing param=model.layers.16.mamba.norm.weight]
Loading weights:  41%|██████████████████████▎                               | 193/466 [00:00<00:00, 564.91it/s, Materializing param=model.layers.16.mamba.norm.weight]
Loading weights:  42%|████████████████████▊                             | 194/466 [00:00<00:00, 564.91it/s, Materializing param=model.layers.16.mamba.out_proj.weight]
Loading weights:  42%|████████████████████▊                             | 194/466 [00:00<00:00, 564.91it/s, Materializing param=model.layers.16.mamba.out_proj.weight]
Loading weights:  42%|████████████████▋                       | 195/466 [00:00<00:00, 564.91it/s, Materializing param=model.layers.16.post_attention_layernorm.weight]
Loading weights:  42%|████████████████▋                       | 195/466 [00:00<00:00, 564.91it/s, Materializing param=model.layers.16.post_attention_layernorm.weight]
Loading weights:  42%|█████████████████▏                       | 196/466 [00:00<00:00, 564.91it/s, Materializing param=model.layers.16.shared_mlp.input_linear.weight]
Loading weights:  42%|█████████████████▏                       | 196/466 [00:00<00:00, 564.91it/s, Materializing param=model.layers.16.shared_mlp.input_linear.weight]
Loading weights:  42%|████████████████▉                       | 197/466 [00:00<00:00, 564.91it/s, Materializing param=model.layers.16.shared_mlp.output_linear.weight]
Loading weights:  42%|████████████████▉                       | 197/466 [00:00<00:00, 564.91it/s, Materializing param=model.layers.16.shared_mlp.output_linear.weight]
Loading weights:  42%|████████████████████▊                            | 198/466 [00:00<00:00, 564.91it/s, Materializing param=model.layers.17.input_layernorm.weight]
Loading weights:  42%|████████████████████▊                            | 198/466 [00:00<00:00, 564.91it/s, Materializing param=model.layers.17.input_layernorm.weight]
Loading weights:  43%|█████████████████████████▌                                  | 199/466 [00:00<00:00, 564.91it/s, Materializing param=model.layers.17.mamba.A_log]
Loading weights:  43%|█████████████████████████▌                                  | 199/466 [00:00<00:00, 564.91it/s, Materializing param=model.layers.17.mamba.A_log]
Loading weights:  43%|███████████████████████████▍                                    | 200/466 [00:00<00:00, 564.91it/s, Materializing param=model.layers.17.mamba.D]
Loading weights:  43%|███████████████████████████▍                                    | 200/466 [00:00<00:00, 564.91it/s, Materializing param=model.layers.17.mamba.D]
Loading weights:  43%|███████████████████████▎                              | 201/466 [00:00<00:00, 564.91it/s, Materializing param=model.layers.17.mamba.conv1d.bias]
Loading weights:  43%|███████████████████████▎                              | 201/466 [00:00<00:00, 564.91it/s, Materializing param=model.layers.17.mamba.conv1d.bias]
Loading weights:  43%|██████████████████████▌                             | 202/466 [00:00<00:00, 564.91it/s, Materializing param=model.layers.17.mamba.conv1d.weight]
Loading weights:  43%|██████████████████████▌                             | 202/466 [00:00<00:00, 564.91it/s, Materializing param=model.layers.17.mamba.conv1d.weight]
Loading weights:  44%|█████████████████████████▎                                | 203/466 [00:00<00:00, 564.91it/s, Materializing param=model.layers.17.mamba.dt_bias]
Loading weights:  44%|█████████████████████████▎                                | 203/466 [00:00<00:00, 564.91it/s, Materializing param=model.layers.17.mamba.dt_bias]
Loading weights:  44%|██████████████████████▎                            | 204/466 [00:00<00:00, 564.91it/s, Materializing param=model.layers.17.mamba.in_proj.weight]
Loading weights:  44%|██████████████████████▎                            | 204/466 [00:00<00:00, 564.91it/s, Materializing param=model.layers.17.mamba.in_proj.weight]
Loading weights:  44%|███████████████████████▊                              | 205/466 [00:00<00:00, 564.91it/s, Materializing param=model.layers.17.mamba.norm.weight]
Loading weights:  44%|███████████████████████▊                              | 205/466 [00:00<00:00, 564.91it/s, Materializing param=model.layers.17.mamba.norm.weight]
Loading weights:  44%|██████████████████████                            | 206/466 [00:00<00:00, 564.91it/s, Materializing param=model.layers.17.mamba.out_proj.weight]
Loading weights:  44%|██████████████████████                            | 206/466 [00:00<00:00, 564.91it/s, Materializing param=model.layers.17.mamba.out_proj.weight]
Loading weights:  44%|█████████████████▊                      | 207/466 [00:00<00:00, 564.91it/s, Materializing param=model.layers.17.post_attention_layernorm.weight]
Loading weights:  44%|█████████████████▊                      | 207/466 [00:00<00:00, 564.91it/s, Materializing param=model.layers.17.post_attention_layernorm.weight]
Loading weights:  45%|██████████████████▎                      | 208/466 [00:00<00:00, 564.91it/s, Materializing param=model.layers.17.shared_mlp.input_linear.weight]
Loading weights:  45%|██████████████████▎                      | 208/466 [00:00<00:00, 564.91it/s, Materializing param=model.layers.17.shared_mlp.input_linear.weight]
Loading weights:  45%|█████████████████▉                      | 209/466 [00:00<00:00, 564.91it/s, Materializing param=model.layers.17.shared_mlp.output_linear.weight]
Loading weights:  45%|█████████████████▉                      | 209/466 [00:00<00:00, 564.91it/s, Materializing param=model.layers.17.shared_mlp.output_linear.weight]
Loading weights:  45%|██████████████████████                           | 210/466 [00:00<00:00, 564.91it/s, Materializing param=model.layers.18.input_layernorm.weight]
Loading weights:  45%|██████████████████████                           | 210/466 [00:00<00:00, 564.91it/s, Materializing param=model.layers.18.input_layernorm.weight]
Loading weights:  45%|███████████████████████████▏                                | 211/466 [00:00<00:00, 564.91it/s, Materializing param=model.layers.18.mamba.A_log]
Loading weights:  45%|███████████████████████████▏                                | 211/466 [00:00<00:00, 564.91it/s, Materializing param=model.layers.18.mamba.A_log]
Loading weights:  45%|█████████████████████████████                                   | 212/466 [00:00<00:00, 564.91it/s, Materializing param=model.layers.18.mamba.D]
Loading weights:  45%|█████████████████████████████                                   | 212/466 [00:00<00:00, 564.91it/s, Materializing param=model.layers.18.mamba.D]
Loading weights:  46%|████████████████████████▋                             | 213/466 [00:00<00:00, 564.91it/s, Materializing param=model.layers.18.mamba.conv1d.bias]
Loading weights:  46%|████████████████████████▋                             | 213/466 [00:00<00:00, 564.91it/s, Materializing param=model.layers.18.mamba.conv1d.bias]
Loading weights:  46%|███████████████████████▉                            | 214/466 [00:00<00:00, 564.91it/s, Materializing param=model.layers.18.mamba.conv1d.weight]
Loading weights:  46%|███████████████████████▉                            | 214/466 [00:00<00:00, 564.91it/s, Materializing param=model.layers.18.mamba.conv1d.weight]
Loading weights:  46%|██████████████████████████▊                               | 215/466 [00:00<00:00, 564.91it/s, Materializing param=model.layers.18.mamba.dt_bias]
Loading weights:  46%|██████████████████████████▊                               | 215/466 [00:00<00:00, 564.91it/s, Materializing param=model.layers.18.mamba.dt_bias]
Loading weights:  46%|███████████████████████▋                           | 216/466 [00:00<00:00, 564.91it/s, Materializing param=model.layers.18.mamba.in_proj.weight]
Loading weights:  46%|███████████████████████▋                           | 216/466 [00:00<00:00, 564.91it/s, Materializing param=model.layers.18.mamba.in_proj.weight]
Loading weights:  47%|█████████████████████████▏                            | 217/466 [00:00<00:00, 564.91it/s, Materializing param=model.layers.18.mamba.norm.weight]
Loading weights:  47%|█████████████████████████▏                            | 217/466 [00:00<00:00, 564.91it/s, Materializing param=model.layers.18.mamba.norm.weight]
Loading weights:  47%|███████████████████████▍                          | 218/466 [00:00<00:00, 564.91it/s, Materializing param=model.layers.18.mamba.out_proj.weight]
Loading weights:  47%|███████████████████████▍                          | 218/466 [00:00<00:00, 564.91it/s, Materializing param=model.layers.18.mamba.out_proj.weight]
Loading weights:  47%|██████████████████▊                     | 219/466 [00:00<00:00, 564.91it/s, Materializing param=model.layers.18.post_attention_layernorm.weight]
Loading weights:  47%|██████████████████▊                     | 219/466 [00:00<00:00, 564.91it/s, Materializing param=model.layers.18.post_attention_layernorm.weight]
Loading weights:  47%|███████████████████▎                     | 220/466 [00:00<00:00, 564.91it/s, Materializing param=model.layers.18.shared_mlp.input_linear.weight]
Loading weights:  47%|███████████████████▎                     | 220/466 [00:00<00:00, 564.91it/s, Materializing param=model.layers.18.shared_mlp.input_linear.weight]
Loading weights:  47%|██████████████████▉                     | 221/466 [00:00<00:00, 564.91it/s, Materializing param=model.layers.18.shared_mlp.output_linear.weight]
Loading weights:  47%|██████████████████▉                     | 221/466 [00:00<00:00, 564.91it/s, Materializing param=model.layers.18.shared_mlp.output_linear.weight]
Loading weights:  48%|███████████████████████▎                         | 222/466 [00:00<00:00, 564.91it/s, Materializing param=model.layers.19.input_layernorm.weight]
Loading weights:  48%|███████████████████████▎                         | 222/466 [00:00<00:00, 564.91it/s, Materializing param=model.layers.19.input_layernorm.weight]
Loading weights:  48%|████████████████████████████▋                               | 223/466 [00:00<00:00, 564.91it/s, Materializing param=model.layers.19.mamba.A_log]
Loading weights:  48%|████████████████████████████▋                               | 223/466 [00:00<00:00, 564.91it/s, Materializing param=model.layers.19.mamba.A_log]
Loading weights:  48%|██████████████████████████████▊                                 | 224/466 [00:00<00:00, 564.91it/s, Materializing param=model.layers.19.mamba.D]
Loading weights:  48%|██████████████████████████████▊                                 | 224/466 [00:00<00:00, 564.91it/s, Materializing param=model.layers.19.mamba.D]
Loading weights:  48%|██████████████████████████                            | 225/466 [00:00<00:00, 564.91it/s, Materializing param=model.layers.19.mamba.conv1d.bias]
Loading weights:  48%|██████████████████████████                            | 225/466 [00:00<00:00, 564.91it/s, Materializing param=model.layers.19.mamba.conv1d.bias]
Loading weights:  48%|█████████████████████████▏                          | 226/466 [00:00<00:00, 564.91it/s, Materializing param=model.layers.19.mamba.conv1d.weight]
Loading weights:  48%|█████████████████████████▏                          | 226/466 [00:00<00:00, 564.91it/s, Materializing param=model.layers.19.mamba.conv1d.weight]
Loading weights:  49%|████████████████████████████▎                             | 227/466 [00:00<00:00, 564.91it/s, Materializing param=model.layers.19.mamba.dt_bias]
Loading weights:  49%|████████████████████████████▎                             | 227/466 [00:00<00:00, 564.91it/s, Materializing param=model.layers.19.mamba.dt_bias]
Loading weights:  49%|████████████████████████▉                          | 228/466 [00:00<00:00, 564.91it/s, Materializing param=model.layers.19.mamba.in_proj.weight]
Loading weights:  49%|████████████████████████▉                          | 228/466 [00:00<00:00, 564.91it/s, Materializing param=model.layers.19.mamba.in_proj.weight]
Loading weights:  49%|██████████████████████████▌                           | 229/466 [00:00<00:00, 564.91it/s, Materializing param=model.layers.19.mamba.norm.weight]
Loading weights:  49%|██████████████████████████▌                           | 229/466 [00:00<00:00, 564.91it/s, Materializing param=model.layers.19.mamba.norm.weight]
Loading weights:  49%|██████████████████████████▋                           | 230/466 [00:00<00:00, 523.03it/s, Materializing param=model.layers.19.mamba.norm.weight]
Loading weights:  49%|████████████████████████▋                         | 230/466 [00:00<00:00, 523.03it/s, Materializing param=model.layers.19.mamba.out_proj.weight]
Loading weights:  49%|████████████████████████▋                         | 230/466 [00:00<00:00, 523.03it/s, Materializing param=model.layers.19.mamba.out_proj.weight]
Loading weights:  50%|███████████████████▊                    | 231/466 [00:00<00:00, 523.03it/s, Materializing param=model.layers.19.post_attention_layernorm.weight]
Loading weights:  50%|███████████████████▊                    | 231/466 [00:00<00:00, 523.03it/s, Materializing param=model.layers.19.post_attention_layernorm.weight]
Loading weights:  50%|████████████████████▍                    | 232/466 [00:00<00:00, 523.03it/s, Materializing param=model.layers.19.shared_mlp.input_linear.weight]
Loading weights:  50%|████████████████████▍                    | 232/466 [00:00<00:00, 523.03it/s, Materializing param=model.layers.19.shared_mlp.input_linear.weight]
Loading weights:  50%|████████████████████                    | 233/466 [00:00<00:00, 523.03it/s, Materializing param=model.layers.19.shared_mlp.output_linear.weight]
Loading weights:  50%|████████████████████                    | 233/466 [00:00<00:00, 523.03it/s, Materializing param=model.layers.19.shared_mlp.output_linear.weight]
Loading weights:  50%|████████████████████████▌                        | 234/466 [00:00<00:00, 523.03it/s, Materializing param=model.layers.20.input_layernorm.weight]
Loading weights:  50%|████████████████████████▌                        | 234/466 [00:00<00:00, 523.03it/s, Materializing param=model.layers.20.input_layernorm.weight]
Loading weights:  50%|██████████████████████████████▎                             | 235/466 [00:00<00:00, 523.03it/s, Materializing param=model.layers.20.mamba.A_log]
Loading weights:  50%|██████████████████████████████▎                             | 235/466 [00:00<00:00, 523.03it/s, Materializing param=model.layers.20.mamba.A_log]
Loading weights:  51%|████████████████████████████████▍                               | 236/466 [00:00<00:00, 523.03it/s, Materializing param=model.layers.20.mamba.D]
Loading weights:  51%|████████████████████████████████▍                               | 236/466 [00:00<00:00, 523.03it/s, Materializing param=model.layers.20.mamba.D]
Loading weights:  51%|███████████████████████████▍                          | 237/466 [00:00<00:00, 523.03it/s, Materializing param=model.layers.20.mamba.conv1d.bias]
Loading weights:  51%|███████████████████████████▍                          | 237/466 [00:00<00:00, 523.03it/s, Materializing param=model.layers.20.mamba.conv1d.bias]
Loading weights:  51%|██████████████████████████▌                         | 238/466 [00:00<00:00, 523.03it/s, Materializing param=model.layers.20.mamba.conv1d.weight]
Loading weights:  51%|██████████████████████████▌                         | 238/466 [00:00<00:00, 523.03it/s, Materializing param=model.layers.20.mamba.conv1d.weight]
Loading weights:  51%|█████████████████████████████▋                            | 239/466 [00:00<00:00, 523.03it/s, Materializing param=model.layers.20.mamba.dt_bias]
Loading weights:  51%|█████████████████████████████▋                            | 239/466 [00:00<00:00, 523.03it/s, Materializing param=model.layers.20.mamba.dt_bias]
Loading weights:  52%|██████████████████████████▎                        | 240/466 [00:00<00:00, 523.03it/s, Materializing param=model.layers.20.mamba.in_proj.weight]
Loading weights:  52%|██████████████████████████▎                        | 240/466 [00:00<00:00, 523.03it/s, Materializing param=model.layers.20.mamba.in_proj.weight]
Loading weights:  52%|███████████████████████████▉                          | 241/466 [00:00<00:00, 523.03it/s, Materializing param=model.layers.20.mamba.norm.weight]
Loading weights:  52%|███████████████████████████▉                          | 241/466 [00:00<00:00, 523.03it/s, Materializing param=model.layers.20.mamba.norm.weight]
Loading weights:  52%|█████████████████████████▉                        | 242/466 [00:00<00:00, 523.03it/s, Materializing param=model.layers.20.mamba.out_proj.weight]
Loading weights:  52%|█████████████████████████▉                        | 242/466 [00:00<00:00, 523.03it/s, Materializing param=model.layers.20.mamba.out_proj.weight]
Loading weights:  52%|████████████████████▊                   | 243/466 [00:00<00:00, 523.03it/s, Materializing param=model.layers.20.post_attention_layernorm.weight]
Loading weights:  52%|████████████████████▊                   | 243/466 [00:00<00:00, 523.03it/s, Materializing param=model.layers.20.post_attention_layernorm.weight]
Loading weights:  52%|█████████████████████▍                   | 244/466 [00:00<00:00, 523.03it/s, Materializing param=model.layers.20.shared_mlp.input_linear.weight]
Loading weights:  52%|█████████████████████▍                   | 244/466 [00:00<00:00, 523.03it/s, Materializing param=model.layers.20.shared_mlp.input_linear.weight]
Loading weights:  53%|█████████████████████                   | 245/466 [00:00<00:00, 523.03it/s, Materializing param=model.layers.20.shared_mlp.output_linear.weight]
Loading weights:  53%|█████████████████████                   | 245/466 [00:00<00:00, 523.03it/s, Materializing param=model.layers.20.shared_mlp.output_linear.weight]
Loading weights:  53%|█████████████████████████▊                       | 246/466 [00:00<00:00, 523.03it/s, Materializing param=model.layers.21.input_layernorm.weight]
Loading weights:  53%|█████████████████████████▊                       | 246/466 [00:00<00:00, 523.03it/s, Materializing param=model.layers.21.input_layernorm.weight]
Loading weights:  53%|███████████████████████████████▊                            | 247/466 [00:00<00:00, 523.03it/s, Materializing param=model.layers.21.mamba.A_log]
Loading weights:  53%|███████████████████████████████▊                            | 247/466 [00:00<00:00, 523.03it/s, Materializing param=model.layers.21.mamba.A_log]
Loading weights:  53%|██████████████████████████████████                              | 248/466 [00:00<00:00, 523.03it/s, Materializing param=model.layers.21.mamba.D]
Loading weights:  53%|██████████████████████████████████                              | 248/466 [00:00<00:00, 523.03it/s, Materializing param=model.layers.21.mamba.D]
Loading weights:  53%|████████████████████████████▊                         | 249/466 [00:00<00:00, 523.03it/s, Materializing param=model.layers.21.mamba.conv1d.bias]
Loading weights:  53%|████████████████████████████▊                         | 249/466 [00:00<00:00, 523.03it/s, Materializing param=model.layers.21.mamba.conv1d.bias]
Loading weights:  54%|███████████████████████████▉                        | 250/466 [00:00<00:00, 523.03it/s, Materializing param=model.layers.21.mamba.conv1d.weight]
Loading weights:  54%|███████████████████████████▉                        | 250/466 [00:00<00:00, 523.03it/s, Materializing param=model.layers.21.mamba.conv1d.weight]
Loading weights:  54%|███████████████████████████████▏                          | 251/466 [00:00<00:00, 523.03it/s, Materializing param=model.layers.21.mamba.dt_bias]
Loading weights:  54%|███████████████████████████████▏                          | 251/466 [00:00<00:00, 523.03it/s, Materializing param=model.layers.21.mamba.dt_bias]
Loading weights:  54%|███████████████████████████▌                       | 252/466 [00:00<00:00, 523.03it/s, Materializing param=model.layers.21.mamba.in_proj.weight]
Loading weights:  54%|███████████████████████████▌                       | 252/466 [00:00<00:00, 523.03it/s, Materializing param=model.layers.21.mamba.in_proj.weight]
Loading weights:  54%|█████████████████████████████▎                        | 253/466 [00:00<00:00, 523.03it/s, Materializing param=model.layers.21.mamba.norm.weight]
Loading weights:  54%|█████████████████████████████▎                        | 253/466 [00:00<00:00, 523.03it/s, Materializing param=model.layers.21.mamba.norm.weight]
Loading weights:  55%|███████████████████████████▎                      | 254/466 [00:00<00:00, 523.03it/s, Materializing param=model.layers.21.mamba.out_proj.weight]
Loading weights:  55%|███████████████████████████▎                      | 254/466 [00:00<00:00, 523.03it/s, Materializing param=model.layers.21.mamba.out_proj.weight]
Loading weights:  55%|█████████████████████▉                  | 255/466 [00:00<00:00, 523.03it/s, Materializing param=model.layers.21.post_attention_layernorm.weight]
Loading weights:  55%|█████████████████████▉                  | 255/466 [00:00<00:00, 523.03it/s, Materializing param=model.layers.21.post_attention_layernorm.weight]
Loading weights:  55%|██████████████████████▌                  | 256/466 [00:00<00:00, 523.03it/s, Materializing param=model.layers.21.shared_mlp.input_linear.weight]
Loading weights:  55%|██████████████████████▌                  | 256/466 [00:00<00:00, 523.03it/s, Materializing param=model.layers.21.shared_mlp.input_linear.weight]
Loading weights:  55%|██████████████████████                  | 257/466 [00:00<00:00, 523.03it/s, Materializing param=model.layers.21.shared_mlp.output_linear.weight]
Loading weights:  55%|██████████████████████                  | 257/466 [00:00<00:00, 523.03it/s, Materializing param=model.layers.21.shared_mlp.output_linear.weight]
Loading weights:  55%|███████████████████████████▏                     | 258/466 [00:00<00:00, 523.03it/s, Materializing param=model.layers.22.input_layernorm.weight]
Loading weights:  55%|███████████████████████████▏                     | 258/466 [00:00<00:00, 523.03it/s, Materializing param=model.layers.22.input_layernorm.weight]
Loading weights:  56%|█████████████████████████████████▎                          | 259/466 [00:00<00:00, 523.03it/s, Materializing param=model.layers.22.mamba.A_log]
Loading weights:  56%|█████████████████████████████████▎                          | 259/466 [00:00<00:00, 523.03it/s, Materializing param=model.layers.22.mamba.A_log]
Loading weights:  56%|███████████████████████████████████▋                            | 260/466 [00:00<00:00, 523.03it/s, Materializing param=model.layers.22.mamba.D]
Loading weights:  56%|███████████████████████████████████▋                            | 260/466 [00:00<00:00, 523.03it/s, Materializing param=model.layers.22.mamba.D]
Loading weights:  56%|██████████████████████████████▏                       | 261/466 [00:00<00:00, 523.03it/s, Materializing param=model.layers.22.mamba.conv1d.bias]
Loading weights:  56%|██████████████████████████████▏                       | 261/466 [00:00<00:00, 523.03it/s, Materializing param=model.layers.22.mamba.conv1d.bias]
Loading weights:  56%|█████████████████████████████▏                      | 262/466 [00:00<00:00, 523.03it/s, Materializing param=model.layers.22.mamba.conv1d.weight]
Loading weights:  56%|█████████████████████████████▏                      | 262/466 [00:00<00:00, 523.03it/s, Materializing param=model.layers.22.mamba.conv1d.weight]
Loading weights:  56%|████████████████████████████████▋                         | 263/466 [00:00<00:00, 523.03it/s, Materializing param=model.layers.22.mamba.dt_bias]
Loading weights:  56%|████████████████████████████████▋                         | 263/466 [00:00<00:00, 523.03it/s, Materializing param=model.layers.22.mamba.dt_bias]
Loading weights:  57%|████████████████████████████▉                      | 264/466 [00:00<00:00, 523.03it/s, Materializing param=model.layers.22.mamba.in_proj.weight]
Loading weights:  57%|████████████████████████████▉                      | 264/466 [00:00<00:00, 523.03it/s, Materializing param=model.layers.22.mamba.in_proj.weight]
Loading weights:  57%|██████████████████████████████▋                       | 265/466 [00:00<00:00, 523.03it/s, Materializing param=model.layers.22.mamba.norm.weight]
Loading weights:  57%|██████████████████████████████▋                       | 265/466 [00:00<00:00, 523.03it/s, Materializing param=model.layers.22.mamba.norm.weight]
Loading weights:  57%|████████████████████████████▌                     | 266/466 [00:00<00:00, 523.03it/s, Materializing param=model.layers.22.mamba.out_proj.weight]
Loading weights:  57%|████████████████████████████▌                     | 266/466 [00:00<00:00, 523.03it/s, Materializing param=model.layers.22.mamba.out_proj.weight]
Loading weights:  57%|██████████████████████▉                 | 267/466 [00:00<00:00, 523.03it/s, Materializing param=model.layers.22.post_attention_layernorm.weight]
Loading weights:  57%|██████████████████████▉                 | 267/466 [00:00<00:00, 523.03it/s, Materializing param=model.layers.22.post_attention_layernorm.weight]
Loading weights:  58%|███████████████████████▌                 | 268/466 [00:00<00:00, 523.03it/s, Materializing param=model.layers.22.shared_mlp.input_linear.weight]
Loading weights:  58%|███████████████████████▌                 | 268/466 [00:00<00:00, 523.03it/s, Materializing param=model.layers.22.shared_mlp.input_linear.weight]
Loading weights:  58%|███████████████████████                 | 269/466 [00:00<00:00, 523.03it/s, Materializing param=model.layers.22.shared_mlp.output_linear.weight]
Loading weights:  58%|███████████████████████                 | 269/466 [00:00<00:00, 523.03it/s, Materializing param=model.layers.22.shared_mlp.output_linear.weight]
Loading weights:  58%|████████████████████████████▍                    | 270/466 [00:00<00:00, 523.03it/s, Materializing param=model.layers.23.input_layernorm.weight]
Loading weights:  58%|████████████████████████████▍                    | 270/466 [00:00<00:00, 523.03it/s, Materializing param=model.layers.23.input_layernorm.weight]
Loading weights:  58%|██████████████████████████████████▉                         | 271/466 [00:00<00:00, 523.03it/s, Materializing param=model.layers.23.mamba.A_log]
Loading weights:  58%|██████████████████████████████████▉                         | 271/466 [00:00<00:00, 523.03it/s, Materializing param=model.layers.23.mamba.A_log]
Loading weights:  58%|█████████████████████████████████████▎                          | 272/466 [00:00<00:00, 523.03it/s, Materializing param=model.layers.23.mamba.D]
Loading weights:  58%|█████████████████████████████████████▎                          | 272/466 [00:00<00:00, 523.03it/s, Materializing param=model.layers.23.mamba.D]
Loading weights:  59%|███████████████████████████████▋                      | 273/466 [00:00<00:00, 523.03it/s, Materializing param=model.layers.23.mamba.conv1d.bias]
Loading weights:  59%|███████████████████████████████▋                      | 273/466 [00:00<00:00, 523.03it/s, Materializing param=model.layers.23.mamba.conv1d.bias]
Loading weights:  59%|██████████████████████████████▌                     | 274/466 [00:00<00:00, 523.03it/s, Materializing param=model.layers.23.mamba.conv1d.weight]
Loading weights:  59%|██████████████████████████████▌                     | 274/466 [00:00<00:00, 523.03it/s, Materializing param=model.layers.23.mamba.conv1d.weight]
Loading weights:  59%|██████████████████████████████████▏                       | 275/466 [00:00<00:00, 523.03it/s, Materializing param=model.layers.23.mamba.dt_bias]
Loading weights:  59%|██████████████████████████████████▏                       | 275/466 [00:00<00:00, 523.03it/s, Materializing param=model.layers.23.mamba.dt_bias]
Loading weights:  59%|██████████████████████████████▏                    | 276/466 [00:00<00:00, 523.03it/s, Materializing param=model.layers.23.mamba.in_proj.weight]
Loading weights:  59%|██████████████████████████████▏                    | 276/466 [00:00<00:00, 523.03it/s, Materializing param=model.layers.23.mamba.in_proj.weight]
Loading weights:  59%|████████████████████████████████                      | 277/466 [00:00<00:00, 523.03it/s, Materializing param=model.layers.23.mamba.norm.weight]
Loading weights:  59%|████████████████████████████████                      | 277/466 [00:00<00:00, 523.03it/s, Materializing param=model.layers.23.mamba.norm.weight]
Loading weights:  60%|█████████████████████████████▊                    | 278/466 [00:00<00:00, 523.03it/s, Materializing param=model.layers.23.mamba.out_proj.weight]
Loading weights:  60%|█████████████████████████████▊                    | 278/466 [00:00<00:00, 523.03it/s, Materializing param=model.layers.23.mamba.out_proj.weight]
Loading weights:  60%|███████████████████████▉                | 279/466 [00:00<00:00, 523.03it/s, Materializing param=model.layers.23.post_attention_layernorm.weight]
Loading weights:  60%|███████████████████████▉                | 279/466 [00:00<00:00, 523.03it/s, Materializing param=model.layers.23.post_attention_layernorm.weight]
Loading weights:  60%|████████████████████████▋                | 280/466 [00:00<00:00, 523.03it/s, Materializing param=model.layers.23.shared_mlp.input_linear.weight]
Loading weights:  60%|████████████████████████▋                | 280/466 [00:00<00:00, 523.03it/s, Materializing param=model.layers.23.shared_mlp.input_linear.weight]
Loading weights:  60%|████████████████████████                | 281/466 [00:00<00:00, 523.03it/s, Materializing param=model.layers.23.shared_mlp.output_linear.weight]
Loading weights:  60%|████████████████████████                | 281/466 [00:00<00:00, 523.03it/s, Materializing param=model.layers.23.shared_mlp.output_linear.weight]
Loading weights:  61%|█████████████████████████████▋                   | 282/466 [00:00<00:00, 523.03it/s, Materializing param=model.layers.24.input_layernorm.weight]
Loading weights:  61%|█████████████████████████████▋                   | 282/466 [00:00<00:00, 523.03it/s, Materializing param=model.layers.24.input_layernorm.weight]
Loading weights:  61%|████████████████████████████████████▍                       | 283/466 [00:00<00:00, 523.03it/s, Materializing param=model.layers.24.mamba.A_log]
Loading weights:  61%|████████████████████████████████████▍                       | 283/466 [00:00<00:00, 523.03it/s, Materializing param=model.layers.24.mamba.A_log]
Loading weights:  61%|███████████████████████████████████████                         | 284/466 [00:00<00:00, 523.03it/s, Materializing param=model.layers.24.mamba.D]
Loading weights:  61%|███████████████████████████████████████                         | 284/466 [00:00<00:00, 523.03it/s, Materializing param=model.layers.24.mamba.D]
Loading weights:  61%|█████████████████████████████████                     | 285/466 [00:00<00:00, 523.03it/s, Materializing param=model.layers.24.mamba.conv1d.bias]
Loading weights:  61%|█████████████████████████████████                     | 285/466 [00:00<00:00, 523.03it/s, Materializing param=model.layers.24.mamba.conv1d.bias]
Loading weights:  61%|███████████████████████████████▉                    | 286/466 [00:00<00:00, 523.03it/s, Materializing param=model.layers.24.mamba.conv1d.weight]
Loading weights:  61%|███████████████████████████████▉                    | 286/466 [00:00<00:00, 523.03it/s, Materializing param=model.layers.24.mamba.conv1d.weight]
Loading weights:  62%|███████████████████████████████████▋                      | 287/466 [00:00<00:00, 523.03it/s, Materializing param=model.layers.24.mamba.dt_bias]
Loading weights:  62%|███████████████████████████████████▋                      | 287/466 [00:00<00:00, 523.03it/s, Materializing param=model.layers.24.mamba.dt_bias]
Loading weights:  62%|███████████████████████████████▌                   | 288/466 [00:00<00:00, 523.03it/s, Materializing param=model.layers.24.mamba.in_proj.weight]
Loading weights:  62%|███████████████████████████████▌                   | 288/466 [00:00<00:00, 523.03it/s, Materializing param=model.layers.24.mamba.in_proj.weight]
Loading weights:  62%|███████████████████████████████▋                   | 289/466 [00:00<00:00, 544.43it/s, Materializing param=model.layers.24.mamba.in_proj.weight]
Loading weights:  62%|█████████████████████████████████▍                    | 289/466 [00:00<00:00, 544.43it/s, Materializing param=model.layers.24.mamba.norm.weight]
Loading weights:  62%|█████████████████████████████████▍                    | 289/466 [00:00<00:00, 544.43it/s, Materializing param=model.layers.24.mamba.norm.weight]
Loading weights:  62%|███████████████████████████████                   | 290/466 [00:00<00:00, 544.43it/s, Materializing param=model.layers.24.mamba.out_proj.weight]
Loading weights:  62%|███████████████████████████████                   | 290/466 [00:00<00:00, 544.43it/s, Materializing param=model.layers.24.mamba.out_proj.weight]
Loading weights:  62%|████████████████████████▉               | 291/466 [00:00<00:00, 544.43it/s, Materializing param=model.layers.24.post_attention_layernorm.weight]
Loading weights:  62%|████████████████████████▉               | 291/466 [00:00<00:00, 544.43it/s, Materializing param=model.layers.24.post_attention_layernorm.weight]
Loading weights:  63%|█████████████████████████▋               | 292/466 [00:00<00:00, 544.43it/s, Materializing param=model.layers.24.shared_mlp.input_linear.weight]
Loading weights:  63%|█████████████████████████▋               | 292/466 [00:00<00:00, 544.43it/s, Materializing param=model.layers.24.shared_mlp.input_linear.weight]
Loading weights:  63%|█████████████████████████▏              | 293/466 [00:00<00:00, 544.43it/s, Materializing param=model.layers.24.shared_mlp.output_linear.weight]
Loading weights:  63%|█████████████████████████▏              | 293/466 [00:00<00:00, 544.43it/s, Materializing param=model.layers.24.shared_mlp.output_linear.weight]
Loading weights:  63%|██████████████████████████████▉                  | 294/466 [00:00<00:00, 544.43it/s, Materializing param=model.layers.25.input_layernorm.weight]
Loading weights:  63%|██████████████████████████████▉                  | 294/466 [00:00<00:00, 544.43it/s, Materializing param=model.layers.25.input_layernorm.weight]
Loading weights:  63%|█████████████████████████▎              | 295/466 [00:00<00:00, 544.43it/s, Materializing param=model.layers.25.post_attention_layernorm.weight]
Loading weights:  63%|█████████████████████████▎              | 295/466 [00:00<00:00, 544.43it/s, Materializing param=model.layers.25.post_attention_layernorm.weight]
Loading weights:  64%|██████████████████████████████▍                 | 296/466 [00:00<00:00, 544.43it/s, Materializing param=model.layers.25.self_attn.k_proj.weight]
Loading weights:  64%|██████████████████████████████▍                 | 296/466 [00:00<00:00, 544.43it/s, Materializing param=model.layers.25.self_attn.k_proj.weight]
Loading weights:  64%|██████████████████████████████▌                 | 297/466 [00:00<00:00, 544.43it/s, Materializing param=model.layers.25.self_attn.o_proj.weight]
Loading weights:  64%|██████████████████████████████▌                 | 297/466 [00:00<00:00, 544.43it/s, Materializing param=model.layers.25.self_attn.o_proj.weight]
Loading weights:  64%|██████████████████████████████▋                 | 298/466 [00:00<00:00, 544.43it/s, Materializing param=model.layers.25.self_attn.q_proj.weight]
Loading weights:  64%|██████████████████████████████▋                 | 298/466 [00:00<00:00, 544.43it/s, Materializing param=model.layers.25.self_attn.q_proj.weight]
Loading weights:  64%|██████████████████████████████▊                 | 299/466 [00:00<00:00, 544.43it/s, Materializing param=model.layers.25.self_attn.v_proj.weight]
Loading weights:  64%|██████████████████████████████▊                 | 299/466 [00:00<00:00, 544.43it/s, Materializing param=model.layers.25.self_attn.v_proj.weight]
Loading weights:  64%|██████████████████████████▍              | 300/466 [00:00<00:00, 544.43it/s, Materializing param=model.layers.25.shared_mlp.input_linear.weight]
Loading weights:  64%|██████████████████████████▍              | 300/466 [00:00<00:00, 544.43it/s, Materializing param=model.layers.25.shared_mlp.input_linear.weight]
Loading weights:  65%|█████████████████████████▊              | 301/466 [00:00<00:00, 544.43it/s, Materializing param=model.layers.25.shared_mlp.output_linear.weight]
Loading weights:  65%|█████████████████████████▊              | 301/466 [00:00<00:00, 544.43it/s, Materializing param=model.layers.25.shared_mlp.output_linear.weight]
Loading weights:  65%|███████████████████████████████▊                 | 302/466 [00:00<00:00, 544.43it/s, Materializing param=model.layers.26.input_layernorm.weight]
Loading weights:  65%|███████████████████████████████▊                 | 302/466 [00:00<00:00, 544.43it/s, Materializing param=model.layers.26.input_layernorm.weight]
Loading weights:  65%|███████████████████████████████████████                     | 303/466 [00:00<00:00, 544.43it/s, Materializing param=model.layers.26.mamba.A_log]
Loading weights:  65%|███████████████████████████████████████                     | 303/466 [00:00<00:00, 544.43it/s, Materializing param=model.layers.26.mamba.A_log]
Loading weights:  65%|█████████████████████████████████████████▊                      | 304/466 [00:00<00:00, 544.43it/s, Materializing param=model.layers.26.mamba.D]
Loading weights:  65%|█████████████████████████████████████████▊                      | 304/466 [00:00<00:00, 544.43it/s, Materializing param=model.layers.26.mamba.D]
Loading weights:  65%|███████████████████████████████████▎                  | 305/466 [00:00<00:00, 544.43it/s, Materializing param=model.layers.26.mamba.conv1d.bias]
Loading weights:  65%|███████████████████████████████████▎                  | 305/466 [00:00<00:00, 544.43it/s, Materializing param=model.layers.26.mamba.conv1d.bias]
Loading weights:  66%|██████████████████████████████████▏                 | 306/466 [00:00<00:00, 544.43it/s, Materializing param=model.layers.26.mamba.conv1d.weight]
Loading weights:  66%|██████████████████████████████████▏                 | 306/466 [00:00<00:00, 544.43it/s, Materializing param=model.layers.26.mamba.conv1d.weight]
Loading weights:  66%|██████████████████████████████████████▏                   | 307/466 [00:00<00:00, 544.43it/s, Materializing param=model.layers.26.mamba.dt_bias]
Loading weights:  66%|██████████████████████████████████████▏                   | 307/466 [00:00<00:00, 544.43it/s, Materializing param=model.layers.26.mamba.dt_bias]
Loading weights:  66%|█████████████████████████████████▋                 | 308/466 [00:00<00:00, 544.43it/s, Materializing param=model.layers.26.mamba.in_proj.weight]
Loading weights:  66%|█████████████████████████████████▋                 | 308/466 [00:00<00:00, 544.43it/s, Materializing param=model.layers.26.mamba.in_proj.weight]
Loading weights:  66%|███████████████████████████████████▊                  | 309/466 [00:00<00:00, 544.43it/s, Materializing param=model.layers.26.mamba.norm.weight]
Loading weights:  66%|███████████████████████████████████▊                  | 309/466 [00:00<00:00, 544.43it/s, Materializing param=model.layers.26.mamba.norm.weight]
Loading weights:  67%|█████████████████████████████████▎                | 310/466 [00:00<00:00, 544.43it/s, Materializing param=model.layers.26.mamba.out_proj.weight]
Loading weights:  67%|█████████████████████████████████▎                | 310/466 [00:00<00:00, 544.43it/s, Materializing param=model.layers.26.mamba.out_proj.weight]
Loading weights:  67%|██████████████████████████▋             | 311/466 [00:00<00:00, 544.43it/s, Materializing param=model.layers.26.post_attention_layernorm.weight]
Loading weights:  67%|██████████████████████████▋             | 311/466 [00:00<00:00, 544.43it/s, Materializing param=model.layers.26.post_attention_layernorm.weight]
Loading weights:  67%|███████████████████████████▍             | 312/466 [00:00<00:00, 544.43it/s, Materializing param=model.layers.26.shared_mlp.input_linear.weight]
Loading weights:  67%|███████████████████████████▍             | 312/466 [00:00<00:00, 544.43it/s, Materializing param=model.layers.26.shared_mlp.input_linear.weight]
Loading weights:  67%|██████████████████████████▊             | 313/466 [00:00<00:00, 544.43it/s, Materializing param=model.layers.26.shared_mlp.output_linear.weight]
Loading weights:  67%|██████████████████████████▊             | 313/466 [00:00<00:00, 544.43it/s, Materializing param=model.layers.26.shared_mlp.output_linear.weight]
Loading weights:  67%|█████████████████████████████████                | 314/466 [00:00<00:00, 544.43it/s, Materializing param=model.layers.27.input_layernorm.weight]
Loading weights:  67%|█████████████████████████████████                | 314/466 [00:00<00:00, 544.43it/s, Materializing param=model.layers.27.input_layernorm.weight]
Loading weights:  68%|████████████████████████████████████████▌                   | 315/466 [00:00<00:00, 544.43it/s, Materializing param=model.layers.27.mamba.A_log]
Loading weights:  68%|████████████████████████████████████████▌                   | 315/466 [00:00<00:00, 544.43it/s, Materializing param=model.layers.27.mamba.A_log]
Loading weights:  68%|███████████████████████████████████████████▍                    | 316/466 [00:00<00:00, 544.43it/s, Materializing param=model.layers.27.mamba.D]
Loading weights:  68%|███████████████████████████████████████████▍                    | 316/466 [00:00<00:00, 544.43it/s, Materializing param=model.layers.27.mamba.D]
Loading weights:  68%|████████████████████████████████████▋                 | 317/466 [00:00<00:00, 544.43it/s, Materializing param=model.layers.27.mamba.conv1d.bias]
Loading weights:  68%|████████████████████████████████████▋                 | 317/466 [00:00<00:00, 544.43it/s, Materializing param=model.layers.27.mamba.conv1d.bias]
Loading weights:  68%|███████████████████████████████████▍                | 318/466 [00:00<00:00, 544.43it/s, Materializing param=model.layers.27.mamba.conv1d.weight]
Loading weights:  68%|███████████████████████████████████▍                | 318/466 [00:00<00:00, 544.43it/s, Materializing param=model.layers.27.mamba.conv1d.weight]
Loading weights:  68%|███████████████████████████████████████▋                  | 319/466 [00:00<00:00, 544.43it/s, Materializing param=model.layers.27.mamba.dt_bias]
Loading weights:  68%|███████████████████████████████████████▋                  | 319/466 [00:00<00:00, 544.43it/s, Materializing param=model.layers.27.mamba.dt_bias]
Loading weights:  69%|███████████████████████████████████                | 320/466 [00:00<00:00, 544.43it/s, Materializing param=model.layers.27.mamba.in_proj.weight]
Loading weights:  69%|███████████████████████████████████                | 320/466 [00:00<00:00, 544.43it/s, Materializing param=model.layers.27.mamba.in_proj.weight]
Loading weights:  69%|█████████████████████████████████████▏                | 321/466 [00:00<00:00, 544.43it/s, Materializing param=model.layers.27.mamba.norm.weight]
Loading weights:  69%|█████████████████████████████████████▏                | 321/466 [00:00<00:00, 544.43it/s, Materializing param=model.layers.27.mamba.norm.weight]
Loading weights:  69%|██████████████████████████████████▌               | 322/466 [00:00<00:00, 544.43it/s, Materializing param=model.layers.27.mamba.out_proj.weight]
Loading weights:  69%|██████████████████████████████████▌               | 322/466 [00:00<00:00, 544.43it/s, Materializing param=model.layers.27.mamba.out_proj.weight]
Loading weights:  69%|███████████████████████████▋            | 323/466 [00:00<00:00, 544.43it/s, Materializing param=model.layers.27.post_attention_layernorm.weight]
Loading weights:  69%|███████████████████████████▋            | 323/466 [00:00<00:00, 544.43it/s, Materializing param=model.layers.27.post_attention_layernorm.weight]
Loading weights:  70%|████████████████████████████▌            | 324/466 [00:00<00:00, 544.43it/s, Materializing param=model.layers.27.shared_mlp.input_linear.weight]
Loading weights:  70%|████████████████████████████▌            | 324/466 [00:00<00:00, 544.43it/s, Materializing param=model.layers.27.shared_mlp.input_linear.weight]
Loading weights:  70%|███████████████████████████▉            | 325/466 [00:00<00:00, 544.43it/s, Materializing param=model.layers.27.shared_mlp.output_linear.weight]
Loading weights:  70%|███████████████████████████▉            | 325/466 [00:00<00:00, 544.43it/s, Materializing param=model.layers.27.shared_mlp.output_linear.weight]
Loading weights:  70%|██████████████████████████████████▎              | 326/466 [00:00<00:00, 544.43it/s, Materializing param=model.layers.28.input_layernorm.weight]
Loading weights:  70%|██████████████████████████████████▎              | 326/466 [00:00<00:00, 544.43it/s, Materializing param=model.layers.28.input_layernorm.weight]
Loading weights:  70%|██████████████████████████████████████████                  | 327/466 [00:00<00:00, 544.43it/s, Materializing param=model.layers.28.mamba.A_log]
Loading weights:  70%|██████████████████████████████████████████                  | 327/466 [00:00<00:00, 544.43it/s, Materializing param=model.layers.28.mamba.A_log]
Loading weights:  70%|█████████████████████████████████████████████                   | 328/466 [00:00<00:00, 544.43it/s, Materializing param=model.layers.28.mamba.D]
Loading weights:  70%|█████████████████████████████████████████████                   | 328/466 [00:00<00:00, 544.43it/s, Materializing param=model.layers.28.mamba.D]
Loading weights:  71%|██████████████████████████████████████                | 329/466 [00:00<00:00, 544.43it/s, Materializing param=model.layers.28.mamba.conv1d.bias]
Loading weights:  71%|██████████████████████████████████████                | 329/466 [00:00<00:00, 544.43it/s, Materializing param=model.layers.28.mamba.conv1d.bias]
Loading weights:  71%|████████████████████████████████████▊               | 330/466 [00:00<00:00, 544.43it/s, Materializing param=model.layers.28.mamba.conv1d.weight]
Loading weights:  71%|████████████████████████████████████▊               | 330/466 [00:00<00:00, 544.43it/s, Materializing param=model.layers.28.mamba.conv1d.weight]
Loading weights:  71%|█████████████████████████████████████████▏                | 331/466 [00:00<00:00, 544.43it/s, Materializing param=model.layers.28.mamba.dt_bias]
Loading weights:  71%|█████████████████████████████████████████▏                | 331/466 [00:00<00:00, 544.43it/s, Materializing param=model.layers.28.mamba.dt_bias]
Loading weights:  71%|████████████████████████████████████▎              | 332/466 [00:00<00:00, 544.43it/s, Materializing param=model.layers.28.mamba.in_proj.weight]
Loading weights:  71%|████████████████████████████████████▎              | 332/466 [00:00<00:00, 544.43it/s, Materializing param=model.layers.28.mamba.in_proj.weight]
Loading weights:  71%|██████████████████████████████████████▌               | 333/466 [00:00<00:00, 544.43it/s, Materializing param=model.layers.28.mamba.norm.weight]
Loading weights:  71%|██████████████████████████████████████▌               | 333/466 [00:00<00:00, 544.43it/s, Materializing param=model.layers.28.mamba.norm.weight]
Loading weights:  72%|███████████████████████████████████▊              | 334/466 [00:00<00:00, 544.43it/s, Materializing param=model.layers.28.mamba.out_proj.weight]
Loading weights:  72%|███████████████████████████████████▊              | 334/466 [00:00<00:00, 544.43it/s, Materializing param=model.layers.28.mamba.out_proj.weight]
Loading weights:  72%|████████████████████████████▊           | 335/466 [00:00<00:00, 544.43it/s, Materializing param=model.layers.28.post_attention_layernorm.weight]
Loading weights:  72%|████████████████████████████▊           | 335/466 [00:00<00:00, 544.43it/s, Materializing param=model.layers.28.post_attention_layernorm.weight]
Loading weights:  72%|█████████████████████████████▌           | 336/466 [00:00<00:00, 544.43it/s, Materializing param=model.layers.28.shared_mlp.input_linear.weight]
Loading weights:  72%|█████████████████████████████▌           | 336/466 [00:00<00:00, 544.43it/s, Materializing param=model.layers.28.shared_mlp.input_linear.weight]
Loading weights:  72%|████████████████████████████▉           | 337/466 [00:00<00:00, 544.43it/s, Materializing param=model.layers.28.shared_mlp.output_linear.weight]
Loading weights:  72%|████████████████████████████▉           | 337/466 [00:00<00:00, 544.43it/s, Materializing param=model.layers.28.shared_mlp.output_linear.weight]
Loading weights:  73%|███████████████████████████████████▌             | 338/466 [00:00<00:00, 544.43it/s, Materializing param=model.layers.29.input_layernorm.weight]
Loading weights:  73%|███████████████████████████████████▌             | 338/466 [00:00<00:00, 544.43it/s, Materializing param=model.layers.29.input_layernorm.weight]
Loading weights:  73%|███████████████████████████████████████████▋                | 339/466 [00:00<00:00, 544.43it/s, Materializing param=model.layers.29.mamba.A_log]
Loading weights:  73%|███████████████████████████████████████████▋                | 339/466 [00:00<00:00, 544.43it/s, Materializing param=model.layers.29.mamba.A_log]
Loading weights:  73%|██████████████████████████████████████████████▋                 | 340/466 [00:00<00:00, 544.43it/s, Materializing param=model.layers.29.mamba.D]
Loading weights:  73%|██████████████████████████████████████████████▋                 | 340/466 [00:00<00:00, 544.43it/s, Materializing param=model.layers.29.mamba.D]
Loading weights:  73%|███████████████████████████████████████▌              | 341/466 [00:00<00:00, 544.43it/s, Materializing param=model.layers.29.mamba.conv1d.bias]
Loading weights:  73%|███████████████████████████████████████▌              | 341/466 [00:00<00:00, 544.43it/s, Materializing param=model.layers.29.mamba.conv1d.bias]
Loading weights:  73%|██████████████████████████████████████▏             | 342/466 [00:00<00:00, 544.43it/s, Materializing param=model.layers.29.mamba.conv1d.weight]
Loading weights:  73%|██████████████████████████████████████▏             | 342/466 [00:00<00:00, 544.43it/s, Materializing param=model.layers.29.mamba.conv1d.weight]
Loading weights:  74%|██████████████████████████████████████████▋               | 343/466 [00:00<00:00, 544.43it/s, Materializing param=model.layers.29.mamba.dt_bias]
Loading weights:  74%|██████████████████████████████████████████▋               | 343/466 [00:00<00:00, 544.43it/s, Materializing param=model.layers.29.mamba.dt_bias]
Loading weights:  74%|█████████████████████████████████████▋             | 344/466 [00:00<00:00, 544.43it/s, Materializing param=model.layers.29.mamba.in_proj.weight]
Loading weights:  74%|█████████████████████████████████████▋             | 344/466 [00:00<00:00, 544.43it/s, Materializing param=model.layers.29.mamba.in_proj.weight]
Loading weights:  74%|█████████████████████████████████████▊             | 345/466 [00:00<00:00, 545.42it/s, Materializing param=model.layers.29.mamba.in_proj.weight]
Loading weights:  74%|███████████████████████████████████████▉              | 345/466 [00:00<00:00, 545.42it/s, Materializing param=model.layers.29.mamba.norm.weight]
Loading weights:  74%|███████████████████████████████████████▉              | 345/466 [00:00<00:00, 545.42it/s, Materializing param=model.layers.29.mamba.norm.weight]
Loading weights:  74%|█████████████████████████████████████             | 346/466 [00:00<00:00, 545.42it/s, Materializing param=model.layers.29.mamba.out_proj.weight]
Loading weights:  74%|█████████████████████████████████████             | 346/466 [00:00<00:00, 545.42it/s, Materializing param=model.layers.29.mamba.out_proj.weight]
Loading weights:  74%|█████████████████████████████▊          | 347/466 [00:00<00:00, 545.42it/s, Materializing param=model.layers.29.post_attention_layernorm.weight]
Loading weights:  74%|█████████████████████████████▊          | 347/466 [00:00<00:00, 545.42it/s, Materializing param=model.layers.29.post_attention_layernorm.weight]
Loading weights:  75%|██████████████████████████████▌          | 348/466 [00:00<00:00, 545.42it/s, Materializing param=model.layers.29.shared_mlp.input_linear.weight]
Loading weights:  75%|██████████████████████████████▌          | 348/466 [00:00<00:00, 545.42it/s, Materializing param=model.layers.29.shared_mlp.input_linear.weight]
Loading weights:  75%|█████████████████████████████▉          | 349/466 [00:00<00:00, 545.42it/s, Materializing param=model.layers.29.shared_mlp.output_linear.weight]
Loading weights:  75%|█████████████████████████████▉          | 349/466 [00:00<00:00, 545.42it/s, Materializing param=model.layers.29.shared_mlp.output_linear.weight]
Loading weights:  75%|████████████████████████████████████▊            | 350/466 [00:00<00:00, 545.42it/s, Materializing param=model.layers.30.input_layernorm.weight]
Loading weights:  75%|████████████████████████████████████▊            | 350/466 [00:00<00:00, 545.42it/s, Materializing param=model.layers.30.input_layernorm.weight]
Loading weights:  75%|█████████████████████████████████████████████▏              | 351/466 [00:00<00:00, 545.42it/s, Materializing param=model.layers.30.mamba.A_log]
Loading weights:  75%|█████████████████████████████████████████████▏              | 351/466 [00:00<00:00, 545.42it/s, Materializing param=model.layers.30.mamba.A_log]
Loading weights:  76%|████████████████████████████████████████████████▎               | 352/466 [00:00<00:00, 545.42it/s, Materializing param=model.layers.30.mamba.D]
Loading weights:  76%|████████████████████████████████████████████████▎               | 352/466 [00:00<00:00, 545.42it/s, Materializing param=model.layers.30.mamba.D]
Loading weights:  76%|████████████████████████████████████████▉             | 353/466 [00:00<00:00, 545.42it/s, Materializing param=model.layers.30.mamba.conv1d.bias]
Loading weights:  76%|████████████████████████████████████████▉             | 353/466 [00:00<00:00, 545.42it/s, Materializing param=model.layers.30.mamba.conv1d.bias]
Loading weights:  76%|███████████████████████████████████████▌            | 354/466 [00:00<00:00, 545.42it/s, Materializing param=model.layers.30.mamba.conv1d.weight]
Loading weights:  76%|███████████████████████████████████████▌            | 354/466 [00:00<00:00, 545.42it/s, Materializing param=model.layers.30.mamba.conv1d.weight]
Loading weights:  76%|████████████████████████████████████████████▏             | 355/466 [00:00<00:00, 545.42it/s, Materializing param=model.layers.30.mamba.dt_bias]
Loading weights:  76%|████████████████████████████████████████████▏             | 355/466 [00:00<00:00, 545.42it/s, Materializing param=model.layers.30.mamba.dt_bias]
Loading weights:  76%|██████████████████████████████████████▉            | 356/466 [00:00<00:00, 545.42it/s, Materializing param=model.layers.30.mamba.in_proj.weight]
Loading weights:  76%|██████████████████████████████████████▉            | 356/466 [00:00<00:00, 545.42it/s, Materializing param=model.layers.30.mamba.in_proj.weight]
Loading weights:  77%|█████████████████████████████████████████▎            | 357/466 [00:00<00:00, 545.42it/s, Materializing param=model.layers.30.mamba.norm.weight]
Loading weights:  77%|█████████████████████████████████████████▎            | 357/466 [00:00<00:00, 545.42it/s, Materializing param=model.layers.30.mamba.norm.weight]
Loading weights:  77%|██████████████████████████████████████▍           | 358/466 [00:00<00:00, 545.42it/s, Materializing param=model.layers.30.mamba.out_proj.weight]
Loading weights:  77%|██████████████████████████████████████▍           | 358/466 [00:00<00:00, 545.42it/s, Materializing param=model.layers.30.mamba.out_proj.weight]
Loading weights:  77%|██████████████████████████████▊         | 359/466 [00:00<00:00, 545.42it/s, Materializing param=model.layers.30.post_attention_layernorm.weight]
Loading weights:  77%|██████████████████████████████▊         | 359/466 [00:00<00:00, 545.42it/s, Materializing param=model.layers.30.post_attention_layernorm.weight]
Loading weights:  77%|███████████████████████████████▋         | 360/466 [00:00<00:00, 545.42it/s, Materializing param=model.layers.30.shared_mlp.input_linear.weight]
Loading weights:  77%|███████████████████████████████▋         | 360/466 [00:00<00:00, 545.42it/s, Materializing param=model.layers.30.shared_mlp.input_linear.weight]
Loading weights:  77%|██████████████████████████████▉         | 361/466 [00:00<00:00, 545.42it/s, Materializing param=model.layers.30.shared_mlp.output_linear.weight]
Loading weights:  77%|██████████████████████████████▉         | 361/466 [00:00<00:00, 545.42it/s, Materializing param=model.layers.30.shared_mlp.output_linear.weight]
Loading weights:  78%|██████████████████████████████████████           | 362/466 [00:00<00:00, 545.42it/s, Materializing param=model.layers.31.input_layernorm.weight]
Loading weights:  78%|██████████████████████████████████████           | 362/466 [00:00<00:00, 545.42it/s, Materializing param=model.layers.31.input_layernorm.weight]
Loading weights:  78%|██████████████████████████████████████████████▋             | 363/466 [00:00<00:00, 545.42it/s, Materializing param=model.layers.31.mamba.A_log]
Loading weights:  78%|██████████████████████████████████████████████▋             | 363/466 [00:00<00:00, 545.42it/s, Materializing param=model.layers.31.mamba.A_log]
Loading weights:  78%|█████████████████████████████████████████████████▉              | 364/466 [00:00<00:00, 545.42it/s, Materializing param=model.layers.31.mamba.D]
Loading weights:  78%|█████████████████████████████████████████████████▉              | 364/466 [00:00<00:00, 545.42it/s, Materializing param=model.layers.31.mamba.D]
Loading weights:  78%|██████████████████████████████████████████▎           | 365/466 [00:00<00:00, 545.42it/s, Materializing param=model.layers.31.mamba.conv1d.bias]
Loading weights:  78%|██████████████████████████████████████████▎           | 365/466 [00:00<00:00, 545.42it/s, Materializing param=model.layers.31.mamba.conv1d.bias]
Loading weights:  79%|████████████████████████████████████████▊           | 366/466 [00:00<00:00, 545.42it/s, Materializing param=model.layers.31.mamba.conv1d.weight]
Loading weights:  79%|████████████████████████████████████████▊           | 366/466 [00:00<00:00, 545.42it/s, Materializing param=model.layers.31.mamba.conv1d.weight]
Loading weights:  79%|█████████████████████████████████████████████▋            | 367/466 [00:00<00:00, 545.42it/s, Materializing param=model.layers.31.mamba.dt_bias]
Loading weights:  79%|█████████████████████████████████████████████▋            | 367/466 [00:00<00:00, 545.42it/s, Materializing param=model.layers.31.mamba.dt_bias]
Loading weights:  79%|████████████████████████████████████████▎          | 368/466 [00:00<00:00, 545.42it/s, Materializing param=model.layers.31.mamba.in_proj.weight]
Loading weights:  79%|████████████████████████████████████████▎          | 368/466 [00:00<00:00, 545.42it/s, Materializing param=model.layers.31.mamba.in_proj.weight]
Loading weights:  79%|██████████████████████████████████████████▊           | 369/466 [00:00<00:00, 545.42it/s, Materializing param=model.layers.31.mamba.norm.weight]
Loading weights:  79%|██████████████████████████████████████████▊           | 369/466 [00:00<00:00, 545.42it/s, Materializing param=model.layers.31.mamba.norm.weight]
Loading weights:  79%|███████████████████████████████████████▋          | 370/466 [00:00<00:00, 545.42it/s, Materializing param=model.layers.31.mamba.out_proj.weight]
Loading weights:  79%|███████████████████████████████████████▋          | 370/466 [00:00<00:00, 545.42it/s, Materializing param=model.layers.31.mamba.out_proj.weight]
Loading weights:  80%|███████████████████████████████▊        | 371/466 [00:00<00:00, 545.42it/s, Materializing param=model.layers.31.post_attention_layernorm.weight]
Loading weights:  80%|███████████████████████████████▊        | 371/466 [00:00<00:00, 545.42it/s, Materializing param=model.layers.31.post_attention_layernorm.weight]
Loading weights:  80%|████████████████████████████████▋        | 372/466 [00:00<00:00, 545.42it/s, Materializing param=model.layers.31.shared_mlp.input_linear.weight]
Loading weights:  80%|████████████████████████████████▋        | 372/466 [00:00<00:00, 545.42it/s, Materializing param=model.layers.31.shared_mlp.input_linear.weight]
Loading weights:  80%|████████████████████████████████        | 373/466 [00:00<00:00, 545.42it/s, Materializing param=model.layers.31.shared_mlp.output_linear.weight]
Loading weights:  80%|████████████████████████████████        | 373/466 [00:00<00:00, 545.42it/s, Materializing param=model.layers.31.shared_mlp.output_linear.weight]
Loading weights:  80%|███████████████████████████████████████▎         | 374/466 [00:00<00:00, 545.42it/s, Materializing param=model.layers.32.input_layernorm.weight]
Loading weights:  80%|███████████████████████████████████████▎         | 374/466 [00:00<00:00, 545.42it/s, Materializing param=model.layers.32.input_layernorm.weight]
Loading weights:  80%|████████████████████████████████████████████████▎           | 375/466 [00:00<00:00, 545.42it/s, Materializing param=model.layers.32.mamba.A_log]
Loading weights:  80%|████████████████████████████████████████████████▎           | 375/466 [00:00<00:00, 545.42it/s, Materializing param=model.layers.32.mamba.A_log]
Loading weights:  81%|███████████████████████████████████████████████████▋            | 376/466 [00:00<00:00, 545.42it/s, Materializing param=model.layers.32.mamba.D]
Loading weights:  81%|███████████████████████████████████████████████████▋            | 376/466 [00:00<00:00, 545.42it/s, Materializing param=model.layers.32.mamba.D]
Loading weights:  81%|███████████████████████████████████████████▋          | 377/466 [00:00<00:00, 545.42it/s, Materializing param=model.layers.32.mamba.conv1d.bias]
Loading weights:  81%|███████████████████████████████████████████▋          | 377/466 [00:00<00:00, 545.42it/s, Materializing param=model.layers.32.mamba.conv1d.bias]
Loading weights:  81%|██████████████████████████████████████████▏         | 378/466 [00:00<00:00, 545.42it/s, Materializing param=model.layers.32.mamba.conv1d.weight]
Loading weights:  81%|██████████████████████████████████████████▏         | 378/466 [00:00<00:00, 545.42it/s, Materializing param=model.layers.32.mamba.conv1d.weight]
Loading weights:  81%|███████████████████████████████████████████████▏          | 379/466 [00:00<00:00, 545.42it/s, Materializing param=model.layers.32.mamba.dt_bias]
Loading weights:  81%|███████████████████████████████████████████████▏          | 379/466 [00:00<00:00, 545.42it/s, Materializing param=model.layers.32.mamba.dt_bias]
Loading weights:  82%|█████████████████████████████████████████▌         | 380/466 [00:00<00:00, 545.42it/s, Materializing param=model.layers.32.mamba.in_proj.weight]
Loading weights:  82%|█████████████████████████████████████████▌         | 380/466 [00:00<00:00, 545.42it/s, Materializing param=model.layers.32.mamba.in_proj.weight]
Loading weights:  82%|████████████████████████████████████████████▏         | 381/466 [00:00<00:00, 545.42it/s, Materializing param=model.layers.32.mamba.norm.weight]
Loading weights:  82%|████████████████████████████████████████████▏         | 381/466 [00:00<00:00, 545.42it/s, Materializing param=model.layers.32.mamba.norm.weight]
Loading weights:  82%|████████████████████████████████████████▉         | 382/466 [00:00<00:00, 545.42it/s, Materializing param=model.layers.32.mamba.out_proj.weight]
Loading weights:  82%|████████████████████████████████████████▉         | 382/466 [00:00<00:00, 545.42it/s, Materializing param=model.layers.32.mamba.out_proj.weight]
Loading weights:  82%|████████████████████████████████▉       | 383/466 [00:00<00:00, 545.42it/s, Materializing param=model.layers.32.post_attention_layernorm.weight]
Loading weights:  82%|████████████████████████████████▉       | 383/466 [00:00<00:00, 545.42it/s, Materializing param=model.layers.32.post_attention_layernorm.weight]
Loading weights:  82%|█████████████████████████████████▊       | 384/466 [00:00<00:00, 545.42it/s, Materializing param=model.layers.32.shared_mlp.input_linear.weight]
Loading weights:  82%|█████████████████████████████████▊       | 384/466 [00:00<00:00, 545.42it/s, Materializing param=model.layers.32.shared_mlp.input_linear.weight]
Loading weights:  83%|█████████████████████████████████       | 385/466 [00:00<00:00, 545.42it/s, Materializing param=model.layers.32.shared_mlp.output_linear.weight]
Loading weights:  83%|█████████████████████████████████       | 385/466 [00:00<00:00, 545.42it/s, Materializing param=model.layers.32.shared_mlp.output_linear.weight]
Loading weights:  83%|████████████████████████████████████████▌        | 386/466 [00:00<00:00, 545.42it/s, Materializing param=model.layers.33.input_layernorm.weight]
Loading weights:  83%|████████████████████████████████████████▌        | 386/466 [00:00<00:00, 545.42it/s, Materializing param=model.layers.33.input_layernorm.weight]
Loading weights:  83%|█████████████████████████████████████████████████▊          | 387/466 [00:00<00:00, 545.42it/s, Materializing param=model.layers.33.mamba.A_log]
Loading weights:  83%|█████████████████████████████████████████████████▊          | 387/466 [00:00<00:00, 545.42it/s, Materializing param=model.layers.33.mamba.A_log]
Loading weights:  83%|█████████████████████████████████████████████████████▎          | 388/466 [00:00<00:00, 545.42it/s, Materializing param=model.layers.33.mamba.D]
Loading weights:  83%|█████████████████████████████████████████████████████▎          | 388/466 [00:00<00:00, 545.42it/s, Materializing param=model.layers.33.mamba.D]
Loading weights:  83%|█████████████████████████████████████████████         | 389/466 [00:00<00:00, 545.42it/s, Materializing param=model.layers.33.mamba.conv1d.bias]
Loading weights:  83%|█████████████████████████████████████████████         | 389/466 [00:00<00:00, 545.42it/s, Materializing param=model.layers.33.mamba.conv1d.bias]
Loading weights:  84%|███████████████████████████████████████████▌        | 390/466 [00:00<00:00, 545.42it/s, Materializing param=model.layers.33.mamba.conv1d.weight]
Loading weights:  84%|███████████████████████████████████████████▌        | 390/466 [00:00<00:00, 545.42it/s, Materializing param=model.layers.33.mamba.conv1d.weight]
Loading weights:  84%|████████████████████████████████████████████████▋         | 391/466 [00:00<00:00, 545.42it/s, Materializing param=model.layers.33.mamba.dt_bias]
Loading weights:  84%|████████████████████████████████████████████████▋         | 391/466 [00:00<00:00, 545.42it/s, Materializing param=model.layers.33.mamba.dt_bias]
Loading weights:  84%|██████████████████████████████████████████▉        | 392/466 [00:00<00:00, 545.42it/s, Materializing param=model.layers.33.mamba.in_proj.weight]
Loading weights:  84%|██████████████████████████████████████████▉        | 392/466 [00:00<00:00, 545.42it/s, Materializing param=model.layers.33.mamba.in_proj.weight]
Loading weights:  84%|█████████████████████████████████████████████▌        | 393/466 [00:00<00:00, 545.42it/s, Materializing param=model.layers.33.mamba.norm.weight]
Loading weights:  84%|█████████████████████████████████████████████▌        | 393/466 [00:00<00:00, 545.42it/s, Materializing param=model.layers.33.mamba.norm.weight]
Loading weights:  85%|██████████████████████████████████████████▎       | 394/466 [00:00<00:00, 545.42it/s, Materializing param=model.layers.33.mamba.out_proj.weight]
Loading weights:  85%|██████████████████████████████████████████▎       | 394/466 [00:00<00:00, 545.42it/s, Materializing param=model.layers.33.mamba.out_proj.weight]
Loading weights:  85%|█████████████████████████████████▉      | 395/466 [00:00<00:00, 545.42it/s, Materializing param=model.layers.33.post_attention_layernorm.weight]
Loading weights:  85%|█████████████████████████████████▉      | 395/466 [00:00<00:00, 545.42it/s, Materializing param=model.layers.33.post_attention_layernorm.weight]
Loading weights:  85%|██████████████████████████████████▊      | 396/466 [00:00<00:00, 545.42it/s, Materializing param=model.layers.33.shared_mlp.input_linear.weight]
Loading weights:  85%|██████████████████████████████████▊      | 396/466 [00:00<00:00, 545.42it/s, Materializing param=model.layers.33.shared_mlp.input_linear.weight]
Loading weights:  85%|██████████████████████████████████      | 397/466 [00:00<00:00, 545.42it/s, Materializing param=model.layers.33.shared_mlp.output_linear.weight]
Loading weights:  85%|██████████████████████████████████      | 397/466 [00:00<00:00, 545.42it/s, Materializing param=model.layers.33.shared_mlp.output_linear.weight]
Loading weights:  85%|█████████████████████████████████████████▊       | 398/466 [00:00<00:00, 545.42it/s, Materializing param=model.layers.34.input_layernorm.weight]
Loading weights:  85%|█████████████████████████████████████████▊       | 398/466 [00:00<00:00, 545.42it/s, Materializing param=model.layers.34.input_layernorm.weight]
Loading weights:  86%|███████████████████████████████████████████████████▎        | 399/466 [00:00<00:00, 545.42it/s, Materializing param=model.layers.34.mamba.A_log]
Loading weights:  86%|███████████████████████████████████████████████████▎        | 399/466 [00:00<00:00, 545.42it/s, Materializing param=model.layers.34.mamba.A_log]
Loading weights:  86%|███████████████████████████████████████████████████▌        | 400/466 [00:00<00:00, 541.58it/s, Materializing param=model.layers.34.mamba.A_log]
Loading weights:  86%|██████████████████████████████████████████████████████▉         | 400/466 [00:00<00:00, 541.58it/s, Materializing param=model.layers.34.mamba.D]
Loading weights:  86%|██████████████████████████████████████████████████████▉         | 400/466 [00:00<00:00, 541.58it/s, Materializing param=model.layers.34.mamba.D]
Loading weights:  86%|██████████████████████████████████████████████▍       | 401/466 [00:00<00:00, 541.58it/s, Materializing param=model.layers.34.mamba.conv1d.bias]
Loading weights:  86%|██████████████████████████████████████████████▍       | 401/466 [00:00<00:00, 541.58it/s, Materializing param=model.layers.34.mamba.conv1d.bias]
Loading weights:  86%|████████████████████████████████████████████▊       | 402/466 [00:00<00:00, 541.58it/s, Materializing param=model.layers.34.mamba.conv1d.weight]
Loading weights:  86%|████████████████████████████████████████████▊       | 402/466 [00:00<00:00, 541.58it/s, Materializing param=model.layers.34.mamba.conv1d.weight]
Loading weights:  86%|██████████████████████████████████████████████████▏       | 403/466 [00:00<00:00, 541.58it/s, Materializing param=model.layers.34.mamba.dt_bias]
Loading weights:  86%|██████████████████████████████████████████████████▏       | 403/466 [00:00<00:00, 541.58it/s, Materializing param=model.layers.34.mamba.dt_bias]
Loading weights:  87%|████████████████████████████████████████████▏      | 404/466 [00:00<00:00, 541.58it/s, Materializing param=model.layers.34.mamba.in_proj.weight]
Loading weights:  87%|████████████████████████████████████████████▏      | 404/466 [00:00<00:00, 541.58it/s, Materializing param=model.layers.34.mamba.in_proj.weight]
Loading weights:  87%|██████████████████████████████████████████████▉       | 405/466 [00:00<00:00, 541.58it/s, Materializing param=model.layers.34.mamba.norm.weight]
Loading weights:  87%|██████████████████████████████████████████████▉       | 405/466 [00:00<00:00, 541.58it/s, Materializing param=model.layers.34.mamba.norm.weight]
Loading weights:  87%|███████████████████████████████████████████▌      | 406/466 [00:00<00:00, 541.58it/s, Materializing param=model.layers.34.mamba.out_proj.weight]
Loading weights:  87%|███████████████████████████████████████████▌      | 406/466 [00:00<00:00, 541.58it/s, Materializing param=model.layers.34.mamba.out_proj.weight]
Loading weights:  87%|██████████████████████████████████▉     | 407/466 [00:00<00:00, 541.58it/s, Materializing param=model.layers.34.post_attention_layernorm.weight]
Loading weights:  87%|██████████████████████████████████▉     | 407/466 [00:00<00:00, 541.58it/s, Materializing param=model.layers.34.post_attention_layernorm.weight]
Loading weights:  88%|███████████████████████████████████▉     | 408/466 [00:00<00:00, 541.58it/s, Materializing param=model.layers.34.shared_mlp.input_linear.weight]
Loading weights:  88%|███████████████████████████████████▉     | 408/466 [00:00<00:00, 541.58it/s, Materializing param=model.layers.34.shared_mlp.input_linear.weight]
Loading weights:  88%|███████████████████████████████████     | 409/466 [00:00<00:00, 541.58it/s, Materializing param=model.layers.34.shared_mlp.output_linear.weight]
Loading weights:  88%|███████████████████████████████████     | 409/466 [00:00<00:00, 541.58it/s, Materializing param=model.layers.34.shared_mlp.output_linear.weight]
Loading weights:  88%|███████████████████████████████████████████      | 410/466 [00:00<00:00, 541.58it/s, Materializing param=model.layers.35.input_layernorm.weight]
Loading weights:  88%|███████████████████████████████████████████      | 410/466 [00:00<00:00, 541.58it/s, Materializing param=model.layers.35.input_layernorm.weight]
Loading weights:  88%|███████████████████████████████████▎    | 411/466 [00:00<00:00, 541.58it/s, Materializing param=model.layers.35.post_attention_layernorm.weight]
Loading weights:  88%|███████████████████████████████████▎    | 411/466 [00:00<00:00, 541.58it/s, Materializing param=model.layers.35.post_attention_layernorm.weight]
Loading weights:  88%|██████████████████████████████████████████▍     | 412/466 [00:00<00:00, 541.58it/s, Materializing param=model.layers.35.self_attn.k_proj.weight]
Loading weights:  88%|██████████████████████████████████████████▍     | 412/466 [00:00<00:00, 541.58it/s, Materializing param=model.layers.35.self_attn.k_proj.weight]
Loading weights:  89%|██████████████████████████████████████████▌     | 413/466 [00:00<00:00, 541.58it/s, Materializing param=model.layers.35.self_attn.o_proj.weight]
Loading weights:  89%|██████████████████████████████████████████▌     | 413/466 [00:00<00:00, 541.58it/s, Materializing param=model.layers.35.self_attn.o_proj.weight]
Loading weights:  89%|██████████████████████████████████████████▋     | 414/466 [00:00<00:00, 541.58it/s, Materializing param=model.layers.35.self_attn.q_proj.weight]
Loading weights:  89%|██████████████████████████████████████████▋     | 414/466 [00:00<00:00, 541.58it/s, Materializing param=model.layers.35.self_attn.q_proj.weight]
Loading weights:  89%|██████████████████████████████████████████▋     | 415/466 [00:00<00:00, 541.58it/s, Materializing param=model.layers.35.self_attn.v_proj.weight]
Loading weights:  89%|██████████████████████████████████████████▋     | 415/466 [00:00<00:00, 541.58it/s, Materializing param=model.layers.35.self_attn.v_proj.weight]
Loading weights:  89%|████████████████████████████████████▌    | 416/466 [00:00<00:00, 541.58it/s, Materializing param=model.layers.35.shared_mlp.input_linear.weight]
Loading weights:  89%|████████████████████████████████████▌    | 416/466 [00:00<00:00, 541.58it/s, Materializing param=model.layers.35.shared_mlp.input_linear.weight]
Loading weights:  89%|███████████████████████████████████▊    | 417/466 [00:00<00:00, 541.58it/s, Materializing param=model.layers.35.shared_mlp.output_linear.weight]
Loading weights:  89%|███████████████████████████████████▊    | 417/466 [00:00<00:00, 541.58it/s, Materializing param=model.layers.35.shared_mlp.output_linear.weight]
Loading weights:  90%|███████████████████████████████████████████▉     | 418/466 [00:00<00:00, 541.58it/s, Materializing param=model.layers.36.input_layernorm.weight]
Loading weights:  90%|███████████████████████████████████████████▉     | 418/466 [00:00<00:00, 541.58it/s, Materializing param=model.layers.36.input_layernorm.weight]
Loading weights:  90%|█████████████████████████████████████████████████████▉      | 419/466 [00:00<00:00, 541.58it/s, Materializing param=model.layers.36.mamba.A_log]
Loading weights:  90%|█████████████████████████████████████████████████████▉      | 419/466 [00:00<00:00, 541.58it/s, Materializing param=model.layers.36.mamba.A_log]
Loading weights:  90%|█████████████████████████████████████████████████████████▋      | 420/466 [00:00<00:00, 541.58it/s, Materializing param=model.layers.36.mamba.D]
Loading weights:  90%|█████████████████████████████████████████████████████████▋      | 420/466 [00:00<00:00, 541.58it/s, Materializing param=model.layers.36.mamba.D]
Loading weights:  90%|████████████████████████████████████████████████▊     | 421/466 [00:00<00:00, 541.58it/s, Materializing param=model.layers.36.mamba.conv1d.bias]
Loading weights:  90%|████████████████████████████████████████████████▊     | 421/466 [00:00<00:00, 541.58it/s, Materializing param=model.layers.36.mamba.conv1d.bias]
Loading weights:  91%|███████████████████████████████████████████████     | 422/466 [00:00<00:00, 541.58it/s, Materializing param=model.layers.36.mamba.conv1d.weight]
Loading weights:  91%|███████████████████████████████████████████████     | 422/466 [00:00<00:00, 541.58it/s, Materializing param=model.layers.36.mamba.conv1d.weight]
Loading weights:  91%|████████████████████████████████████████████████████▋     | 423/466 [00:00<00:00, 541.58it/s, Materializing param=model.layers.36.mamba.dt_bias]
Loading weights:  91%|████████████████████████████████████████████████████▋     | 423/466 [00:00<00:00, 541.58it/s, Materializing param=model.layers.36.mamba.dt_bias]
Loading weights:  91%|██████████████████████████████████████████████▍    | 424/466 [00:00<00:00, 541.58it/s, Materializing param=model.layers.36.mamba.in_proj.weight]
Loading weights:  91%|██████████████████████████████████████████████▍    | 424/466 [00:00<00:00, 541.58it/s, Materializing param=model.layers.36.mamba.in_proj.weight]
Loading weights:  91%|█████████████████████████████████████████████████▏    | 425/466 [00:00<00:00, 541.58it/s, Materializing param=model.layers.36.mamba.norm.weight]
Loading weights:  91%|█████████████████████████████████████████████████▏    | 425/466 [00:00<00:00, 541.58it/s, Materializing param=model.layers.36.mamba.norm.weight]
Loading weights:  91%|█████████████████████████████████████████████▋    | 426/466 [00:00<00:00, 541.58it/s, Materializing param=model.layers.36.mamba.out_proj.weight]
Loading weights:  91%|█████████████████████████████████████████████▋    | 426/466 [00:00<00:00, 541.58it/s, Materializing param=model.layers.36.mamba.out_proj.weight]
Loading weights:  92%|████████████████████████████████████▋   | 427/466 [00:00<00:00, 541.58it/s, Materializing param=model.layers.36.post_attention_layernorm.weight]
Loading weights:  92%|████████████████████████████████████▋   | 427/466 [00:00<00:00, 541.58it/s, Materializing param=model.layers.36.post_attention_layernorm.weight]
Loading weights:  92%|█████████████████████████████████████▋   | 428/466 [00:00<00:00, 541.58it/s, Materializing param=model.layers.36.shared_mlp.input_linear.weight]
Loading weights:  92%|█████████████████████████████████████▋   | 428/466 [00:00<00:00, 541.58it/s, Materializing param=model.layers.36.shared_mlp.input_linear.weight]
Loading weights:  92%|████████████████████████████████████▊   | 429/466 [00:00<00:00, 541.58it/s, Materializing param=model.layers.36.shared_mlp.output_linear.weight]
Loading weights:  92%|████████████████████████████████████▊   | 429/466 [00:00<00:00, 541.58it/s, Materializing param=model.layers.36.shared_mlp.output_linear.weight]
Loading weights:  92%|█████████████████████████████████████████████▏   | 430/466 [00:00<00:00, 541.58it/s, Materializing param=model.layers.37.input_layernorm.weight]
Loading weights:  92%|█████████████████████████████████████████████▏   | 430/466 [00:00<00:00, 541.58it/s, Materializing param=model.layers.37.input_layernorm.weight]
Loading weights:  92%|███████████████████████████████████████████████████████▍    | 431/466 [00:00<00:00, 541.58it/s, Materializing param=model.layers.37.mamba.A_log]
Loading weights:  92%|███████████████████████████████████████████████████████▍    | 431/466 [00:00<00:00, 541.58it/s, Materializing param=model.layers.37.mamba.A_log]
Loading weights:  93%|███████████████████████████████████████████████████████████▎    | 432/466 [00:00<00:00, 541.58it/s, Materializing param=model.layers.37.mamba.D]
Loading weights:  93%|███████████████████████████████████████████████████████████▎    | 432/466 [00:00<00:00, 541.58it/s, Materializing param=model.layers.37.mamba.D]
Loading weights:  93%|██████████████████████████████████████████████████▏   | 433/466 [00:00<00:00, 541.58it/s, Materializing param=model.layers.37.mamba.conv1d.bias]
Loading weights:  93%|██████████████████████████████████████████████████▏   | 433/466 [00:00<00:00, 541.58it/s, Materializing param=model.layers.37.mamba.conv1d.bias]
Loading weights:  93%|████████████████████████████████████████████████▍   | 434/466 [00:00<00:00, 541.58it/s, Materializing param=model.layers.37.mamba.conv1d.weight]
Loading weights:  93%|████████████████████████████████████████████████▍   | 434/466 [00:00<00:00, 541.58it/s, Materializing param=model.layers.37.mamba.conv1d.weight]
Loading weights:  93%|██████████████████████████████████████████████████████▏   | 435/466 [00:00<00:00, 541.58it/s, Materializing param=model.layers.37.mamba.dt_bias]
Loading weights:  93%|██████████████████████████████████████████████████████▏   | 435/466 [00:00<00:00, 541.58it/s, Materializing param=model.layers.37.mamba.dt_bias]
Loading weights:  94%|███████████████████████████████████████████████▋   | 436/466 [00:00<00:00, 541.58it/s, Materializing param=model.layers.37.mamba.in_proj.weight]
Loading weights:  94%|███████████████████████████████████████████████▋   | 436/466 [00:00<00:00, 541.58it/s, Materializing param=model.layers.37.mamba.in_proj.weight]
Loading weights:  94%|██████████████████████████████████████████████████▋   | 437/466 [00:00<00:00, 541.58it/s, Materializing param=model.layers.37.mamba.norm.weight]
Loading weights:  94%|██████████████████████████████████████████████████▋   | 437/466 [00:00<00:00, 541.58it/s, Materializing param=model.layers.37.mamba.norm.weight]
Loading weights:  94%|██████████████████████████████████████████████▉   | 438/466 [00:00<00:00, 541.58it/s, Materializing param=model.layers.37.mamba.out_proj.weight]
Loading weights:  94%|██████████████████████████████████████████████▉   | 438/466 [00:00<00:00, 541.58it/s, Materializing param=model.layers.37.mamba.out_proj.weight]
Loading weights:  94%|█████████████████████████████████████▋  | 439/466 [00:00<00:00, 541.58it/s, Materializing param=model.layers.37.post_attention_layernorm.weight]
Loading weights:  94%|█████████████████████████████████████▋  | 439/466 [00:00<00:00, 541.58it/s, Materializing param=model.layers.37.post_attention_layernorm.weight]
Loading weights:  94%|██████████████████████████████████████▋  | 440/466 [00:00<00:00, 541.58it/s, Materializing param=model.layers.37.shared_mlp.input_linear.weight]
Loading weights:  94%|██████████████████████████████████████▋  | 440/466 [00:00<00:00, 541.58it/s, Materializing param=model.layers.37.shared_mlp.input_linear.weight]
Loading weights:  95%|█████████████████████████████████████▊  | 441/466 [00:00<00:00, 541.58it/s, Materializing param=model.layers.37.shared_mlp.output_linear.weight]
Loading weights:  95%|█████████████████████████████████████▊  | 441/466 [00:00<00:00, 541.58it/s, Materializing param=model.layers.37.shared_mlp.output_linear.weight]
Loading weights:  95%|██████████████████████████████████████████████▍  | 442/466 [00:00<00:00, 541.58it/s, Materializing param=model.layers.38.input_layernorm.weight]
Loading weights:  95%|██████████████████████████████████████████████▍  | 442/466 [00:00<00:00, 541.58it/s, Materializing param=model.layers.38.input_layernorm.weight]
Loading weights:  95%|█████████████████████████████████████████████████████████   | 443/466 [00:00<00:00, 541.58it/s, Materializing param=model.layers.38.mamba.A_log]
Loading weights:  95%|█████████████████████████████████████████████████████████   | 443/466 [00:00<00:00, 541.58it/s, Materializing param=model.layers.38.mamba.A_log]
Loading weights:  95%|████████████████████████████████████████████████████████████▉   | 444/466 [00:00<00:00, 541.58it/s, Materializing param=model.layers.38.mamba.D]
Loading weights:  95%|████████████████████████████████████████████████████████████▉   | 444/466 [00:00<00:00, 541.58it/s, Materializing param=model.layers.38.mamba.D]
Loading weights:  95%|███████████████████████████████████████████████████▌  | 445/466 [00:00<00:00, 541.58it/s, Materializing param=model.layers.38.mamba.conv1d.bias]
Loading weights:  95%|███████████████████████████████████████████████████▌  | 445/466 [00:00<00:00, 541.58it/s, Materializing param=model.layers.38.mamba.conv1d.bias]
Loading weights:  96%|█████████████████████████████████████████████████▊  | 446/466 [00:00<00:00, 541.58it/s, Materializing param=model.layers.38.mamba.conv1d.weight]
Loading weights:  96%|█████████████████████████████████████████████████▊  | 446/466 [00:00<00:00, 541.58it/s, Materializing param=model.layers.38.mamba.conv1d.weight]
Loading weights:  96%|███████████████████████████████████████████████████████▋  | 447/466 [00:00<00:00, 541.58it/s, Materializing param=model.layers.38.mamba.dt_bias]
Loading weights:  96%|███████████████████████████████████████████████████████▋  | 447/466 [00:00<00:00, 541.58it/s, Materializing param=model.layers.38.mamba.dt_bias]
Loading weights:  96%|█████████████████████████████████████████████████  | 448/466 [00:00<00:00, 541.58it/s, Materializing param=model.layers.38.mamba.in_proj.weight]
Loading weights:  96%|█████████████████████████████████████████████████  | 448/466 [00:00<00:00, 541.58it/s, Materializing param=model.layers.38.mamba.in_proj.weight]
Loading weights:  96%|████████████████████████████████████████████████████  | 449/466 [00:00<00:00, 541.58it/s, Materializing param=model.layers.38.mamba.norm.weight]
Loading weights:  96%|████████████████████████████████████████████████████  | 449/466 [00:00<00:00, 541.58it/s, Materializing param=model.layers.38.mamba.norm.weight]
Loading weights:  97%|████████████████████████████████████████████████▎ | 450/466 [00:00<00:00, 541.58it/s, Materializing param=model.layers.38.mamba.out_proj.weight]
Loading weights:  97%|████████████████████████████████████████████████▎ | 450/466 [00:00<00:00, 541.58it/s, Materializing param=model.layers.38.mamba.out_proj.weight]
Loading weights:  97%|██████████████████████████████████████▋ | 451/466 [00:00<00:00, 541.58it/s, Materializing param=model.layers.38.post_attention_layernorm.weight]
Loading weights:  97%|██████████████████████████████████████▋ | 451/466 [00:00<00:00, 541.58it/s, Materializing param=model.layers.38.post_attention_layernorm.weight]
Loading weights:  97%|███████████████████████████████████████▊ | 452/466 [00:00<00:00, 541.58it/s, Materializing param=model.layers.38.shared_mlp.input_linear.weight]
Loading weights:  97%|███████████████████████████████████████▊ | 452/466 [00:00<00:00, 541.58it/s, Materializing param=model.layers.38.shared_mlp.input_linear.weight]
Loading weights:  97%|██████████████████████████████████████▉ | 453/466 [00:00<00:00, 541.58it/s, Materializing param=model.layers.38.shared_mlp.output_linear.weight]
Loading weights:  97%|██████████████████████████████████████▉ | 453/466 [00:00<00:00, 541.58it/s, Materializing param=model.layers.38.shared_mlp.output_linear.weight]
Loading weights:  97%|███████████████████████████████████████████████▋ | 454/466 [00:00<00:00, 541.58it/s, Materializing param=model.layers.39.input_layernorm.weight]
Loading weights:  97%|███████████████████████████████████████████████▋ | 454/466 [00:00<00:00, 541.58it/s, Materializing param=model.layers.39.input_layernorm.weight]
Loading weights:  98%|███████████████████████████████████████████████▊ | 455/466 [00:00<00:00, 523.62it/s, Materializing param=model.layers.39.input_layernorm.weight]
Loading weights:  98%|██████████████████████████████████████████████████████████▌ | 455/466 [00:00<00:00, 523.62it/s, Materializing param=model.layers.39.mamba.A_log]
Loading weights:  98%|██████████████████████████████████████████████████████████▌ | 455/466 [00:00<00:00, 523.62it/s, Materializing param=model.layers.39.mamba.A_log]
Loading weights:  98%|██████████████████████████████████████████████████████████████▋ | 456/466 [00:00<00:00, 523.62it/s, Materializing param=model.layers.39.mamba.D]
Loading weights:  98%|██████████████████████████████████████████████████████████████▋ | 456/466 [00:00<00:00, 523.62it/s, Materializing param=model.layers.39.mamba.D]
Loading weights:  98%|████████████████████████████████████████████████████▉ | 457/466 [00:00<00:00, 523.62it/s, Materializing param=model.layers.39.mamba.conv1d.bias]
Loading weights:  98%|████████████████████████████████████████████████████▉ | 457/466 [00:00<00:00, 523.62it/s, Materializing param=model.layers.39.mamba.conv1d.bias]
Loading weights:  98%|███████████████████████████████████████████████████ | 458/466 [00:00<00:00, 523.62it/s, Materializing param=model.layers.39.mamba.conv1d.weight]
Loading weights:  98%|███████████████████████████████████████████████████ | 458/466 [00:00<00:00, 523.62it/s, Materializing param=model.layers.39.mamba.conv1d.weight]
Loading weights:  98%|█████████████████████████████████████████████████████████▏| 459/466 [00:00<00:00, 523.62it/s, Materializing param=model.layers.39.mamba.dt_bias]
Loading weights:  98%|█████████████████████████████████████████████████████████▏| 459/466 [00:00<00:00, 523.62it/s, Materializing param=model.layers.39.mamba.dt_bias]
Loading weights:  99%|██████████████████████████████████████████████████▎| 460/466 [00:00<00:00, 523.62it/s, Materializing param=model.layers.39.mamba.in_proj.weight]
Loading weights:  99%|██████████████████████████████████████████████████▎| 460/466 [00:00<00:00, 523.62it/s, Materializing param=model.layers.39.mamba.in_proj.weight]
Loading weights:  99%|█████████████████████████████████████████████████████▍| 461/466 [00:00<00:00, 523.62it/s, Materializing param=model.layers.39.mamba.norm.weight]
Loading weights:  99%|█████████████████████████████████████████████████████▍| 461/466 [00:00<00:00, 523.62it/s, Materializing param=model.layers.39.mamba.norm.weight]
Loading weights:  99%|█████████████████████████████████████████████████▌| 462/466 [00:00<00:00, 523.62it/s, Materializing param=model.layers.39.mamba.out_proj.weight]
Loading weights:  99%|█████████████████████████████████████████████████▌| 462/466 [00:00<00:00, 523.62it/s, Materializing param=model.layers.39.mamba.out_proj.weight]
Loading weights:  99%|███████████████████████████████████████▋| 463/466 [00:00<00:00, 523.62it/s, Materializing param=model.layers.39.post_attention_layernorm.weight]
Loading weights:  99%|███████████████████████████████████████▋| 463/466 [00:00<00:00, 523.62it/s, Materializing param=model.layers.39.post_attention_layernorm.weight]
Loading weights: 100%|████████████████████████████████████████▊| 464/466 [00:00<00:00, 523.62it/s, Materializing param=model.layers.39.shared_mlp.input_linear.weight]
Loading weights: 100%|████████████████████████████████████████▊| 464/466 [00:00<00:00, 523.62it/s, Materializing param=model.layers.39.shared_mlp.input_linear.weight]
Loading weights: 100%|███████████████████████████████████████▉| 465/466 [00:00<00:00, 523.62it/s, Materializing param=model.layers.39.shared_mlp.output_linear.weight]
Loading weights: 100%|███████████████████████████████████████▉| 465/466 [00:00<00:00, 523.62it/s, Materializing param=model.layers.39.shared_mlp.output_linear.weight]
Loading weights: 100%|██████████████████████████████████████████████████████████████████████| 466/466 [00:00<00:00, 523.62it/s, Materializing param=model.norm.weight]
Loading weights: 100%|██████████████████████████████████████████████████████████████████████| 466/466 [00:00<00:00, 523.62it/s, Materializing param=model.norm.weight]
Loading weights: 100%|██████████████████████████████████████████████████████████████████████| 466/466 [00:00<00:00, 535.15it/s, Materializing param=model.norm.weight]
16:50:04 INFO: HTTP Request: HEAD https://huggingface.co/ibm-granite/granite-4.0-h-micro/resolve/main/generation_config.json "HTTP/1.1 307 Temporary Redirect"
16:50:05 INFO: HTTP Request: HEAD https://huggingface.co/api/resolve-cache/models/ibm-granite/granite-4.0-h-micro/d5f01a3ea75f088947be3aae039f4ad52837dfde/generation_config.json "HTTP/1.1 200 OK"
16:50:05 INFO: HTTP Request: HEAD https://huggingface.co/ibm-granite/granite-4.0-h-micro/resolve/main/custom_generate/generate.py "HTTP/1.1 404 Not Found"
16:50:05 INFO: HTTP Request: HEAD https://huggingface.co/ibm-granite/granite-4.0-h-micro/resolve/main/config.json "HTTP/1.1 307 Temporary Redirect"
16:50:05 INFO: HTTP Request: HEAD https://huggingface.co/api/resolve-cache/models/ibm-granite/granite-4.0-h-micro/d5f01a3ea75f088947be3aae039f4ad52837dfde/config.json "HTTP/1.1 200 OK"
16:50:05 INFO: HTTP Request: HEAD https://huggingface.co/ibm-granite/granite-4.0-h-micro/resolve/main/tokenizer_config.json "HTTP/1.1 307 Temporary Redirect"
16:50:05 INFO: HTTP Request: HEAD https://huggingface.co/api/resolve-cache/models/ibm-granite/granite-4.0-h-micro/d5f01a3ea75f088947be3aae039f4ad52837dfde/tokenizer_config.json "HTTP/1.1 200 OK"
16:50:05 INFO: HTTP Request: GET https://huggingface.co/api/models/ibm-granite/granite-4.0-h-micro/tree/main/additional_chat_templates?recursive=false&expand=false "HTTP/1.1 404 Not Found"
16:50:05 INFO: HTTP Request: GET https://huggingface.co/api/models/ibm-granite/granite-4.0-h-micro/tree/main?recursive=true&expand=false "HTTP/1.1 200 OK"
16:50:05 INFO: HTTP Request: GET https://huggingface.co/api/models/ibm-granite/granite-4.0-h-micro "HTTP/1.1 200 OK"

--- SSM Core Training ---
Unfrozen 108 SSM core parameters (6,912 values)
  base_model.model.model.layers.0.mamba.dt_bias: shape=[64], numel=64
  base_model.model.model.layers.0.mamba.A_log: shape=[64], numel=64
  base_model.model.model.layers.0.mamba.D: shape=[64], numel=64
  base_model.model.model.layers.1.mamba.dt_bias: shape=[64], numel=64
  base_model.model.model.layers.1.mamba.A_log: shape=[64], numel=64
  base_model.model.model.layers.1.mamba.D: shape=[64], numel=64
  base_model.model.model.layers.2.mamba.dt_bias: shape=[64], numel=64
  base_model.model.model.layers.2.mamba.A_log: shape=[64], numel=64
  base_model.model.model.layers.2.mamba.D: shape=[64], numel=64
  ... and 99 more

trainable params: 28,830,464 || all params: 3,220,219,648 || trainable%: 0.8953
============================================================
Granite 4.0-H-Micro Layer Coverage Report
============================================================
Total layers: 40 (4 Transformer + 36 Mamba-2)

Transformer attention layers: 4
  └─ LoRA applied: q_proj, k_proj, v_proj, o_proj ✓

Mamba-2 layers: 36
  └─ LoRA applied: in_proj, out_proj ✓
  └─ SSM core unfrozen: A_log, D, dt_bias ✓
      Shape: [num_heads=64] per param (Mamba-2 SSD scalar constraint)
      Total SSM core params: 6,912

MLP layers (shared across all 40 layers):
  └─ LoRA applied: input_linear, output_linear ✓

------------------------------------------------------------
Parameter Budget
------------------------------------------------------------
  LoRA adapter params:        28,823,552
  SSM core params:                 6,912
  Frozen params:            3,191,389,184
  ─────────────────────────────────────
  Total model params:       3,220,219,648
  Total trainable:            28,830,464 (0.90%)

Frozen layer categories:
  • MLP base weights (LoRA adapts these)
  • Mamba projection base weights (LoRA adapts these)
  • attention base weights (LoRA adapts these)
  • conv1d (Mamba convolution)
  • embed_tokens (embedding layer)
  • layer norms

============================================================
End Coverage Report
============================================================

Saved to: /workspace/output_v4/assessos-mapping-20260228_165003/layer_coverage_report.txt

--- SSM Parameter Snapshot (before) ---
  base_model.model.model.layers.0.mamba.A_log: mean=0.098756, std=0.206946, min=-0.652344, max=0.601562
  base_model.model.model.layers.0.mamba.D: mean=0.044150, std=0.024491, min=-0.071777, max=0.075195
  base_model.model.model.layers.0.mamba.dt_bias: mean=-4.106201, std=2.611501, min=-11.437500, max=4.312500
  base_model.model.model.layers.1.mamba.A_log: mean=-0.020718, std=0.108430, min=-0.213867, max=0.480469
  base_model.model.model.layers.1.mamba.D: mean=0.044446, std=0.032388, min=0.000637, max=0.171875
  base_model.model.model.layers.1.mamba.dt_bias: mean=-0.994232, std=0.723481, min=-3.843750, max=0.718750
  base_model.model.model.layers.2.mamba.A_log: mean=0.014685, std=0.082281, min=-0.214844, max=0.211914
  base_model.model.model.layers.2.mamba.D: mean=0.024451, std=0.007436, min=0.006012, max=0.052979
  base_model.model.model.layers.2.mamba.dt_bias: mean=-6.320312, std=1.822878, min=-13.312500, max=-1.468750
warmup_ratio is deprecated and will be removed in v5.2. Use `warmup_steps` instead.
16:50:06 WARNING: Padding-free training is enabled, but the attention implementation is not set to a supported flash attention variant. Padding-free training flattens batches into a single sequence, and only the following implementations are known to reliably support this: flash_attention_2, flash_attention_3, kernels-community/flash-attn2, kernels-community/flash-attn3, kernels-community/vllm-flash-attn3. Using other implementations may lead to unexpected behavior. To ensure compatibility, set `attn_implementation` in the model configuration to one of these supported options or verify that your attention mechanism can handle flattened sequences.
16:50:06 WARNING: You are using packing, but the attention implementation is not set to a supported flash attention variant. Packing gathers multiple samples into a single sequence, and only the following implementations are known to reliably support this: flash_attention_2, flash_attention_3, kernels-community/flash-attn2, kernels-community/flash-attn3, kernels-community/vllm-flash-attn3. Using other implementations may lead to cross-contamination between samples. To avoid this, either disable packing by setting `packing=False`, or set `attn_implementation` in the model configuration to one of these supported options.

Adding EOS to train dataset:   0%|                                                                                                   | 0/13699 [00:00<?, ? examples/s]
Adding EOS to train dataset:  47%|████████████████████████████████████████▎                                            | 6497/13699 [00:00<00:00, 64820.31 examples/s]
Adding EOS to train dataset:  96%|████████████████████████████████████████████████████████████████████████████████▍   | 13109/13699 [00:00<00:00, 65575.87 examples/s]
Adding EOS to train dataset: 100%|████████████████████████████████████████████████████████████████████████████████████| 13699/13699 [00:00<00:00, 65373.97 examples/s]

Tokenizing train dataset:   0%|                                                                                                      | 0/13699 [00:00<?, ? examples/s]
Tokenizing train dataset:   3%|██▊                                                                                       | 425/13699 [00:00<00:03, 4221.24 examples/s]
Tokenizing train dataset:   6%|█████▊                                                                                    | 884/13699 [00:00<00:02, 4433.60 examples/s]
Tokenizing train dataset:  11%|█████████▌                                                                               | 1480/13699 [00:00<00:02, 4172.39 examples/s]
Tokenizing train dataset:  14%|████████████▌                                                                            | 1942/13699 [00:00<00:02, 4323.35 examples/s]
Tokenizing train dataset:  19%|████████████████▍                                                                        | 2537/13699 [00:00<00:02, 4167.99 examples/s]
Tokenizing train dataset:  22%|███████████████████▎                                                                     | 2981/13699 [00:00<00:02, 4242.84 examples/s]
Tokenizing train dataset:  26%|███████████████████████▎                                                                 | 3587/13699 [00:00<00:02, 4162.69 examples/s]
Tokenizing train dataset:  31%|███████████████████████████▍                                                             | 4218/13699 [00:01<00:02, 4088.39 examples/s]
Tokenizing train dataset:  34%|██████████████████████████████▍                                                          | 4681/13699 [00:01<00:02, 4219.16 examples/s]
Tokenizing train dataset:  39%|██████████████████████████████████▎                                                      | 5275/13699 [00:01<00:02, 4127.14 examples/s]
Tokenizing train dataset:  42%|█████████████████████████████████████▏                                                   | 5718/13699 [00:01<00:01, 4201.11 examples/s]
Tokenizing train dataset:  46%|█████████████████████████████████████████                                                | 6324/13699 [00:01<00:01, 4142.13 examples/s]
Tokenizing train dataset:  49%|███████████████████████████████████████████▉                                             | 6755/13699 [00:01<00:01, 4181.93 examples/s]
Tokenizing train dataset:  53%|███████████████████████████████████████████████▌                                         | 7322/13699 [00:01<00:01, 4037.54 examples/s]
Tokenizing train dataset:  57%|██████████████████████████████████████████████████▍                                      | 7766/13699 [00:01<00:01, 4135.28 examples/s]
Tokenizing train dataset:  61%|██████████████████████████████████████████████████████▏                                  | 8345/13699 [00:02<00:01, 4035.89 examples/s]
Tokenizing train dataset:  64%|█████████████████████████████████████████████████████████                                | 8792/13699 [00:02<00:01, 4141.93 examples/s]
Tokenizing train dataset:  69%|█████████████████████████████████████████████████████████████                            | 9408/13699 [00:02<00:01, 4023.53 examples/s]
Tokenizing train dataset:  72%|███████████████████████████████████████████████████████████████▉                         | 9832/13699 [00:02<00:00, 4072.59 examples/s]
Tokenizing train dataset:  76%|██████████████████████████████████████████████████████████████████▉                     | 10416/13699 [00:02<00:00, 3949.66 examples/s]
Tokenizing train dataset:  79%|█████████████████████████████████████████████████████████████████████▋                  | 10854/13699 [00:02<00:00, 4052.67 examples/s]
Tokenizing train dataset:  83%|█████████████████████████████████████████████████████████████████████████▎              | 11414/13699 [00:02<00:00, 3937.27 examples/s]
Tokenizing train dataset:  87%|████████████████████████████████████████████████████████████████████████████▏           | 11855/13699 [00:02<00:00, 4051.91 examples/s]
Tokenizing train dataset:  91%|███████████████████████████████████████████████████████████████████████████████▋        | 12409/13699 [00:03<00:00, 3909.81 examples/s]
Tokenizing train dataset:  94%|██████████████████████████████████████████████████████████████████████████████████▌     | 12843/13699 [00:03<00:00, 4014.03 examples/s]
Tokenizing train dataset:  98%|██████████████████████████████████████████████████████████████████████████████████████  | 13404/13699 [00:03<00:00, 3881.40 examples/s]
Tokenizing train dataset: 100%|████████████████████████████████████████████████████████████████████████████████████████| 13699/13699 [00:03<00:00, 4058.20 examples/s]

Packing train dataset:   0%|                                                                                                         | 0/13699 [00:00<?, ? examples/s]
Packing train dataset:  95%|████████████████████████████████████████████████████████████████████████████████████▍    | 13000/13699 [00:00<00:00, 125338.08 examples/s]
Packing train dataset: 100%|█████████████████████████████████████████████████████████████████████████████████████████| 13699/13699 [00:00<00:00, 125242.54 examples/s]

Adding EOS to eval dataset:   0%|                                                                                                     | 0/1523 [00:00<?, ? examples/s]
Adding EOS to eval dataset: 100%|███████████████████████████████████████████████████████████████████████████████████████| 1523/1523 [00:00<00:00, 64113.26 examples/s]

Tokenizing eval dataset:   0%|                                                                                                        | 0/1523 [00:00<?, ? examples/s]
Tokenizing eval dataset:  28%|█████████████████████████▎                                                                  | 420/1523 [00:00<00:00, 4166.67 examples/s]
Tokenizing eval dataset:  57%|████████████████████████████████████████████████████                                        | 861/1523 [00:00<00:00, 4307.58 examples/s]
Tokenizing eval dataset:  96%|██████████████████████████████████████████████████████████████████████████████████████▉    | 1455/1523 [00:00<00:00, 4107.74 examples/s]
Tokenizing eval dataset: 100%|███████████████████████████████████████████████████████████████████████████████████████████| 1523/1523 [00:00<00:00, 4055.62 examples/s]

Packing eval dataset:   0%|                                                                                                           | 0/1523 [00:00<?, ? examples/s]
Packing eval dataset: 100%|████████████████████████████████████████████████████████████████████████████████████████████| 1523/1523 [00:00<00:00, 130042.04 examples/s]
16:50:11 INFO: Starting training for task 'mapping'...

  0%|                                                                                                                                         | 0/273 [00:00<?, ?it/s]
  0%|▍                                                                                                                              | 1/273 [00:20<1:31:00, 20.08s/it]
  1%|▉                                                                                                                                | 2/273 [00:26<54:28, 12.06s/it]
  1%|█▍                                                                                                                               | 3/273 [00:32<42:17,  9.40s/it]
  1%|█▉                                                                                                                               | 4/273 [00:39<36:34,  8.16s/it]
  2%|██▎                                                                                                                              | 5/273 [00:45<33:19,  7.46s/it]
  2%|██▊                                                                                                                              | 6/273 [00:51<31:09,  7.00s/it]
  3%|███▎                                                                                                                             | 7/273 [00:57<29:56,  6.75s/it]
  3%|███▊                                                                                                                             | 8/273 [01:03<29:07,  6.59s/it]
  3%|████▎                                                                                                                            | 9/273 [01:10<28:31,  6.48s/it]
  4%|████▋                                                                                                                           | 10/273 [01:16<28:08,  6.42s/it]
                                                                                                                                                                      
{'loss': '1.904', 'grad_norm': '5.836', 'learning_rate': '0.0001059', 'entropy': '0.6884', 'num_tokens': '4.049e+05', 'mean_token_accuracy': '0.7543', 'epoch': '0.1099'}

  4%|████▋                                                                                                                           | 10/273 [01:16<28:08,  6.42s/it]
  4%|█████▏                                                                                                                          | 11/273 [01:22<27:48,  6.37s/it]
  4%|█████▋                                                                                                                          | 12/273 [01:28<27:32,  6.33s/it]
  5%|██████                                                                                                                          | 13/273 [01:35<27:31,  6.35s/it]
  5%|██████▌                                                                                                                         | 14/273 [01:41<27:29,  6.37s/it]
  5%|███████                                                                                                                         | 15/273 [01:47<27:08,  6.31s/it]
  6%|███████▌                                                                                                                        | 16/273 [01:54<26:56,  6.29s/it]
  6%|███████▉                                                                                                                        | 17/273 [02:00<26:48,  6.28s/it]
  7%|████████▍                                                                                                                       | 18/273 [02:06<26:38,  6.27s/it]
  7%|████████▉                                                                                                                       | 19/273 [02:12<26:31,  6.27s/it]
  7%|█████████▍                                                                                                                      | 20/273 [02:18<26:05,  6.19s/it]
                                                                                                                                                                      
{'loss': '0.7387', 'grad_norm': '0.9531', 'learning_rate': '0.0002', 'entropy': '0.556', 'num_tokens': '8.092e+05', 'mean_token_accuracy': '0.8616', 'epoch': '0.2198'}

  7%|█████████▍                                                                                                                      | 20/273 [02:18<26:05,  6.19s/it]
  8%|█████████▊                                                                                                                      | 21/273 [02:25<26:05,  6.21s/it]
  8%|██████████▎                                                                                                                     | 22/273 [02:31<26:01,  6.22s/it]
  8%|██████████▊                                                                                                                     | 23/273 [02:37<25:46,  6.19s/it]
  9%|███████████▎                                                                                                                    | 24/273 [02:43<25:48,  6.22s/it]
  9%|███████████▋                                                                                                                    | 25/273 [02:49<25:22,  6.14s/it]
 10%|████████████▏                                                                                                                   | 26/273 [02:55<25:21,  6.16s/it]
 10%|████████████▋                                                                                                                   | 27/273 [03:02<25:24,  6.20s/it]
 10%|█████████████▏                                                                                                                  | 28/273 [03:08<25:22,  6.21s/it]
 11%|█████████████▌                                                                                                                  | 29/273 [03:14<25:19,  6.23s/it]
 11%|██████████████                                                                                                                  | 30/273 [03:20<25:15,  6.24s/it]
                                                                                                                                                                      
{'loss': '0.5503', 'grad_norm': '0.5518', 'learning_rate': '0.0001989', 'entropy': '0.5794', 'num_tokens': '1.212e+06', 'mean_token_accuracy': '0.8827', 'epoch': '0.3297'}

 11%|██████████████                                                                                                                  | 30/273 [03:20<25:15,  6.24s/it]
 11%|██████████████▌                                                                                                                 | 31/273 [03:27<25:08,  6.23s/it]
 12%|███████████████                                                                                                                 | 32/273 [03:33<25:04,  6.24s/it]
 12%|███████████████▍                                                                                                                | 33/273 [03:39<24:59,  6.25s/it]
 12%|███████████████▉                                                                                                                | 34/273 [03:45<24:53,  6.25s/it]
 13%|████████████████▍                                                                                                               | 35/273 [03:52<24:39,  6.22s/it]
 13%|████████████████▉                                                                                                               | 36/273 [03:58<24:38,  6.24s/it]
 14%|█████████████████▎                                                                                                              | 37/273 [04:04<24:30,  6.23s/it]
 14%|█████████████████▊                                                                                                              | 38/273 [04:10<24:26,  6.24s/it]
 14%|██████████████████▎                                                                                                             | 39/273 [04:17<24:21,  6.25s/it]
 15%|██████████████████▊                                                                                                             | 40/273 [04:23<24:14,  6.24s/it]
                                                                                                                                                                      
{'loss': '0.4858', 'grad_norm': '0.3799', 'learning_rate': '0.0001964', 'entropy': '0.5327', 'num_tokens': '1.617e+06', 'mean_token_accuracy': '0.8922', 'epoch': '0.4396'}

 15%|██████████████████▊                                                                                                             | 40/273 [04:23<24:14,  6.24s/it]
 15%|███████████████████▏                                                                                                            | 41/273 [04:29<24:09,  6.25s/it]
 15%|███████████████████▋                                                                                                            | 42/273 [04:35<24:02,  6.25s/it]
 16%|████████████████████▏                                                                                                           | 43/273 [04:42<23:57,  6.25s/it]
 16%|████████████████████▋                                                                                                           | 44/273 [04:48<23:50,  6.25s/it]
 16%|█████████████████████                                                                                                           | 45/273 [04:54<23:43,  6.24s/it]
 17%|█████████████████████▌                                                                                                          | 46/273 [05:00<23:41,  6.26s/it]
 17%|██████████████████████                                                                                                          | 47/273 [05:07<23:31,  6.25s/it]
 18%|██████████████████████▌                                                                                                         | 48/273 [05:13<23:26,  6.25s/it]
 18%|██████████████████████▉                                                                                                         | 49/273 [05:19<23:19,  6.25s/it]
 18%|███████████████████████▍                                                                                                        | 50/273 [05:25<23:12,  6.25s/it]
                                                                                                                                                                      
{'loss': '0.4368', 'grad_norm': '0.5768', 'learning_rate': '0.0001924', 'entropy': '0.4833', 'num_tokens': '2.023e+06', 'mean_token_accuracy': '0.905', 'epoch': '0.5495'}

 18%|███████████████████████▍                                                                                                        | 50/273 [05:25<23:12,  6.25s/it]

  0%|                                                                                                                                          | 0/11 [00:00<?, ?it/s][A

 18%|███████████████████████▋                                                                                                          | 2/11 [00:02<00:09,  1.06s/it][A

 27%|███████████████████████████████████▍                                                                                              | 3/11 [00:04<00:12,  1.56s/it][A

 36%|███████████████████████████████████████████████▎                                                                                  | 4/11 [00:06<00:12,  1.77s/it][A

 45%|███████████████████████████████████████████████████████████                                                                       | 5/11 [00:08<00:11,  1.90s/it][A

 55%|██████████████████████████████████████████████████████████████████████▉                                                           | 6/11 [00:10<00:09,  1.97s/it][A

 64%|██████████████████████████████████████████████████████████████████████████████████▋                                               | 7/11 [00:12<00:08,  2.01s/it][A

 73%|██████████████████████████████████████████████████████████████████████████████████████████████▌                                   | 8/11 [00:15<00:06,  2.05s/it][A

 82%|██████████████████████████████████████████████████████████████████████████████████████████████████████████▎                       | 9/11 [00:17<00:04,  2.08s/it][A

 91%|█████████████████████████████████████████████████████████████████████████████████████████████████████████████████████▎           | 10/11 [00:19<00:02,  2.09s/it][A

100%|█████████████████████████████████████████████████████████████████████████████████████████████████████████████████████████████████| 11/11 [00:19<00:00,  1.57s/it][A
                                                                                                                                                                      

                                                                                                                                                                      
[A{'eval_loss': '0.3731', 'eval_runtime': '21.81', 'eval_samples_per_second': '15.04', 'eval_steps_per_second': '0.504', 'eval_entropy': '0.4239', 'eval_num_tokens': '2.023e+06', 'eval_mean_token_accuracy': '0.9156', 'epoch': '0.5495'}

 18%|███████████████████████▍                                                                                                        | 50/273 [05:47<23:12,  6.25s/it]

100%|█████████████████████████████████████████████████████████████████████████████████████████████████████████████████████████████████| 11/11 [00:19<00:00,  1.57s/it][A

                                                                                                                                                                      [A
 19%|███████████████████████▉                                                                                                        | 51/273 [05:53<47:20, 12.80s/it]
 19%|████████████████████████▍                                                                                                       | 52/273 [06:00<39:54, 10.84s/it]
 19%|████████████████████████▊                                                                                                       | 53/273 [06:06<34:41,  9.46s/it]
 20%|█████████████████████████▎                                                                                                      | 54/273 [06:12<30:59,  8.49s/it]
 20%|█████████████████████████▊                                                                                                      | 55/273 [06:18<28:25,  7.82s/it]
 21%|██████████████████████████▎                                                                                                     | 56/273 [06:25<26:35,  7.35s/it]
 21%|██████████████████████████▋                                                                                                     | 57/273 [06:31<24:54,  6.92s/it]
 21%|███████████████████████████▏                                                                                                    | 58/273 [06:37<23:53,  6.67s/it]
 22%|███████████████████████████▋                                                                                                    | 59/273 [06:43<23:11,  6.50s/it]
 22%|████████████████████████████▏                                                                                                   | 60/273 [06:49<22:49,  6.43s/it]
                                                                                                                                                                      
{'loss': '0.3959', 'grad_norm': '0.715', 'learning_rate': '0.000187', 'entropy': '0.4483', 'num_tokens': '2.425e+06', 'mean_token_accuracy': '0.9111', 'epoch': '0.6593'}

 22%|████████████████████████████▏                                                                                                   | 60/273 [06:49<22:49,  6.43s/it]
 22%|████████████████████████████▌                                                                                                   | 61/273 [06:55<22:32,  6.38s/it]
 23%|█████████████████████████████                                                                                                   | 62/273 [07:02<22:16,  6.33s/it]
 23%|█████████████████████████████▌                                                                                                  | 63/273 [07:08<22:04,  6.31s/it]
 23%|██████████████████████████████                                                                                                  | 64/273 [07:14<21:55,  6.29s/it]
 24%|██████████████████████████████▍                                                                                                 | 65/273 [07:20<21:44,  6.27s/it]
 24%|██████████████████████████████▉                                                                                                 | 66/273 [07:27<21:36,  6.26s/it]
 25%|███████████████████████████████▍                                                                                                | 67/273 [07:33<21:29,  6.26s/it]
 25%|███████████████████████████████▉                                                                                                | 68/273 [07:39<21:24,  6.27s/it]
 25%|████████████████████████████████▎                                                                                               | 69/273 [07:45<21:19,  6.27s/it]
 26%|████████████████████████████████▊                                                                                               | 70/273 [07:52<21:13,  6.27s/it]
                                                                                                                                                                      
{'loss': '0.3565', 'grad_norm': '0.4146', 'learning_rate': '0.0001803', 'entropy': '0.4039', 'num_tokens': '2.831e+06', 'mean_token_accuracy': '0.9182', 'epoch': '0.7692'}

 26%|████████████████████████████████▊                                                                                               | 70/273 [07:52<21:13,  6.27s/it]
 26%|█████████████████████████████████▎                                                                                              | 71/273 [07:58<21:04,  6.26s/it]
 26%|█████████████████████████████████▊                                                                                              | 72/273 [08:04<20:58,  6.26s/it]
 27%|██████████████████████████████████▏                                                                                             | 73/273 [08:10<20:49,  6.25s/it]
 27%|██████████████████████████████████▋                                                                                             | 74/273 [08:17<20:43,  6.25s/it]
 27%|███████████████████████████████████▏                                                                                            | 75/273 [08:23<20:37,  6.25s/it]
 28%|███████████████████████████████████▋                                                                                            | 76/273 [08:29<20:31,  6.25s/it]
 28%|████████████████████████████████████                                                                                            | 77/273 [08:35<20:25,  6.25s/it]
 29%|████████████████████████████████████▌                                                                                           | 78/273 [08:42<20:19,  6.25s/it]
 29%|█████████████████████████████████████                                                                                           | 79/273 [08:48<20:11,  6.25s/it]
 29%|█████████████████████████████████████▌                                                                                          | 80/273 [08:54<20:03,  6.24s/it]
                                                                                                                                                                      
{'loss': '0.3291', 'grad_norm': '0.3525', 'learning_rate': '0.0001724', 'entropy': '0.3854', 'num_tokens': '3.236e+06', 'mean_token_accuracy': '0.9229', 'epoch': '0.8791'}

 29%|█████████████████████████████████████▌                                                                                          | 80/273 [08:54<20:03,  6.24s/it]
 30%|█████████████████████████████████████▉                                                                                          | 81/273 [09:00<19:58,  6.24s/it]
 30%|██████████████████████████████████████▍                                                                                         | 82/273 [09:07<19:53,  6.25s/it]
 30%|██████████████████████████████████████▉                                                                                         | 83/273 [09:13<19:46,  6.25s/it]
 31%|███████████████████████████████████████▍                                                                                        | 84/273 [09:19<19:41,  6.25s/it]
 31%|███████████████████████████████████████▊                                                                                        | 85/273 [09:25<19:36,  6.26s/it]
 32%|████████████████████████████████████████▎                                                                                       | 86/273 [09:32<19:31,  6.26s/it]
 32%|████████████████████████████████████████▊                                                                                       | 87/273 [09:38<19:25,  6.26s/it]
 32%|█████████████████████████████████████████▎                                                                                      | 88/273 [09:44<19:16,  6.25s/it]
 33%|█████████████████████████████████████████▋                                                                                      | 89/273 [09:50<19:09,  6.24s/it]
 33%|██████████████████████████████████████████▏                                                                                     | 90/273 [09:57<19:01,  6.24s/it]
                                                                                                                                                                      
{'loss': '0.302', 'grad_norm': '0.4948', 'learning_rate': '0.0001634', 'entropy': '0.3573', 'num_tokens': '3.641e+06', 'mean_token_accuracy': '0.9287', 'epoch': '0.989'}

 33%|██████████████████████████████████████████▏                                                                                     | 90/273 [09:57<19:01,  6.24s/it]
 33%|██████████████████████████████████████████▋                                                                                     | 91/273 [10:02<17:47,  5.86s/it]
 34%|███████████████████████████████████████████▏                                                                                    | 92/273 [10:08<18:04,  5.99s/it]
 34%|███████████████████████████████████████████▌                                                                                    | 93/273 [10:14<18:12,  6.07s/it]
 34%|████████████████████████████████████████████                                                                                    | 94/273 [10:20<18:16,  6.13s/it]
 35%|████████████████████████████████████████████▌                                                                                   | 95/273 [10:27<18:13,  6.14s/it]
 35%|█████████████████████████████████████████████                                                                                   | 96/273 [10:33<18:11,  6.17s/it]
 36%|█████████████████████████████████████████████▍                                                                                  | 97/273 [10:39<18:11,  6.20s/it]
 36%|█████████████████████████████████████████████▉                                                                                  | 98/273 [10:45<18:08,  6.22s/it]
 36%|██████████████████████████████████████████████▍                                                                                 | 99/273 [10:52<18:04,  6.23s/it]
 37%|██████████████████████████████████████████████▌                                                                                | 100/273 [10:58<17:50,  6.19s/it]
                                                                                                                                                                      
{'loss': '0.2638', 'grad_norm': '0.3458', 'learning_rate': '0.0001535', 'entropy': '0.3241', 'num_tokens': '4.038e+06', 'mean_token_accuracy': '0.9369', 'epoch': '1.099'}

 37%|██████████████████████████████████████████████▌                                                                                | 100/273 [10:58<17:50,  6.19s/it]

  0%|                                                                                                                                          | 0/11 [00:00<?, ?it/s][A

 18%|███████████████████████▋                                                                                                          | 2/11 [00:02<00:09,  1.06s/it][A

 27%|███████████████████████████████████▍                                                                                              | 3/11 [00:04<00:12,  1.51s/it][A

 36%|███████████████████████████████████████████████▎                                                                                  | 4/11 [00:06<00:12,  1.74s/it][A

 45%|███████████████████████████████████████████████████████████                                                                       | 5/11 [00:08<00:11,  1.88s/it][A

 55%|██████████████████████████████████████████████████████████████████████▉                                                           | 6/11 [00:10<00:09,  1.96s/it][A

 64%|██████████████████████████████████████████████████████████████████████████████████▋                                               | 7/11 [00:12<00:08,  2.00s/it][A

 73%|██████████████████████████████████████████████████████████████████████████████████████████████▌                                   | 8/11 [00:14<00:06,  2.05s/it][A

 82%|██████████████████████████████████████████████████████████████████████████████████████████████████████████▎                       | 9/11 [00:17<00:04,  2.07s/it][A

 91%|█████████████████████████████████████████████████████████████████████████████████████████████████████████████████████▎           | 10/11 [00:19<00:02,  2.08s/it][A

100%|█████████████████████████████████████████████████████████████████████████████████████████████████████████████████████████████████| 11/11 [00:19<00:00,  1.57s/it][A
                                                                                                                                                                      

                                                                                                                                                                      
[A{'eval_loss': '0.2535', 'eval_runtime': '21.69', 'eval_samples_per_second': '15.12', 'eval_steps_per_second': '0.507', 'eval_entropy': '0.2938', 'eval_num_tokens': '4.038e+06', 'eval_mean_token_accuracy': '0.9384', 'epoch': '1.099'}

 37%|██████████████████████████████████████████████▌                                                                                | 100/273 [11:19<17:50,  6.19s/it]

100%|█████████████████████████████████████████████████████████████████████████████████████████████████████████████████████████████████| 11/11 [00:19<00:00,  1.57s/it][A

                                                                                                                                                                      [A
 37%|██████████████████████████████████████████████▉                                                                                | 101/273 [11:26<36:23, 12.69s/it]
 37%|███████████████████████████████████████████████▍                                                                               | 102/273 [11:32<30:38, 10.75s/it]
 38%|███████████████████████████████████████████████▉                                                                               | 103/273 [11:38<26:37,  9.40s/it]
 38%|████████████████████████████████████████████████▍                                                                              | 104/273 [11:44<23:50,  8.47s/it]
 38%|████████████████████████████████████████████████▊                                                                              | 105/273 [11:51<21:51,  7.80s/it]
 39%|█████████████████████████████████████████████████▎                                                                             | 106/273 [11:57<20:24,  7.33s/it]
 39%|█████████████████████████████████████████████████▊                                                                             | 107/273 [12:03<19:21,  7.00s/it]
 40%|██████████████████████████████████████████████████▏                                                                            | 108/273 [12:09<18:39,  6.78s/it]
 40%|██████████████████████████████████████████████████▋                                                                            | 109/273 [12:16<18:06,  6.63s/it]
 40%|███████████████████████████████████████████████████▏                                                                           | 110/273 [12:22<17:40,  6.51s/it]
                                                                                                                                                                      
{'loss': '0.2522', 'grad_norm': '0.4508', 'learning_rate': '0.0001428', 'entropy': '0.3107', 'num_tokens': '4.443e+06', 'mean_token_accuracy': '0.9396', 'epoch': '1.209'}

 40%|███████████████████████████████████████████████████▏                                                                           | 110/273 [12:22<17:40,  6.51s/it]
 41%|███████████████████████████████████████████████████▋                                                                           | 111/273 [12:28<17:23,  6.44s/it]
 41%|████████████████████████████████████████████████████                                                                           | 112/273 [12:34<17:08,  6.39s/it]
 41%|████████████████████████████████████████████████████▌                                                                          | 113/273 [12:41<16:56,  6.35s/it]
 42%|█████████████████████████████████████████████████████                                                                          | 114/273 [12:47<16:44,  6.32s/it]
 42%|█████████████████████████████████████████████████████▍                                                                         | 115/273 [12:53<16:35,  6.30s/it]
 42%|█████████████████████████████████████████████████████▉                                                                         | 116/273 [12:59<16:26,  6.28s/it]
 43%|██████████████████████████████████████████████████████▍                                                                        | 117/273 [13:06<16:18,  6.27s/it]
 43%|██████████████████████████████████████████████████████▉                                                                        | 118/273 [13:12<16:11,  6.27s/it]
 44%|███████████████████████████████████████████████████████▎                                                                       | 119/273 [13:18<16:04,  6.26s/it]
 44%|███████████████████████████████████████████████████████▊                                                                       | 120/273 [13:24<15:58,  6.26s/it]
                                                                                                                                                                      
{'loss': '0.2408', 'grad_norm': '0.3484', 'learning_rate': '0.0001314', 'entropy': '0.301', 'num_tokens': '4.849e+06', 'mean_token_accuracy': '0.9422', 'epoch': '1.319'}

 44%|███████████████████████████████████████████████████████▊                                                                       | 120/273 [13:24<15:58,  6.26s/it]
 44%|████████████████████████████████████████████████████████▎                                                                      | 121/273 [13:31<15:51,  6.26s/it]
 45%|████████████████████████████████████████████████████████▊                                                                      | 122/273 [13:37<15:43,  6.25s/it]
 45%|█████████████████████████████████████████████████████████▏                                                                     | 123/273 [13:43<15:39,  6.26s/it]
 45%|█████████████████████████████████████████████████████████▋                                                                     | 124/273 [13:49<15:31,  6.25s/it]
 46%|██████████████████████████████████████████████████████████▏                                                                    | 125/273 [13:55<15:18,  6.20s/it]
 46%|██████████████████████████████████████████████████████████▌                                                                    | 126/273 [14:02<15:12,  6.21s/it]
 47%|███████████████████████████████████████████████████████████                                                                    | 127/273 [14:08<15:06,  6.21s/it]
 47%|███████████████████████████████████████████████████████████▌                                                                   | 128/273 [14:14<14:56,  6.18s/it]
 47%|████████████████████████████████████████████████████████████                                                                   | 129/273 [14:20<14:53,  6.20s/it]
 48%|████████████████████████████████████████████████████████████▍                                                                  | 130/273 [14:26<14:48,  6.22s/it]
                                                                                                                                                                      
{'loss': '0.2302', 'grad_norm': '0.4339', 'learning_rate': '0.0001195', 'entropy': '0.2878', 'num_tokens': '5.252e+06', 'mean_token_accuracy': '0.9451', 'epoch': '1.429'}

 48%|████████████████████████████████████████████████████████████▍                                                                  | 130/273 [14:26<14:48,  6.22s/it]
 48%|████████████████████████████████████████████████████████████▉                                                                  | 131/273 [14:33<14:43,  6.22s/it]
 48%|█████████████████████████████████████████████████████████████▍                                                                 | 132/273 [14:39<14:38,  6.23s/it]
 49%|█████████████████████████████████████████████████████████████▊                                                                 | 133/273 [14:45<14:29,  6.21s/it]
 49%|██████████████████████████████████████████████████████████████▎                                                                | 134/273 [14:51<14:24,  6.22s/it]
 49%|██████████████████████████████████████████████████████████████▊                                                                | 135/273 [14:58<14:18,  6.22s/it]
 50%|███████████████████████████████████████████████████████████████▎                                                               | 136/273 [15:04<14:13,  6.23s/it]
 50%|███████████████████████████████████████████████████████████████▋                                                               | 137/273 [15:10<14:05,  6.22s/it]
 51%|████████████████████████████████████████████████████████████████▏                                                              | 138/273 [15:16<13:55,  6.19s/it]
 51%|████████████████████████████████████████████████████████████████▋                                                              | 139/273 [15:22<13:49,  6.19s/it]
 51%|█████████████████████████████████████████████████████████████████▏                                                             | 140/273 [15:28<13:40,  6.17s/it]
                                                                                                                                                                      
{'loss': '0.2246', 'grad_norm': '0.3509', 'learning_rate': '0.0001074', 'entropy': '0.2865', 'num_tokens': '5.654e+06', 'mean_token_accuracy': '0.9462', 'epoch': '1.538'}

 51%|█████████████████████████████████████████████████████████████████▏                                                             | 140/273 [15:28<13:40,  6.17s/it]
 52%|█████████████████████████████████████████████████████████████████▌                                                             | 141/273 [15:35<13:38,  6.20s/it]
 52%|██████████████████████████████████████████████████████████████████                                                             | 142/273 [15:41<13:34,  6.22s/it]
 52%|██████████████████████████████████████████████████████████████████▌                                                            | 143/273 [15:47<13:29,  6.23s/it]
 53%|██████████████████████████████████████████████████████████████████▉                                                            | 144/273 [15:53<13:24,  6.23s/it]
 53%|███████████████████████████████████████████████████████████████████▍                                                           | 145/273 [16:00<13:18,  6.24s/it]
 53%|███████████████████████████████████████████████████████████████████▉                                                           | 146/273 [16:06<13:12,  6.24s/it]
 54%|████████████████████████████████████████████████████████████████████▍                                                          | 147/273 [16:12<13:07,  6.25s/it]
 54%|████████████████████████████████████████████████████████████████████▊                                                          | 148/273 [16:19<13:01,  6.25s/it]
 55%|█████████████████████████████████████████████████████████████████████▎                                                         | 149/273 [16:25<12:55,  6.26s/it]
 55%|█████████████████████████████████████████████████████████████████████▊                                                         | 150/273 [16:31<12:48,  6.25s/it]
                                                                                                                                                                      
{'loss': '0.2196', 'grad_norm': '0.3192', 'learning_rate': '9.509e-05', 'entropy': '0.2796', 'num_tokens': '6.06e+06', 'mean_token_accuracy': '0.9476', 'epoch': '1.648'}

 55%|█████████████████████████████████████████████████████████████████████▊                                                         | 150/273 [16:31<12:48,  6.25s/it]

  0%|                                                                                                                                          | 0/11 [00:00<?, ?it/s][A

 18%|███████████████████████▋                                                                                                          | 2/11 [00:02<00:09,  1.06s/it][A

 27%|███████████████████████████████████▍                                                                                              | 3/11 [00:04<00:12,  1.51s/it][A

 36%|███████████████████████████████████████████████▎                                                                                  | 4/11 [00:06<00:12,  1.74s/it][A

 45%|███████████████████████████████████████████████████████████                                                                       | 5/11 [00:08<00:11,  1.88s/it][A

 55%|██████████████████████████████████████████████████████████████████████▉                                                           | 6/11 [00:10<00:09,  1.96s/it][A

 64%|██████████████████████████████████████████████████████████████████████████████████▋                                               | 7/11 [00:12<00:08,  2.01s/it][A

 73%|██████████████████████████████████████████████████████████████████████████████████████████████▌                                   | 8/11 [00:14<00:06,  2.05s/it][A

 82%|██████████████████████████████████████████████████████████████████████████████████████████████████████████▎                       | 9/11 [00:17<00:04,  2.08s/it][A

 91%|█████████████████████████████████████████████████████████████████████████████████████████████████████████████████████▎           | 10/11 [00:19<00:02,  2.09s/it][A

100%|█████████████████████████████████████████████████████████████████████████████████████████████████████████████████████████████████| 11/11 [00:19<00:00,  1.57s/it][A
                                                                                                                                                                      

                                                                                                                                                                      
[A{'eval_loss': '0.2093', 'eval_runtime': '21.71', 'eval_samples_per_second': '15.11', 'eval_steps_per_second': '0.507', 'eval_entropy': '0.2813', 'eval_num_tokens': '6.06e+06', 'eval_mean_token_accuracy': '0.9487', 'epoch': '1.648'}

 55%|█████████████████████████████████████████████████████████████████████▊                                                         | 150/273 [16:53<12:48,  6.25s/it]

100%|█████████████████████████████████████████████████████████████████████████████████████████████████████████████████████████████████| 11/11 [00:19<00:00,  1.57s/it][A

                                                                                                                                                                      [A
 55%|██████████████████████████████████████████████████████████████████████▏                                                        | 151/273 [16:59<25:56, 12.76s/it]
 56%|██████████████████████████████████████████████████████████████████████▋                                                        | 152/273 [17:05<21:42, 10.77s/it]
 56%|███████████████████████████████████████████████████████████████████████▏                                                       | 153/273 [17:11<18:49,  9.41s/it]
 56%|███████████████████████████████████████████████████████████████████████▋                                                       | 154/273 [17:18<16:46,  8.46s/it]
 57%|████████████████████████████████████████████████████████████████████████                                                       | 155/273 [17:24<15:20,  7.80s/it]
 57%|████████████████████████████████████████████████████████████████████████▌                                                      | 156/273 [17:30<14:17,  7.33s/it]
 58%|█████████████████████████████████████████████████████████████████████████                                                      | 157/273 [17:36<13:32,  7.00s/it]
 58%|█████████████████████████████████████████████████████████████████████████▌                                                     | 158/273 [17:43<12:59,  6.78s/it]
 58%|█████████████████████████████████████████████████████████████████████████▉                                                     | 159/273 [17:49<12:34,  6.62s/it]
 59%|██████████████████████████████████████████████████████████████████████████▍                                                    | 160/273 [17:55<12:16,  6.52s/it]
                                                                                                                                                                      
{'loss': '0.2183', 'grad_norm': '0.305', 'learning_rate': '8.29e-05', 'entropy': '0.2826', 'num_tokens': '6.465e+06', 'mean_token_accuracy': '0.9479', 'epoch': '1.758'}

 59%|██████████████████████████████████████████████████████████████████████████▍                                                    | 160/273 [17:55<12:16,  6.52s/it]
 59%|██████████████████████████████████████████████████████████████████████████▉                                                    | 161/273 [18:01<12:01,  6.44s/it]
 59%|███████████████████████████████████████████████████████████████████████████▎                                                   | 162/273 [18:08<11:48,  6.38s/it]
 60%|███████████████████████████████████████████████████████████████████████████▊                                                   | 163/273 [18:14<11:37,  6.34s/it]
 60%|████████████████████████████████████████████████████████████████████████████▎                                                  | 164/273 [18:20<11:28,  6.32s/it]
 60%|████████████████████████████████████████████████████████████████████████████▊                                                  | 165/273 [18:26<11:16,  6.27s/it]
 61%|█████████████████████████████████████████████████████████████████████████████▏                                                 | 166/273 [18:32<11:09,  6.26s/it]
 61%|█████████████████████████████████████████████████████████████████████████████▋                                                 | 167/273 [18:39<11:03,  6.26s/it]
 62%|██████████████████████████████████████████████████████████████████████████████▏                                                | 168/273 [18:45<10:56,  6.25s/it]
 62%|██████████████████████████████████████████████████████████████████████████████▌                                                | 169/273 [18:51<10:49,  6.25s/it]
 62%|███████████████████████████████████████████████████████████████████████████████                                                | 170/273 [18:57<10:43,  6.25s/it]
                                                                                                                                                                      
{'loss': '0.2058', 'grad_norm': '0.3011', 'learning_rate': '7.097e-05', 'entropy': '0.2654', 'num_tokens': '6.87e+06', 'mean_token_accuracy': '0.951', 'epoch': '1.868'}

 62%|███████████████████████████████████████████████████████████████████████████████                                                | 170/273 [18:57<10:43,  6.25s/it]
 63%|███████████████████████████████████████████████████████████████████████████████▌                                               | 171/273 [19:04<10:34,  6.22s/it]
 63%|████████████████████████████████████████████████████████████████████████████████                                               | 172/273 [19:10<10:28,  6.22s/it]
 63%|████████████████████████████████████████████████████████████████████████████████▍                                              | 173/273 [19:16<10:24,  6.25s/it]
 64%|████████████████████████████████████████████████████████████████████████████████▉                                              | 174/273 [19:22<10:19,  6.26s/it]
 64%|█████████████████████████████████████████████████████████████████████████████████▍                                             | 175/273 [19:29<10:12,  6.25s/it]
 64%|█████████████████████████████████████████████████████████████████████████████████▉                                             | 176/273 [19:35<10:05,  6.24s/it]
 65%|██████████████████████████████████████████████████████████████████████████████████▎                                            | 177/273 [19:41<10:00,  6.25s/it]
 65%|██████████████████████████████████████████████████████████████████████████████████▊                                            | 178/273 [19:47<09:54,  6.25s/it]
 66%|███████████████████████████████████████████████████████████████████████████████████▎                                           | 179/273 [19:54<09:48,  6.26s/it]
 66%|███████████████████████████████████████████████████████████████████████████████████▋                                           | 180/273 [20:00<09:42,  6.26s/it]
                                                                                                                                                                      
{'loss': '0.202', 'grad_norm': '0.5151', 'learning_rate': '5.948e-05', 'entropy': '0.2599', 'num_tokens': '7.275e+06', 'mean_token_accuracy': '0.9523', 'epoch': '1.978'}

 66%|███████████████████████████████████████████████████████████████████████████████████▋                                           | 180/273 [20:00<09:42,  6.26s/it]
 66%|████████████████████████████████████████████████████████████████████████████████████▏                                          | 181/273 [20:06<09:35,  6.26s/it]
 67%|████████████████████████████████████████████████████████████████████████████████████▋                                          | 182/273 [20:11<08:55,  5.88s/it]
 67%|█████████████████████████████████████████████████████████████████████████████████████▏                                         | 183/273 [20:17<08:59,  6.00s/it]
 67%|█████████████████████████████████████████████████████████████████████████████████████▌                                         | 184/273 [20:24<09:00,  6.08s/it]
 68%|██████████████████████████████████████████████████████████████████████████████████████                                         | 185/273 [20:30<09:00,  6.14s/it]
 68%|██████████████████████████████████████████████████████████████████████████████████████▌                                        | 186/273 [20:36<08:57,  6.18s/it]
 68%|██████████████████████████████████████████████████████████████████████████████████████▉                                        | 187/273 [20:43<08:53,  6.20s/it]
 69%|███████████████████████████████████████████████████████████████████████████████████████▍                                       | 188/273 [20:49<08:48,  6.22s/it]
 69%|███████████████████████████████████████████████████████████████████████████████████████▉                                       | 189/273 [20:55<08:42,  6.23s/it]
 70%|████████████████████████████████████████████████████████████████████████████████████████▍                                      | 190/273 [21:01<08:37,  6.23s/it]
                                                                                                                                                                      
{'loss': '0.1894', 'grad_norm': '0.3302', 'learning_rate': '4.859e-05', 'entropy': '0.2487', 'num_tokens': '7.673e+06', 'mean_token_accuracy': '0.9546', 'epoch': '2.088'}

 70%|████████████████████████████████████████████████████████████████████████████████████████▍                                      | 190/273 [21:01<08:37,  6.23s/it]
 70%|████████████████████████████████████████████████████████████████████████████████████████▊                                      | 191/273 [21:08<08:31,  6.24s/it]
 70%|█████████████████████████████████████████████████████████████████████████████████████████▎                                     | 192/273 [21:14<08:25,  6.24s/it]
 71%|█████████████████████████████████████████████████████████████████████████████████████████▊                                     | 193/273 [21:20<08:19,  6.25s/it]
 71%|██████████████████████████████████████████████████████████████████████████████████████████▏                                    | 194/273 [21:26<08:14,  6.26s/it]
 71%|██████████████████████████████████████████████████████████████████████████████████████████▋                                    | 195/273 [21:33<08:05,  6.23s/it]
 72%|███████████████████████████████████████████████████████████████████████████████████████████▏                                   | 196/273 [21:39<07:59,  6.23s/it]
 72%|███████████████████████████████████████████████████████████████████████████████████████████▋                                   | 197/273 [21:45<07:54,  6.24s/it]
 73%|████████████████████████████████████████████████████████████████████████████████████████████                                   | 198/273 [21:51<07:48,  6.24s/it]
 73%|████████████████████████████████████████████████████████████████████████████████████████████▌                                  | 199/273 [21:58<07:42,  6.25s/it]
 73%|█████████████████████████████████████████████████████████████████████████████████████████████                                  | 200/273 [22:04<07:36,  6.26s/it]
                                                                                                                                                                      
{'loss': '0.1801', 'grad_norm': '0.2834', 'learning_rate': '3.848e-05', 'entropy': '0.2382', 'num_tokens': '8.079e+06', 'mean_token_accuracy': '0.9564', 'epoch': '2.198'}

 73%|█████████████████████████████████████████████████████████████████████████████████████████████                                  | 200/273 [22:04<07:36,  6.26s/it]

  0%|                                                                                                                                          | 0/11 [00:00<?, ?it/s][A

 18%|███████████████████████▋                                                                                                          | 2/11 [00:02<00:09,  1.06s/it][A

 27%|███████████████████████████████████▍                                                                                              | 3/11 [00:04<00:12,  1.51s/it][A

 36%|███████████████████████████████████████████████▎                                                                                  | 4/11 [00:06<00:12,  1.74s/it][A

 45%|███████████████████████████████████████████████████████████                                                                       | 5/11 [00:08<00:11,  1.88s/it][A

 55%|██████████████████████████████████████████████████████████████████████▉                                                           | 6/11 [00:10<00:09,  1.96s/it][A

 64%|██████████████████████████████████████████████████████████████████████████████████▋                                               | 7/11 [00:12<00:08,  2.00s/it][A

 73%|██████████████████████████████████████████████████████████████████████████████████████████████▌                                   | 8/11 [00:14<00:06,  2.05s/it][A

 82%|██████████████████████████████████████████████████████████████████████████████████████████████████████████▎                       | 9/11 [00:17<00:04,  2.08s/it][A

 91%|█████████████████████████████████████████████████████████████████████████████████████████████████████████████████████▎           | 10/11 [00:19<00:02,  2.09s/it][A

100%|█████████████████████████████████████████████████████████████████████████████████████████████████████████████████████████████████| 11/11 [00:19<00:00,  1.57s/it][A
                                                                                                                                                                      

                                                                                                                                                                      
[A{'eval_loss': '0.1955', 'eval_runtime': '21.7', 'eval_samples_per_second': '15.11', 'eval_steps_per_second': '0.507', 'eval_entropy': '0.2468', 'eval_num_tokens': '8.079e+06', 'eval_mean_token_accuracy': '0.952', 'epoch': '2.198'}

 73%|█████████████████████████████████████████████████████████████████████████████████████████████                                  | 200/273 [22:26<07:36,  6.26s/it]

100%|█████████████████████████████████████████████████████████████████████████████████████████████████████████████████████████████████| 11/11 [00:19<00:00,  1.57s/it][A

                                                                                                                                                                      [A17:12:38 INFO: HTTP Request: HEAD https://huggingface.co/ibm-granite/granite-4.0-h-micro/resolve/main/config.json "HTTP/1.1 307 Temporary Redirect"
17:12:38 INFO: HTTP Request: HEAD https://huggingface.co/api/resolve-cache/models/ibm-granite/granite-4.0-h-micro/d5f01a3ea75f088947be3aae039f4ad52837dfde/config.json "HTTP/1.1 200 OK"
17:12:38 INFO: HTTP Request: HEAD https://huggingface.co/ibm-granite/granite-4.0-h-micro/resolve/main/config.json "HTTP/1.1 307 Temporary Redirect"
17:12:38 INFO: HTTP Request: HEAD https://huggingface.co/api/resolve-cache/models/ibm-granite/granite-4.0-h-micro/d5f01a3ea75f088947be3aae039f4ad52837dfde/config.json "HTTP/1.1 200 OK"

 74%|█████████████████████████████████████████████████████████████████████████████████████████████▌                                 | 201/273 [22:32<15:29, 12.91s/it]
 74%|█████████████████████████████████████████████████████████████████████████████████████████████▉                                 | 202/273 [22:38<12:54, 10.91s/it]
 74%|██████████████████████████████████████████████████████████████████████████████████████████████▍                                | 203/273 [22:45<11:06,  9.52s/it]
 75%|██████████████████████████████████████████████████████████████████████████████████████████████▉                                | 204/273 [22:51<09:48,  8.53s/it]
 75%|███████████████████████████████████████████████████████████████████████████████████████████████▎                               | 205/273 [22:57<08:54,  7.85s/it]
 75%|███████████████████████████████████████████████████████████████████████████████████████████████▊                               | 206/273 [23:03<08:13,  7.37s/it]
 76%|████████████████████████████████████████████████████████████████████████████████████████████████▎                              | 207/273 [23:10<07:44,  7.04s/it]
 76%|████████████████████████████████████████████████████████████████████████████████████████████████▊                              | 208/273 [23:16<07:22,  6.80s/it]
 77%|█████████████████████████████████████████████████████████████████████████████████████████████████▏                             | 209/273 [23:22<07:04,  6.64s/it]
 77%|█████████████████████████████████████████████████████████████████████████████████████████████████▋                             | 210/273 [23:29<06:50,  6.52s/it]
                                                                                                                                                                      
{'loss': '0.1857', 'grad_norm': '0.2493', 'learning_rate': '2.929e-05', 'entropy': '0.2469', 'num_tokens': '8.485e+06', 'mean_token_accuracy': '0.9548', 'epoch': '2.308'}

 77%|█████████████████████████████████████████████████████████████████████████████████████████████████▋                             | 210/273 [23:29<06:50,  6.52s/it]
 77%|██████████████████████████████████████████████████████████████████████████████████████████████████▏                            | 211/273 [23:35<06:39,  6.44s/it]
 78%|██████████████████████████████████████████████████████████████████████████████████████████████████▌                            | 212/273 [23:41<06:29,  6.38s/it]
 78%|███████████████████████████████████████████████████████████████████████████████████████████████████                            | 213/273 [23:47<06:19,  6.33s/it]
 78%|███████████████████████████████████████████████████████████████████████████████████████████████████▌                           | 214/273 [23:53<06:10,  6.27s/it]
 79%|████████████████████████████████████████████████████████████████████████████████████████████████████                           | 215/273 [24:00<06:03,  6.27s/it]
 79%|████████████████████████████████████████████████████████████████████████████████████████████████████▍                          | 216/273 [24:06<05:55,  6.25s/it]
 79%|████████████████████████████████████████████████████████████████████████████████████████████████████▉                          | 217/273 [24:12<05:49,  6.24s/it]
 80%|█████████████████████████████████████████████████████████████████████████████████████████████████████▍                         | 218/273 [24:18<05:43,  6.24s/it]
 80%|█████████████████████████████████████████████████████████████████████████████████████████████████████▉                         | 219/273 [24:24<05:35,  6.22s/it]
 81%|██████████████████████████████████████████████████████████████████████████████████████████████████████▎                        | 220/273 [24:31<05:29,  6.23s/it]
                                                                                                                                                                      
{'loss': '0.1873', 'grad_norm': '0.4723', 'learning_rate': '2.117e-05', 'entropy': '0.2505', 'num_tokens': '8.888e+06', 'mean_token_accuracy': '0.9541', 'epoch': '2.418'}

 81%|██████████████████████████████████████████████████████████████████████████████████████████████████████▎                        | 220/273 [24:31<05:29,  6.23s/it]
 81%|██████████████████████████████████████████████████████████████████████████████████████████████████████▊                        | 221/273 [24:37<05:23,  6.23s/it]
 81%|███████████████████████████████████████████████████████████████████████████████████████████████████████▎                       | 222/273 [24:43<05:17,  6.23s/it]
 82%|███████████████████████████████████████████████████████████████████████████████████████████████████████▋                       | 223/273 [24:49<05:10,  6.21s/it]
 82%|████████████████████████████████████████████████████████████████████████████████████████████████████████▏                      | 224/273 [24:56<05:05,  6.23s/it]
 82%|████████████████████████████████████████████████████████████████████████████████████████████████████████▋                      | 225/273 [25:02<04:59,  6.24s/it]
 83%|█████████████████████████████████████████████████████████████████████████████████████████████████████████▏                     | 226/273 [25:08<04:53,  6.25s/it]
 83%|█████████████████████████████████████████████████████████████████████████████████████████████████████████▌                     | 227/273 [25:14<04:47,  6.25s/it]
 84%|██████████████████████████████████████████████████████████████████████████████████████████████████████████                     | 228/273 [25:21<04:40,  6.24s/it]
 84%|██████████████████████████████████████████████████████████████████████████████████████████████████████████▌                    | 229/273 [25:27<04:35,  6.26s/it]
 84%|██████████████████████████████████████████████████████████████████████████████████████████████████████████▉                    | 230/273 [25:33<04:28,  6.26s/it]
                                                                                                                                                                      
{'loss': '0.1805', 'grad_norm': '0.5223', 'learning_rate': '1.423e-05', 'entropy': '0.2387', 'num_tokens': '9.293e+06', 'mean_token_accuracy': '0.956', 'epoch': '2.527'}

 84%|██████████████████████████████████████████████████████████████████████████████████████████████████████████▉                    | 230/273 [25:33<04:28,  6.26s/it]
 85%|███████████████████████████████████████████████████████████████████████████████████████████████████████████▍                   | 231/273 [25:39<04:22,  6.26s/it]
 85%|███████████████████████████████████████████████████████████████████████████████████████████████████████████▉                   | 232/273 [25:46<04:16,  6.26s/it]
 85%|████████████████████████████████████████████████████████████████████████████████████████████████████████████▍                  | 233/273 [25:52<04:10,  6.25s/it]
 86%|████████████████████████████████████████████████████████████████████████████████████████████████████████████▊                  | 234/273 [25:58<04:03,  6.25s/it]
 86%|█████████████████████████████████████████████████████████████████████████████████████████████████████████████▎                 | 235/273 [26:04<03:58,  6.26s/it]
 86%|█████████████████████████████████████████████████████████████████████████████████████████████████████████████▊                 | 236/273 [26:11<03:51,  6.26s/it]
 87%|██████████████████████████████████████████████████████████████████████████████████████████████████████████████▎                | 237/273 [26:17<03:45,  6.26s/it]
 87%|██████████████████████████████████████████████████████████████████████████████████████████████████████████████▋                | 238/273 [26:23<03:39,  6.26s/it]
 88%|███████████████████████████████████████████████████████████████████████████████████████████████████████████████▏               | 239/273 [26:29<03:32,  6.26s/it]
 88%|███████████████████████████████████████████████████████████████████████████████████████████████████████████████▋               | 240/273 [26:35<03:23,  6.17s/it]
                                                                                                                                                                      
{'loss': '0.1806', 'grad_norm': '0.5077', 'learning_rate': '8.579e-06', 'entropy': '0.2421', 'num_tokens': '9.697e+06', 'mean_token_accuracy': '0.9564', 'epoch': '2.637'}

 88%|███████████████████████████████████████████████████████████████████████████████████████████████████████████████▋               | 240/273 [26:35<03:23,  6.17s/it]
 88%|████████████████████████████████████████████████████████████████████████████████████████████████████████████████               | 241/273 [26:42<03:18,  6.20s/it]
 89%|████████████████████████████████████████████████████████████████████████████████████████████████████████████████▌              | 242/273 [26:48<03:12,  6.21s/it]
 89%|█████████████████████████████████████████████████████████████████████████████████████████████████████████████████              | 243/273 [26:54<03:06,  6.22s/it]
 89%|█████████████████████████████████████████████████████████████████████████████████████████████████████████████████▌             | 244/273 [27:00<03:00,  6.23s/it]
 90%|█████████████████████████████████████████████████████████████████████████████████████████████████████████████████▉             | 245/273 [27:07<02:54,  6.23s/it]
 90%|██████████████████████████████████████████████████████████████████████████████████████████████████████████████████▍            | 246/273 [27:13<02:48,  6.23s/it]
 90%|██████████████████████████████████████████████████████████████████████████████████████████████████████████████████▉            | 247/273 [27:19<02:42,  6.23s/it]
 91%|███████████████████████████████████████████████████████████████████████████████████████████████████████████████████▎           | 248/273 [27:25<02:36,  6.25s/it]
 91%|███████████████████████████████████████████████████████████████████████████████████████████████████████████████████▊           | 249/273 [27:32<02:30,  6.25s/it]
 92%|████████████████████████████████████████████████████████████████████████████████████████████████████████████████████▎          | 250/273 [27:38<02:22,  6.21s/it]
                                                                                                                                                                      
{'loss': '0.1835', 'grad_norm': '0.4652', 'learning_rate': '4.306e-06', 'entropy': '0.2455', 'num_tokens': '1.01e+07', 'mean_token_accuracy': '0.9551', 'epoch': '2.747'}

 92%|████████████████████████████████████████████████████████████████████████████████████████████████████████████████████▎          | 250/273 [27:38<02:22,  6.21s/it]

  0%|                                                                                                                                          | 0/11 [00:00<?, ?it/s][A

 18%|███████████████████████▋                                                                                                          | 2/11 [00:02<00:09,  1.06s/it][A

 27%|███████████████████████████████████▍                                                                                              | 3/11 [00:04<00:12,  1.51s/it][A

 36%|███████████████████████████████████████████████▎                                                                                  | 4/11 [00:06<00:12,  1.74s/it][A

 45%|███████████████████████████████████████████████████████████                                                                       | 5/11 [00:08<00:11,  1.88s/it][A

 55%|██████████████████████████████████████████████████████████████████████▉                                                           | 6/11 [00:10<00:09,  1.96s/it][A

 64%|██████████████████████████████████████████████████████████████████████████████████▋                                               | 7/11 [00:12<00:08,  2.00s/it][A

 73%|██████████████████████████████████████████████████████████████████████████████████████████████▌                                   | 8/11 [00:14<00:06,  2.05s/it][A

 82%|██████████████████████████████████████████████████████████████████████████████████████████████████████████▎                       | 9/11 [00:17<00:04,  2.08s/it][A

 91%|█████████████████████████████████████████████████████████████████████████████████████████████████████████████████████▎           | 10/11 [00:19<00:02,  2.09s/it][A

100%|█████████████████████████████████████████████████████████████████████████████████████████████████████████████████████████████████| 11/11 [00:19<00:00,  1.57s/it][A
                                                                                                                                                                      

                                                                                                                                                                      
[A{'eval_loss': '0.1915', 'eval_runtime': '21.71', 'eval_samples_per_second': '15.11', 'eval_steps_per_second': '0.507', 'eval_entropy': '0.2444', 'eval_num_tokens': '1.01e+07', 'eval_mean_token_accuracy': '0.9529', 'epoch': '2.747'}

 92%|████████████████████████████████████████████████████████████████████████████████████████████████████████████████████▎          | 250/273 [27:59<02:22,  6.21s/it]

100%|█████████████████████████████████████████████████████████████████████████████████████████████████████████████████████████████████| 11/11 [00:19<00:00,  1.57s/it][A

                                                                                                                                                                      [A
 92%|████████████████████████████████████████████████████████████████████████████████████████████████████████████████████▊          | 251/273 [28:06<04:40, 12.73s/it]
 92%|█████████████████████████████████████████████████████████████████████████████████████████████████████████████████████▏         | 252/273 [28:12<03:46, 10.79s/it]
 93%|█████████████████████████████████████████████████████████████████████████████████████████████████████████████████████▋         | 253/273 [28:18<03:08,  9.44s/it]
 93%|██████████████████████████████████████████████████████████████████████████████████████████████████████████████████████▏        | 254/273 [28:24<02:40,  8.45s/it]
 93%|██████████████████████████████████████████████████████████████████████████████████████████████████████████████████████▋        | 255/273 [28:31<02:20,  7.80s/it]
 94%|███████████████████████████████████████████████████████████████████████████████████████████████████████████████████████        | 256/273 [28:37<02:04,  7.33s/it]
 94%|███████████████████████████████████████████████████████████████████████████████████████████████████████████████████████▌       | 257/273 [28:43<01:52,  7.01s/it]
 95%|████████████████████████████████████████████████████████████████████████████████████████████████████████████████████████       | 258/273 [28:49<01:41,  6.79s/it]
 95%|████████████████████████████████████████████████████████████████████████████████████████████████████████████████████████▍      | 259/273 [28:56<01:32,  6.63s/it]
 95%|████████████████████████████████████████████████████████████████████████████████████████████████████████████████████████▉      | 260/273 [29:02<01:24,  6.52s/it]
                                                                                                                                                                      
{'loss': '0.1794', 'grad_norm': '0.3349', 'learning_rate': '1.472e-06', 'entropy': '0.2385', 'num_tokens': '1.051e+07', 'mean_token_accuracy': '0.9565', 'epoch': '2.857'}

 95%|████████████████████████████████████████████████████████████████████████████████████████████████████████████████████████▉      | 260/273 [29:02<01:24,  6.52s/it]
 96%|█████████████████████████████████████████████████████████████████████████████████████████████████████████████████████████▍     | 261/273 [29:08<01:16,  6.40s/it]
 96%|█████████████████████████████████████████████████████████████████████████████████████████████████████████████████████████▉     | 262/273 [29:14<01:10,  6.37s/it]
 96%|██████████████████████████████████████████████████████████████████████████████████████████████████████████████████████████▎    | 263/273 [29:21<01:03,  6.33s/it]
 97%|██████████████████████████████████████████████████████████████████████████████████████████████████████████████████████████▊    | 264/273 [29:26<00:55,  6.18s/it]
 97%|███████████████████████████████████████████████████████████████████████████████████████████████████████████████████████████▎   | 265/273 [29:33<00:49,  6.19s/it]
 97%|███████████████████████████████████████████████████████████████████████████████████████████████████████████████████████████▋   | 266/273 [29:39<00:43,  6.21s/it]
 98%|████████████████████████████████████████████████████████████████████████████████████████████████████████████████████████████▏  | 267/273 [29:45<00:37,  6.23s/it]
 98%|████████████████████████████████████████████████████████████████████████████████████████████████████████████████████████████▋  | 268/273 [29:52<00:31,  6.25s/it]
 99%|█████████████████████████████████████████████████████████████████████████████████████████████████████████████████████████████▏ | 269/273 [29:58<00:25,  6.25s/it]
 99%|█████████████████████████████████████████████████████████████████████████████████████████████████████████████████████████████▌ | 270/273 [30:04<00:18,  6.25s/it]
                                                                                                                                                                      
{'loss': '0.1804', 'grad_norm': '0.245', 'learning_rate': '1.205e-07', 'entropy': '0.2411', 'num_tokens': '1.091e+07', 'mean_token_accuracy': '0.9562', 'epoch': '2.967'}

 99%|█████████████████████████████████████████████████████████████████████████████████████████████████████████████████████████████▌ | 270/273 [30:04<00:18,  6.25s/it]
 99%|██████████████████████████████████████████████████████████████████████████████████████████████████████████████████████████████ | 271/273 [30:10<00:12,  6.26s/it]
100%|██████████████████████████████████████████████████████████████████████████████████████████████████████████████████████████████▌| 272/273 [30:16<00:06,  6.21s/it]
100%|███████████████████████████████████████████████████████████████████████████████████████████████████████████████████████████████| 273/273 [30:21<00:00,  5.87s/it]17:20:34 INFO: HTTP Request: HEAD https://huggingface.co/ibm-granite/granite-4.0-h-micro/resolve/main/config.json "HTTP/1.1 307 Temporary Redirect"
17:20:34 INFO: HTTP Request: HEAD https://huggingface.co/api/resolve-cache/models/ibm-granite/granite-4.0-h-micro/d5f01a3ea75f088947be3aae039f4ad52837dfde/config.json "HTTP/1.1 200 OK"
17:20:34 INFO: HTTP Request: HEAD https://huggingface.co/ibm-granite/granite-4.0-h-micro/resolve/main/config.json "HTTP/1.1 307 Temporary Redirect"
17:20:34 INFO: HTTP Request: HEAD https://huggingface.co/api/resolve-cache/models/ibm-granite/granite-4.0-h-micro/d5f01a3ea75f088947be3aae039f4ad52837dfde/config.json "HTTP/1.1 200 OK"

                                                                                                                                                                      
{'train_runtime': '1823', 'train_samples_per_second': '4.784', 'train_steps_per_second': '0.15', 'train_loss': '0.339', 'epoch': '3'}

100%|███████████████████████████████████████████████████████████████████████████████████████████████████████████████████████████████| 273/273 [30:22<00:00,  5.87s/it]
100%|███████████████████████████████████████████████████████████████████████████████████████████████████████████████████████████████| 273/273 [30:22<00:00,  6.68s/it]

--- SSM Parameter Snapshot (after) ---
  base_model.model.model.layers.0.mamba.A_log: mean=0.098837, std=0.206920, min=-0.652344, max=0.601562
  base_model.model.model.layers.0.mamba.D: mean=0.043846, std=0.024631, min=-0.071777, max=0.075195
  base_model.model.model.layers.0.mamba.dt_bias: mean=-4.106201, std=2.611501, min=-11.437500, max=4.312500
  base_model.model.model.layers.1.mamba.A_log: mean=-0.020863, std=0.108347, min=-0.213867, max=0.480469
  base_model.model.model.layers.1.mamba.D: mean=0.044766, std=0.032217, min=-0.001617, max=0.171875
  base_model.model.model.layers.1.mamba.dt_bias: mean=-0.994232, std=0.723481, min=-3.843750, max=0.718750
  base_model.model.model.layers.2.mamba.A_log: mean=0.014626, std=0.082361, min=-0.214844, max=0.211914
  base_model.model.model.layers.2.mamba.D: mean=0.024254, std=0.007785, min=0.006073, max=0.052979
  base_model.model.model.layers.2.mamba.dt_bias: mean=-6.320312, std=1.822878, min=-13.312500, max=-1.468750

============================================================
SSM Core Parameter Delta (Before vs After Training)
============================================================

  base_model.model.model.layers.0.mamba.A_log:
    before: mean=0.098756, std=0.206946
    after:  mean=0.098837, std=0.206920
    delta:  mean=0.00041175, max=0.00375366, changed=25.0%  [UPDATED ✓]

  base_model.model.model.layers.0.mamba.D:
    before: mean=0.044150, std=0.024491
    after:  mean=0.043846, std=0.024631
    delta:  mean=0.00052202, max=0.00476074, changed=39.1%  [UPDATED ✓]

  base_model.model.model.layers.0.mamba.dt_bias:
    before: mean=-4.106201, std=2.611501
    after:  mean=-4.106201, std=2.611501
    delta:  mean=0.00000000, max=0.00000000, changed=0.0%  [UNCHANGED ✗]

  base_model.model.model.layers.1.mamba.A_log:
    before: mean=-0.020718, std=0.108430
    after:  mean=-0.020863, std=0.108347
    delta:  mean=0.00056648, max=0.00329590, changed=40.6%  [UPDATED ✓]

  base_model.model.model.layers.1.mamba.D:
    before: mean=0.044446, std=0.032388
    after:  mean=0.044766, std=0.032217
    delta:  mean=0.00086302, max=0.00610352, changed=59.4%  [UPDATED ✓]

  base_model.model.model.layers.1.mamba.dt_bias:
    before: mean=-0.994232, std=0.723481
    after:  mean=-0.994232, std=0.723481
    delta:  mean=0.00000000, max=0.00000000, changed=0.0%  [UNCHANGED ✗]

  base_model.model.model.layers.2.mamba.A_log:
    before: mean=0.014685, std=0.082281
    after:  mean=0.014626, std=0.082361
    delta:  mean=0.00065140, max=0.00482178, changed=39.1%  [UPDATED ✓]

  base_model.model.model.layers.2.mamba.D:
    before: mean=0.024451, std=0.007436
    after:  mean=0.024254, std=0.007785
    delta:  mean=0.00133133, max=0.00531006, changed=92.2%  [UPDATED ✓]

  base_model.model.model.layers.2.mamba.dt_bias:
    before: mean=-6.320312, std=1.822878
    after:  mean=-6.320312, std=1.822878
    delta:  mean=0.00000000, max=0.00000000, changed=0.0%  [UNCHANGED ✗]

------------------------------------------------------------
RESULT: SSM core parameters UPDATED during training ✓
The model's state transition dynamics were domain-adapted.
============================================================

Saved to: /workspace/output_v4/assessos-mapping-20260228_165003/ssm_parameter_delta.txt
17:20:34 INFO: Saved 108 SSM core params to /workspace/output_v4/assessos-mapping-20260228_165003/final/ssm_core_params.pt (6,912 values)
17:20:34 INFO: HTTP Request: HEAD https://huggingface.co/ibm-granite/granite-4.0-h-micro/resolve/main/config.json "HTTP/1.1 307 Temporary Redirect"
17:20:34 INFO: HTTP Request: HEAD https://huggingface.co/api/resolve-cache/models/ibm-granite/granite-4.0-h-micro/d5f01a3ea75f088947be3aae039f4ad52837dfde/config.json "HTTP/1.1 200 OK"
17:20:34 INFO: HTTP Request: HEAD https://huggingface.co/ibm-granite/granite-4.0-h-micro/resolve/main/config.json "HTTP/1.1 307 Temporary Redirect"
17:20:34 INFO: HTTP Request: HEAD https://huggingface.co/api/resolve-cache/models/ibm-granite/granite-4.0-h-micro/d5f01a3ea75f088947be3aae039f4ad52837dfde/config.json "HTTP/1.1 200 OK"
17:20:34 INFO: Saved LoRA adapter to /workspace/output_v4/assessos-mapping-20260228_165003/final

  0%|                                                                                                                                          | 0/11 [00:00<?, ?it/s]
 18%|███████████████████████▋                                                                                                          | 2/11 [00:02<00:09,  1.06s/it]
 27%|███████████████████████████████████▍                                                                                              | 3/11 [00:04<00:12,  1.51s/it]
 36%|███████████████████████████████████████████████▎                                                                                  | 4/11 [00:06<00:12,  1.74s/it]
 45%|███████████████████████████████████████████████████████████                                                                       | 5/11 [00:08<00:11,  1.88s/it]
 55%|██████████████████████████████████████████████████████████████████████▉                                                           | 6/11 [00:10<00:09,  1.96s/it]
 64%|██████████████████████████████████████████████████████████████████████████████████▋                                               | 7/11 [00:12<00:08,  2.00s/it]
 73%|██████████████████████████████████████████████████████████████████████████████████████████████▌                                   | 8/11 [00:14<00:06,  2.05s/it]
 82%|██████████████████████████████████████████████████████████████████████████████████████████████████████████▎                       | 9/11 [00:17<00:04,  2.07s/it]
 91%|█████████████████████████████████████████████████████████████████████████████████████████████████████████████████████▎           | 10/11 [00:19<00:02,  2.08s/it]
100%|█████████████████████████████████████████████████████████████████████████████████████████████████████████████████████████████████| 11/11 [00:19<00:00,  1.57s/it]
100%|█████████████████████████████████████████████████████████████████████████████████████████████████████████████████████████████████| 11/11 [00:19<00:00,  1.78s/it]
17:20:56 INFO: Eval loss: 0.19550903141498566
17:20:56 INFO: Task 'mapping' training complete!
17:20:56 INFO: 
All training complete!
